Tenure,Iteration,Objective,Violations,Feasible
5,0,25,8474,False
5,1,25,8361,False
5,2,25,8244,False
5,3,25,8123,False
5,4,25,8002,False
5,5,25,7884,False
5,6,25,7758,False
5,7,25,7640,False
5,8,25,7512,False
5,9,25,7398,False
5,10,25,7283,False
5,11,26,7172,False
5,12,26,7059,False
5,13,26,6938,False
5,14,26,6822,False
5,15,27,6699,False
5,16,27,6577,False
5,17,27,6467,False
5,18,27,6363,False
5,19,27,6253,False
5,20,27,6136,False
5,21,27,6012,False
5,22,27,5908,False
5,23,27,5794,False
5,24,26,5675,False
5,25,26,5577,False
5,26,25,5463,False
5,27,25,5347,False
5,28,26,5235,False
5,29,26,5131,False
5,30,26,5039,False
5,31,26,4934,False
5,32,26,4820,False
5,33,26,4701,False
5,34,26,4580,False
5,35,26,4499,False
5,36,26,4380,False
5,37,27,4271,False
5,38,27,4188,False
5,39,27,4097,False
5,40,27,3985,False
5,41,27,3904,False
5,42,27,3824,False
5,43,27,3711,False
5,44,27,3597,False
5,45,27,3488,False
5,46,27,3388,False
5,47,27,3300,False
5,48,27,3224,False
5,49,27,3159,False
5,50,27,3070,False
5,51,27,2980,False
5,52,27,2901,False
5,53,27,2843,False
5,54,27,2789,False
5,55,27,2739,False
5,56,27,2656,False
5,57,27,2600,False
5,58,27,2523,False
5,59,27,2442,False
5,60,27,2368,False
5,61,27,2311,False
5,62,28,2241,False
5,63,28,2171,False
5,64,28,2114,False
5,65,27,2058,False
5,66,27,2005,False
5,67,27,1952,False
5,68,27,1891,False
5,69,27,1840,False
5,70,27,1785,False
5,71,28,1730,False
5,72,28,1675,False
5,73,28,1621,False
5,74,28,1571,False
5,75,28,1519,False
5,76,28,1465,False
5,77,28,1412,False
5,78,28,1360,False
5,79,28,1305,False
5,80,28,1255,False
5,81,28,1205,False
5,82,28,1144,False
5,83,28,1093,False
5,84,28,1045,False
5,85,28,1001,False
5,86,28,953,False
5,87,28,900,False
5,88,28,855,False
5,89,29,807,False
5,90,29,763,False
5,91,30,719,False
5,92,30,673,False
5,93,30,623,False
5,94,30,575,False
5,95,30,533,False
5,96,30,495,False
5,97,29,448,False
5,98,29,406,False
5,99,29,361,False
5,100,29,322,False
5,101,30,280,False
5,102,30,261,False
5,103,30,246,False
5,104,30,200,False
5,105,30,161,False
5,106,30,126,False
5,107,30,89,False
5,108,30,78,False
5,109,30,72,False
5,110,30,62,False
5,111,30,46,False
5,112,30,37,False
5,113,30,31,False
5,114,30,25,False
5,115,30,19,False
5,116,30,14,False
5,117,30,11,False
5,118,30,7,False
5,119,30,4,False
5,120,30,3,False
5,121,30,2,False
5,122,30,0,True
5,123,30,0,True
5,124,30,0,True
5,125,30,0,True
5,126,30,0,True
5,127,29,0,True
5,128,29,0,True
5,129,29,0,True
5,130,29,0,True
5,131,29,0,True
5,132,29,0,True
5,133,29,0,True
5,134,28,0,True
5,135,28,0,True
5,136,28,0,True
5,137,28,0,True
5,138,28,0,True
5,139,28,0,True
5,140,27,0,True
5,141,27,0,True
5,142,27,0,True
5,143,27,0,True
5,144,27,0,True
5,145,27,0,True
5,146,27,0,True
5,147,27,0,True
5,148,26,0,True
5,149,26,0,True
5,150,26,0,True
5,151,26,0,True
5,152,26,0,True
5,153,26,0,True
5,154,26,0,True
5,155,26,0,True
5,156,26,0,True
5,157,26,0,True
5,158,26,0,True
5,159,26,0,True
5,160,26,0,True
5,161,26,0,True
5,162,26,0,True
5,163,26,0,True
5,164,25,0,True
5,165,25,0,True
5,166,25,0,True
5,167,25,0,True
5,168,25,0,True
5,169,25,0,True
5,170,25,0,True
5,171,25,0,True
5,172,25,0,True
5,173,25,0,True
5,174,25,0,True
5,175,25,0,True
5,176,25,0,True
5,177,25,0,True
5,178,25,0,True
5,179,25,0,True
5,180,25,0,True
5,181,25,0,True
5,182,25,0,True
5,183,25,0,True
5,184,25,0,True
5,185,25,0,True
5,186,25,0,True
5,187,25,0,True
5,188,25,0,True
5,189,25,0,True
5,190,25,0,True
5,191,24,0,True
5,192,24,0,True
5,193,24,0,True
5,194,24,0,True
5,195,24,0,True
5,196,24,0,True
5,197,24,0,True
5,198,24,0,True
5,199,24,0,True
5,200,24,0,True
5,201,24,0,True
5,202,24,0,True
5,203,24,0,True
5,204,24,0,True
5,205,24,0,True
5,206,24,0,True
5,207,24,0,True
5,208,24,0,True
5,209,24,0,True
5,210,24,0,True
5,211,24,0,True
5,212,24,0,True
5,213,24,0,True
5,214,24,0,True
5,215,24,0,True
5,216,24,0,True
5,217,24,0,True
5,218,24,0,True
5,219,24,0,True
5,220,24,0,True
5,221,24,0,True
5,222,24,0,True
5,223,24,0,True
5,224,24,0,True
5,225,24,0,True
5,226,24,0,True
5,227,24,0,True
5,228,24,0,True
5,229,24,0,True
5,230,24,0,True
5,231,24,0,True
5,232,24,0,True
5,233,24,0,True
5,234,24,0,True
5,235,24,0,True
5,236,23,0,True
5,237,23,0,True
5,238,23,0,True
5,239,23,0,True
5,240,23,0,True
5,241,23,0,True
5,242,23,0,True
5,243,23,0,True
5,244,23,0,True
5,245,23,0,True
5,246,23,0,True
5,247,23,0,True
5,248,23,0,True
5,249,23,0,True
5,250,23,0,True
5,251,23,0,True
5,252,23,0,True
5,253,23,0,True
5,254,23,0,True
5,255,23,0,True
5,256,23,0,True
5,257,23,0,True
5,258,23,0,True
5,259,23,0,True
5,260,23,0,True
5,261,23,0,True
5,262,23,0,True
5,263,23,0,True
5,264,23,0,True
5,265,23,0,True
5,266,23,0,True
5,267,23,0,True
5,268,23,0,True
5,269,23,0,True
5,270,23,0,True
5,271,23,0,True
5,272,23,0,True
5,273,23,0,True
5,274,23,0,True
5,275,23,0,True
5,276,23,0,True
5,277,23,0,True
5,278,23,0,True
5,279,23,0,True
5,280,23,0,True
5,281,23,0,True
5,282,23,0,True
5,283,23,0,True
5,284,23,0,True
5,285,23,0,True
5,286,23,0,True
5,287,23,0,True
5,288,23,0,True
5,289,23,0,True
5,290,23,0,True
5,291,23,0,True
5,292,22,0,True
5,293,22,0,True
5,294,22,0,True
5,295,22,0,True
5,296,22,0,True
5,297,22,0,True
5,298,22,0,True
5,299,22,0,True
5,300,22,0,True
5,301,22,0,True
5,302,22,0,True
5,303,22,0,True
5,304,22,0,True
5,305,22,0,True
5,306,22,0,True
5,307,22,0,True
5,308,22,0,True
5,309,22,0,True
5,310,22,0,True
5,311,22,0,True
5,312,22,0,True
5,313,22,0,True
5,314,22,0,True
5,315,22,0,True
5,316,22,0,True
5,317,22,0,True
5,318,22,0,True
5,319,22,0,True
5,320,22,0,True
5,321,22,0,True
5,322,22,0,True
5,323,22,0,True
5,324,22,0,True
5,325,22,0,True
5,326,22,0,True
5,327,22,0,True
5,328,22,0,True
5,329,22,0,True
5,330,22,0,True
5,331,22,0,True
5,332,22,0,True
5,333,22,0,True
5,334,22,0,True
5,335,22,0,True
5,336,22,0,True
5,337,22,0,True
5,338,22,0,True
5,339,22,0,True
5,340,22,0,True
5,341,22,0,True
5,342,22,0,True
5,343,22,0,True
5,344,22,0,True
5,345,22,0,True
5,346,22,0,True
5,347,22,0,True
5,348,22,0,True
5,349,22,0,True
5,350,22,0,True
5,351,22,0,True
5,352,22,0,True
5,353,22,0,True
5,354,22,0,True
5,355,22,0,True
5,356,22,0,True
5,357,22,0,True
5,358,22,0,True
5,359,22,0,True
5,360,22,0,True
5,361,22,0,True
5,362,22,0,True
5,363,22,0,True
5,364,22,0,True
5,365,22,0,True
5,366,22,0,True
5,367,22,0,True
5,368,22,0,True
5,369,22,0,True
5,370,22,0,True
5,371,22,0,True
5,372,22,0,True
5,373,21,0,True
5,374,21,0,True
5,375,21,0,True
5,376,21,0,True
5,377,21,0,True
5,378,21,0,True
5,379,21,0,True
5,380,21,0,True
5,381,21,0,True
5,382,21,0,True
5,383,21,0,True
5,384,21,0,True
5,385,21,0,True
5,386,21,0,True
5,387,21,0,True
5,388,21,0,True
5,389,21,0,True
5,390,21,0,True
5,391,21,0,True
5,392,21,0,True
5,393,21,0,True
5,394,21,0,True
5,395,21,0,True
5,396,21,0,True
5,397,21,0,True
5,398,21,0,True
5,399,21,0,True
5,400,21,0,True
5,401,21,0,True
5,402,21,0,True
5,403,21,0,True
5,404,21,0,True
5,405,21,0,True
5,406,21,0,True
5,407,21,0,True
5,408,21,0,True
5,409,21,0,True
5,410,21,0,True
5,411,21,0,True
5,412,21,0,True
5,413,21,0,True
5,414,21,0,True
5,415,21,0,True
5,416,21,0,True
5,417,21,0,True
5,418,21,0,True
5,419,21,0,True
5,420,21,0,True
5,421,21,0,True
5,422,21,0,True
5,423,21,0,True
5,424,21,0,True
5,425,21,0,True
5,426,21,0,True
5,427,21,0,True
5,428,21,0,True
5,429,21,0,True
5,430,21,0,True
5,431,21,0,True
5,432,21,0,True
5,433,21,0,True
5,434,21,0,True
5,435,21,0,True
5,436,21,0,True
5,437,21,0,True
5,438,21,0,True
5,439,21,0,True
5,440,21,0,True
5,441,21,0,True
5,442,21,0,True
5,443,21,0,True
5,444,21,0,True
5,445,21,0,True
5,446,21,0,True
5,447,21,0,True
5,448,21,0,True
5,449,21,0,True
5,450,21,0,True
5,451,21,0,True
5,452,21,0,True
5,453,21,0,True
5,454,21,0,True
5,455,21,0,True
5,456,21,0,True
5,457,21,0,True
5,458,21,0,True
5,459,21,0,True
5,460,21,0,True
5,461,21,0,True
5,462,21,0,True
5,463,21,0,True
5,464,21,0,True
5,465,21,0,True
5,466,21,0,True
5,467,21,0,True
5,468,21,0,True
5,469,21,0,True
5,470,21,0,True
5,471,21,0,True
5,472,21,0,True
5,473,21,0,True
5,474,21,0,True
5,475,21,0,True
5,476,20,0,True
5,477,20,0,True
5,478,20,0,True
5,479,20,0,True
5,480,20,0,True
5,481,20,0,True
5,482,20,0,True
5,483,20,0,True
5,484,20,0,True
5,485,20,0,True
5,486,20,0,True
5,487,20,0,True
5,488,20,0,True
5,489,20,0,True
5,490,20,0,True
5,491,20,0,True
5,492,20,0,True
5,493,20,0,True
5,494,20,0,True
5,495,20,0,True
5,496,20,0,True
5,497,20,0,True
5,498,20,0,True
5,499,20,0,True
5,500,20,0,True
5,501,20,0,True
5,502,20,0,True
5,503,20,0,True
5,504,20,0,True
5,505,20,0,True
5,506,20,0,True
5,507,20,0,True
5,508,20,0,True
5,509,20,0,True
5,510,20,0,True
5,511,20,0,True
5,512,20,0,True
5,513,20,0,True
5,514,20,0,True
5,515,20,0,True
5,516,20,0,True
5,517,20,0,True
5,518,20,0,True
5,519,20,0,True
5,520,20,0,True
5,521,20,0,True
5,522,20,0,True
5,523,20,0,True
5,524,20,0,True
5,525,20,0,True
5,526,20,0,True
5,527,20,0,True
5,528,20,0,True
5,529,20,0,True
5,530,20,0,True
5,531,20,0,True
5,532,20,0,True
5,533,20,0,True
5,534,20,0,True
5,535,20,0,True
5,536,20,0,True
5,537,20,0,True
5,538,20,0,True
5,539,20,0,True
5,540,20,0,True
5,541,20,0,True
5,542,20,0,True
5,543,20,0,True
5,544,20,0,True
5,545,20,0,True
5,546,20,0,True
5,547,20,0,True
5,548,20,0,True
5,549,20,0,True
5,550,20,0,True
5,551,20,0,True
5,552,20,0,True
5,553,20,0,True
5,554,20,0,True
5,555,20,0,True
5,556,20,0,True
5,557,20,0,True
5,558,20,0,True
5,559,20,0,True
5,560,20,0,True
5,561,20,0,True
5,562,20,0,True
5,563,20,0,True
5,564,20,0,True
5,565,20,0,True
5,566,20,0,True
5,567,20,0,True
5,568,20,0,True
5,569,20,0,True
5,570,20,0,True
5,571,20,0,True
5,572,20,0,True
5,573,20,0,True
5,574,20,0,True
5,575,20,0,True
5,576,20,0,True
5,577,20,0,True
5,578,20,0,True
5,579,20,0,True
5,580,20,0,True
5,581,20,0,True
5,582,20,0,True
5,583,20,0,True
5,584,20,0,True
5,585,20,0,True
5,586,20,0,True
5,587,20,0,True
5,588,20,0,True
5,589,20,0,True
5,590,20,0,True
5,591,20,0,True
5,592,20,0,True
5,593,20,0,True
5,594,20,0,True
5,595,20,0,True
5,596,20,0,True
5,597,20,0,True
5,598,20,0,True
5,599,20,0,True
5,600,20,0,True
5,601,20,0,True
5,602,20,0,True
5,603,20,0,True
5,604,20,0,True
5,605,20,0,True
5,606,20,0,True
5,607,20,0,True
5,608,20,0,True
5,609,20,0,True
5,610,20,0,True
5,611,20,0,True
5,612,20,0,True
5,613,20,0,True
5,614,20,0,True
5,615,20,0,True
5,616,20,0,True
5,617,20,0,True
5,618,20,0,True
5,619,20,0,True
5,620,20,0,True
5,621,20,0,True
5,622,20,0,True
5,623,20,0,True
5,624,20,0,True
5,625,20,0,True
5,626,20,0,True
5,627,20,0,True
5,628,19,0,True
5,629,19,0,True
5,630,19,0,True
5,631,19,0,True
5,632,19,0,True
5,633,19,0,True
5,634,19,0,True
5,635,19,0,True
5,636,19,0,True
5,637,19,0,True
5,638,19,0,True
5,639,19,0,True
5,640,19,0,True
5,641,19,0,True
5,642,19,0,True
5,643,19,0,True
5,644,19,0,True
5,645,19,0,True
5,646,19,0,True
5,647,19,0,True
5,648,19,0,True
5,649,19,0,True
5,650,19,0,True
5,651,19,0,True
5,652,19,0,True
5,653,19,0,True
5,654,19,0,True
5,655,19,0,True
5,656,19,0,True
5,657,19,0,True
5,658,19,0,True
5,659,19,0,True
5,660,19,0,True
5,661,19,0,True
5,662,19,0,True
5,663,19,0,True
5,664,19,0,True
5,665,19,0,True
5,666,19,0,True
5,667,19,0,True
5,668,19,0,True
5,669,19,0,True
5,670,19,0,True
5,671,19,0,True
5,672,19,0,True
5,673,19,0,True
5,674,19,0,True
5,675,19,0,True
5,676,19,0,True
5,677,19,0,True
5,678,19,0,True
5,679,19,0,True
5,680,19,0,True
5,681,19,0,True
5,682,19,0,True
5,683,19,0,True
5,684,19,0,True
5,685,19,0,True
5,686,19,0,True
5,687,19,0,True
5,688,19,0,True
5,689,19,0,True
5,690,19,0,True
5,691,19,0,True
5,692,19,0,True
5,693,19,0,True
5,694,19,0,True
5,695,19,0,True
5,696,19,0,True
5,697,19,0,True
5,698,19,0,True
5,699,19,0,True
5,700,19,0,True
5,701,19,0,True
5,702,19,0,True
5,703,19,0,True
5,704,19,0,True
5,705,19,0,True
5,706,19,0,True
5,707,19,0,True
5,708,19,0,True
5,709,19,0,True
5,710,19,0,True
5,711,19,0,True
5,712,19,0,True
5,713,19,0,True
5,714,19,0,True
5,715,19,0,True
5,716,19,0,True
5,717,19,0,True
5,718,19,0,True
5,719,19,0,True
5,720,19,0,True
5,721,19,0,True
5,722,19,0,True
5,723,19,0,True
5,724,19,0,True
5,725,19,0,True
5,726,19,0,True
5,727,19,0,True
5,728,19,0,True
5,729,19,0,True
5,730,19,0,True
5,731,19,0,True
5,732,19,0,True
5,733,19,0,True
5,734,19,0,True
5,735,19,0,True
5,736,19,0,True
5,737,19,0,True
5,738,19,0,True
5,739,19,0,True
5,740,19,0,True
5,741,19,0,True
5,742,19,0,True
5,743,19,0,True
5,744,19,0,True
5,745,19,0,True
5,746,19,0,True
5,747,19,0,True
5,748,19,0,True
5,749,19,0,True
5,750,19,0,True
5,751,19,0,True
5,752,19,0,True
5,753,19,0,True
5,754,19,0,True
5,755,19,0,True
5,756,19,0,True
5,757,19,0,True
5,758,19,0,True
5,759,19,0,True
5,760,19,0,True
5,761,19,0,True
5,762,19,0,True
5,763,19,0,True
5,764,19,0,True
5,765,19,0,True
5,766,19,0,True
5,767,19,0,True
5,768,19,0,True
5,769,19,0,True
5,770,19,0,True
5,771,19,0,True
5,772,19,0,True
5,773,19,0,True
5,774,19,0,True
5,775,19,0,True
5,776,19,0,True
5,777,19,0,True
5,778,19,0,True
5,779,19,0,True
5,780,19,0,True
5,781,19,0,True
5,782,19,0,True
5,783,19,0,True
5,784,19,0,True
5,785,19,0,True
5,786,19,0,True
5,787,19,0,True
5,788,19,0,True
5,789,19,0,True
5,790,19,0,True
5,791,19,0,True
5,792,19,0,True
5,793,19,0,True
5,794,19,0,True
5,795,19,0,True
5,796,19,0,True
5,797,19,0,True
5,798,19,0,True
5,799,19,0,True
5,800,19,0,True
5,801,19,0,True
5,802,19,0,True
5,803,19,0,True
5,804,19,0,True
5,805,19,0,True
5,806,19,0,True
5,807,19,0,True
5,808,19,0,True
5,809,19,0,True
5,810,19,0,True
5,811,19,0,True
5,812,19,0,True
5,813,19,0,True
5,814,19,0,True
5,815,19,0,True
5,816,19,0,True
5,817,19,0,True
5,818,19,0,True
5,819,19,0,True
5,820,19,0,True
5,821,19,0,True
5,822,19,0,True
5,823,19,0,True
5,824,19,0,True
5,825,19,0,True
5,826,19,0,True
5,827,19,0,True
5,828,19,0,True
5,829,19,0,True
5,830,19,0,True
5,831,19,0,True
5,832,19,0,True
5,833,19,0,True
5,834,19,0,True
5,835,19,0,True
5,836,19,0,True
5,837,19,0,True
5,838,19,0,True
5,839,19,0,True
5,840,19,0,True
5,841,19,0,True
5,842,19,0,True
5,843,18,0,True
5,844,18,0,True
5,845,18,0,True
5,846,18,0,True
5,847,18,0,True
5,848,18,0,True
5,849,18,0,True
5,850,18,0,True
5,851,18,0,True
5,852,18,0,True
5,853,18,0,True
5,854,18,0,True
5,855,18,0,True
5,856,18,0,True
5,857,18,0,True
5,858,18,0,True
5,859,18,0,True
5,860,18,0,True
5,861,18,0,True
5,862,18,0,True
5,863,18,0,True
5,864,18,0,True
5,865,18,0,True
5,866,18,0,True
5,867,18,0,True
5,868,18,0,True
5,869,18,0,True
5,870,18,0,True
5,871,18,0,True
5,872,18,0,True
5,873,18,0,True
5,874,18,0,True
5,875,18,0,True
5,876,18,0,True
5,877,18,0,True
5,878,18,0,True
5,879,18,0,True
5,880,18,0,True
5,881,18,0,True
5,882,18,0,True
5,883,18,0,True
5,884,18,0,True
5,885,18,0,True
5,886,18,0,True
5,887,18,0,True
5,888,18,0,True
5,889,18,0,True
5,890,18,0,True
5,891,18,0,True
5,892,18,0,True
5,893,18,0,True
5,894,18,0,True
5,895,18,0,True
5,896,18,0,True
5,897,18,0,True
5,898,18,0,True
5,899,18,0,True
5,900,18,0,True
5,901,18,0,True
5,902,18,0,True
5,903,18,0,True
5,904,18,0,True
5,905,18,0,True
5,906,18,0,True
5,907,18,0,True
5,908,18,0,True
5,909,18,0,True
5,910,18,0,True
5,911,18,0,True
5,912,18,0,True
5,913,18,0,True
5,914,18,0,True
5,915,18,0,True
5,916,18,0,True
5,917,18,0,True
5,918,18,0,True
5,919,18,0,True
5,920,18,0,True
5,921,18,0,True
5,922,18,0,True
5,923,18,0,True
5,924,18,0,True
5,925,18,0,True
5,926,18,0,True
5,927,18,0,True
5,928,18,0,True
5,929,18,0,True
5,930,18,0,True
5,931,18,0,True
5,932,18,0,True
5,933,18,0,True
5,934,18,0,True
5,935,18,0,True
5,936,18,0,True
5,937,18,0,True
5,938,18,0,True
5,939,18,0,True
5,940,18,0,True
5,941,18,0,True
5,942,18,0,True
5,943,18,0,True
5,944,18,0,True
5,945,18,0,True
5,946,18,0,True
5,947,18,0,True
5,948,18,0,True
5,949,18,0,True
5,950,18,0,True
5,951,18,0,True
5,952,18,0,True
5,953,18,0,True
5,954,18,0,True
5,955,18,0,True
5,956,18,0,True
5,957,18,0,True
5,958,18,0,True
5,959,18,0,True
5,960,18,0,True
5,961,18,0,True
5,962,18,0,True
5,963,18,0,True
5,964,18,0,True
5,965,18,0,True
5,966,18,0,True
5,967,18,0,True
5,968,18,0,True
5,969,18,0,True
5,970,18,0,True
5,971,18,0,True
5,972,18,0,True
5,973,18,0,True
5,974,18,0,True
5,975,18,0,True
5,976,18,0,True
5,977,18,0,True
5,978,18,0,True
5,979,18,0,True
5,980,18,0,True
5,981,18,0,True
5,982,18,0,True
5,983,18,0,True
5,984,18,0,True
5,985,18,0,True
5,986,18,0,True
5,987,18,0,True
5,988,18,0,True
5,989,18,0,True
5,990,18,0,True
5,991,18,0,True
5,992,18,0,True
5,993,18,0,True
5,994,18,0,True
5,995,18,0,True
5,996,18,0,True
5,997,18,0,True
5,998,18,0,True
5,999,18,0,True
5,1000,18,0,True
5,1001,18,0,True
5,1002,18,0,True
5,1003,18,0,True
5,1004,18,0,True
5,1005,18,0,True
5,1006,18,0,True
5,1007,18,0,True
5,1008,18,0,True
5,1009,18,0,True
5,1010,18,0,True
5,1011,18,0,True
5,1012,18,0,True
5,1013,18,0,True
5,1014,18,0,True
5,1015,18,0,True
5,1016,18,0,True
5,1017,18,0,True
5,1018,18,0,True
5,1019,18,0,True
5,1020,18,0,True
5,1021,18,0,True
5,1022,18,0,True
5,1023,18,0,True
5,1024,18,0,True
5,1025,18,0,True
5,1026,18,0,True
5,1027,18,0,True
5,1028,18,0,True
5,1029,18,0,True
5,1030,18,0,True
5,1031,18,0,True
5,1032,18,0,True
5,1033,18,0,True
5,1034,18,0,True
5,1035,18,0,True
5,1036,18,0,True
5,1037,18,0,True
5,1038,18,0,True
5,1039,18,0,True
5,1040,18,0,True
5,1041,18,0,True
5,1042,18,0,True
5,1043,18,0,True
5,1044,18,0,True
5,1045,18,0,True
5,1046,18,0,True
5,1047,18,0,True
5,1048,18,0,True
5,1049,18,0,True
5,1050,18,0,True
5,1051,18,0,True
5,1052,18,0,True
5,1053,18,0,True
5,1054,18,0,True
5,1055,18,0,True
5,1056,18,0,True
5,1057,18,0,True
5,1058,18,0,True
5,1059,18,0,True
5,1060,18,0,True
5,1061,18,0,True
5,1062,18,0,True
5,1063,18,0,True
5,1064,18,0,True
5,1065,18,0,True
5,1066,18,0,True
5,1067,18,0,True
5,1068,18,0,True
5,1069,18,0,True
5,1070,18,0,True
5,1071,18,0,True
5,1072,18,0,True
5,1073,18,0,True
5,1074,18,0,True
5,1075,18,0,True
5,1076,18,0,True
5,1077,18,0,True
5,1078,18,0,True
5,1079,18,0,True
5,1080,18,0,True
5,1081,18,0,True
5,1082,18,0,True
5,1083,18,0,True
5,1084,18,0,True
5,1085,18,0,True
5,1086,18,0,True
5,1087,18,0,True
5,1088,18,0,True
5,1089,18,0,True
5,1090,18,0,True
5,1091,18,0,True
5,1092,18,0,True
5,1093,18,0,True
5,1094,18,0,True
5,1095,18,0,True
5,1096,18,0,True
5,1097,18,0,True
5,1098,18,0,True
5,1099,18,0,True
5,1100,18,0,True
5,1101,18,0,True
5,1102,18,0,True
5,1103,18,0,True
5,1104,18,0,True
5,1105,18,0,True
5,1106,18,0,True
5,1107,18,0,True
5,1108,18,0,True
5,1109,18,0,True
5,1110,18,0,True
5,1111,18,0,True
5,1112,18,0,True
5,1113,18,0,True
5,1114,18,0,True
5,1115,18,0,True
5,1116,18,0,True
5,1117,18,0,True
5,1118,18,0,True
5,1119,18,0,True
5,1120,18,0,True
5,1121,18,0,True
5,1122,18,0,True
5,1123,18,0,True
5,1124,18,0,True
5,1125,18,0,True
5,1126,18,0,True
5,1127,18,0,True
5,1128,18,0,True
5,1129,18,0,True
5,1130,18,0,True
5,1131,18,0,True
5,1132,18,0,True
5,1133,18,0,True
5,1134,18,0,True
5,1135,18,0,True
5,1136,18,0,True
5,1137,18,0,True
5,1138,18,0,True
5,1139,18,0,True
5,1140,18,0,True
5,1141,18,0,True
5,1142,18,0,True
5,1143,18,0,True
5,1144,18,0,True
5,1145,18,0,True
5,1146,18,0,True
5,1147,18,0,True
5,1148,18,0,True
5,1149,18,0,True
5,1150,18,0,True
5,1151,18,0,True
5,1152,18,0,True
5,1153,18,0,True
5,1154,18,0,True
5,1155,18,0,True
5,1156,18,0,True
5,1157,18,0,True
5,1158,18,0,True
5,1159,18,0,True
5,1160,18,0,True
5,1161,18,0,True
5,1162,18,0,True
5,1163,18,0,True
5,1164,18,0,True
5,1165,18,0,True
5,1166,17,0,True
5,1167,17,0,True
5,1168,17,0,True
5,1169,17,0,True
5,1170,17,0,True
5,1171,17,0,True
5,1172,17,0,True
5,1173,17,0,True
5,1174,17,0,True
5,1175,17,0,True
5,1176,17,0,True
5,1177,17,0,True
5,1178,17,0,True
5,1179,17,0,True
5,1180,17,0,True
5,1181,17,0,True
5,1182,17,0,True
5,1183,17,0,True
5,1184,17,0,True
5,1185,17,0,True
5,1186,17,0,True
5,1187,17,0,True
5,1188,17,0,True
5,1189,17,0,True
5,1190,17,0,True
5,1191,17,0,True
5,1192,17,0,True
5,1193,17,0,True
5,1194,17,0,True
5,1195,17,0,True
5,1196,17,0,True
5,1197,17,0,True
5,1198,17,0,True
5,1199,17,0,True
5,1200,17,0,True
5,1201,17,0,True
5,1202,17,0,True
5,1203,17,0,True
5,1204,17,0,True
5,1205,17,0,True
5,1206,17,0,True
5,1207,17,0,True
5,1208,17,0,True
5,1209,17,0,True
5,1210,17,0,True
5,1211,17,0,True
5,1212,17,0,True
5,1213,17,0,True
5,1214,17,0,True
5,1215,17,0,True
5,1216,17,0,True
5,1217,17,0,True
5,1218,17,0,True
5,1219,17,0,True
5,1220,17,0,True
5,1221,17,0,True
5,1222,17,0,True
5,1223,17,0,True
5,1224,17,0,True
5,1225,17,0,True
5,1226,17,0,True
5,1227,17,0,True
5,1228,17,0,True
5,1229,17,0,True
5,1230,17,0,True
5,1231,17,0,True
5,1232,17,0,True
5,1233,17,0,True
5,1234,17,0,True
5,1235,17,0,True
5,1236,17,0,True
5,1237,17,0,True
5,1238,17,0,True
5,1239,17,0,True
5,1240,17,0,True
5,1241,17,0,True
5,1242,17,0,True
5,1243,17,0,True
5,1244,17,0,True
5,1245,17,0,True
5,1246,17,0,True
5,1247,17,0,True
5,1248,17,0,True
5,1249,17,0,True
5,1250,17,0,True
5,1251,17,0,True
5,1252,17,0,True
5,1253,17,0,True
5,1254,17,0,True
5,1255,17,0,True
5,1256,17,0,True
5,1257,17,0,True
5,1258,17,0,True
5,1259,17,0,True
5,1260,17,0,True
5,1261,17,0,True
5,1262,17,0,True
5,1263,17,0,True
5,1264,17,0,True
5,1265,17,0,True
5,1266,17,0,True
5,1267,17,0,True
5,1268,17,0,True
5,1269,17,0,True
5,1270,17,0,True
5,1271,17,0,True
5,1272,17,0,True
5,1273,17,0,True
5,1274,17,0,True
5,1275,17,0,True
5,1276,17,0,True
5,1277,17,0,True
5,1278,17,0,True
5,1279,17,0,True
5,1280,17,0,True
5,1281,17,0,True
5,1282,17,0,True
5,1283,17,0,True
5,1284,17,0,True
5,1285,17,0,True
5,1286,17,0,True
5,1287,17,0,True
5,1288,17,0,True
5,1289,17,0,True
5,1290,17,0,True
5,1291,17,0,True
5,1292,17,0,True
5,1293,17,0,True
5,1294,17,0,True
5,1295,17,0,True
5,1296,17,0,True
5,1297,17,0,True
5,1298,17,0,True
5,1299,17,0,True
5,1300,17,0,True
5,1301,17,0,True
5,1302,17,0,True
5,1303,17,0,True
5,1304,17,0,True
5,1305,17,0,True
5,1306,17,0,True
5,1307,17,0,True
5,1308,17,0,True
5,1309,17,0,True
5,1310,17,0,True
5,1311,17,0,True
5,1312,17,0,True
5,1313,17,0,True
5,1314,17,0,True
5,1315,17,0,True
5,1316,17,0,True
5,1317,17,0,True
5,1318,17,0,True
5,1319,17,0,True
5,1320,17,0,True
5,1321,17,0,True
5,1322,17,0,True
5,1323,17,0,True
5,1324,17,0,True
5,1325,17,0,True
5,1326,17,0,True
5,1327,17,0,True
5,1328,17,0,True
5,1329,17,0,True
5,1330,17,0,True
5,1331,17,0,True
5,1332,17,0,True
5,1333,17,0,True
5,1334,17,0,True
5,1335,17,0,True
5,1336,17,0,True
5,1337,17,0,True
5,1338,17,0,True
5,1339,17,0,True
5,1340,17,0,True
5,1341,17,0,True
5,1342,17,0,True
5,1343,17,0,True
5,1344,17,0,True
5,1345,17,0,True
5,1346,17,0,True
5,1347,17,0,True
5,1348,17,0,True
5,1349,17,0,True
5,1350,17,0,True
5,1351,17,0,True
5,1352,17,0,True
5,1353,17,0,True
5,1354,17,0,True
5,1355,17,0,True
5,1356,17,0,True
5,1357,17,0,True
5,1358,17,0,True
5,1359,17,0,True
5,1360,17,0,True
5,1361,17,0,True
5,1362,17,0,True
5,1363,17,0,True
5,1364,17,0,True
5,1365,17,0,True
5,1366,17,0,True
5,1367,17,0,True
5,1368,17,0,True
5,1369,17,0,True
5,1370,17,0,True
5,1371,17,0,True
5,1372,17,0,True
5,1373,17,0,True
5,1374,17,0,True
5,1375,17,0,True
5,1376,17,0,True
5,1377,17,0,True
5,1378,17,0,True
5,1379,17,0,True
5,1380,17,0,True
5,1381,17,0,True
5,1382,17,0,True
5,1383,17,0,True
5,1384,17,0,True
5,1385,17,0,True
5,1386,17,0,True
5,1387,17,0,True
5,1388,17,0,True
5,1389,17,0,True
5,1390,17,0,True
5,1391,17,0,True
5,1392,17,0,True
5,1393,17,0,True
5,1394,17,0,True
5,1395,17,0,True
5,1396,17,0,True
5,1397,17,0,True
5,1398,17,0,True
5,1399,17,0,True
5,1400,17,0,True
5,1401,17,0,True
5,1402,17,0,True
5,1403,17,0,True
5,1404,17,0,True
5,1405,17,0,True
5,1406,17,0,True
5,1407,17,0,True
5,1408,17,0,True
5,1409,17,0,True
5,1410,17,0,True
5,1411,17,0,True
5,1412,17,0,True
5,1413,17,0,True
5,1414,17,0,True
5,1415,17,0,True
5,1416,17,0,True
5,1417,17,0,True
5,1418,17,0,True
5,1419,17,0,True
5,1420,17,0,True
5,1421,17,0,True
5,1422,17,0,True
5,1423,17,0,True
5,1424,17,0,True
5,1425,17,0,True
5,1426,17,0,True
5,1427,17,0,True
5,1428,17,0,True
5,1429,17,0,True
5,1430,17,0,True
5,1431,17,0,True
5,1432,17,0,True
5,1433,17,0,True
5,1434,17,0,True
5,1435,17,0,True
5,1436,17,0,True
5,1437,17,0,True
5,1438,17,0,True
5,1439,17,0,True
5,1440,17,0,True
5,1441,17,0,True
5,1442,17,0,True
5,1443,17,0,True
5,1444,17,0,True
5,1445,17,0,True
5,1446,17,0,True
5,1447,17,0,True
5,1448,17,0,True
5,1449,17,0,True
5,1450,17,0,True
5,1451,17,0,True
5,1452,17,0,True
5,1453,17,0,True
5,1454,17,0,True
5,1455,17,0,True
5,1456,17,0,True
5,1457,17,0,True
5,1458,17,0,True
5,1459,17,0,True
5,1460,17,0,True
5,1461,17,0,True
5,1462,17,0,True
5,1463,17,0,True
5,1464,17,0,True
5,1465,17,0,True
5,1466,17,0,True
5,1467,17,0,True
5,1468,17,0,True
5,1469,17,0,True
5,1470,17,0,True
5,1471,17,0,True
5,1472,17,0,True
5,1473,17,0,True
5,1474,17,0,True
5,1475,17,0,True
5,1476,17,0,True
5,1477,17,0,True
5,1478,17,0,True
5,1479,17,0,True
5,1480,17,0,True
5,1481,17,0,True
5,1482,17,0,True
5,1483,17,0,True
5,1484,17,0,True
5,1485,17,0,True
5,1486,17,0,True
5,1487,17,0,True
5,1488,17,0,True
5,1489,17,0,True
5,1490,17,0,True
5,1491,17,0,True
5,1492,17,0,True
5,1493,17,0,True
5,1494,17,0,True
5,1495,17,0,True
5,1496,17,0,True
5,1497,17,0,True
5,1498,17,0,True
5,1499,17,0,True
5,1500,17,0,True
5,1501,17,0,True
5,1502,17,0,True
5,1503,17,0,True
5,1504,17,0,True
5,1505,17,0,True
5,1506,17,0,True
5,1507,17,0,True
5,1508,17,0,True
5,1509,17,0,True
5,1510,17,0,True
5,1511,17,0,True
5,1512,17,0,True
5,1513,17,0,True
5,1514,17,0,True
5,1515,17,0,True
5,1516,17,0,True
5,1517,17,0,True
5,1518,17,0,True
5,1519,17,0,True
5,1520,17,0,True
5,1521,17,0,True
5,1522,17,0,True
5,1523,17,0,True
5,1524,17,0,True
5,1525,17,0,True
5,1526,17,0,True
5,1527,17,0,True
5,1528,17,0,True
5,1529,17,0,True
5,1530,17,0,True
5,1531,17,0,True
5,1532,17,0,True
5,1533,17,0,True
5,1534,17,0,True
5,1535,17,0,True
5,1536,17,0,True
5,1537,17,0,True
5,1538,17,0,True
5,1539,17,0,True
5,1540,17,0,True
5,1541,17,0,True
5,1542,17,0,True
5,1543,17,0,True
5,1544,17,0,True
5,1545,17,0,True
5,1546,17,0,True
5,1547,17,0,True
5,1548,17,0,True
5,1549,17,0,True
5,1550,17,0,True
5,1551,17,0,True
5,1552,17,0,True
5,1553,17,0,True
5,1554,17,0,True
5,1555,17,0,True
5,1556,17,0,True
5,1557,17,0,True
5,1558,17,0,True
5,1559,17,0,True
5,1560,17,0,True
5,1561,17,0,True
5,1562,17,0,True
5,1563,17,0,True
5,1564,17,0,True
5,1565,17,0,True
5,1566,17,0,True
5,1567,17,0,True
5,1568,17,0,True
5,1569,17,0,True
5,1570,17,0,True
5,1571,17,0,True
5,1572,17,0,True
5,1573,17,0,True
5,1574,17,0,True
5,1575,17,0,True
5,1576,17,0,True
5,1577,17,0,True
5,1578,17,0,True
5,1579,17,0,True
5,1580,17,0,True
5,1581,17,0,True
5,1582,17,0,True
5,1583,17,0,True
5,1584,17,0,True
5,1585,17,0,True
5,1586,17,0,True
5,1587,17,0,True
5,1588,17,0,True
5,1589,17,0,True
5,1590,17,0,True
5,1591,17,0,True
5,1592,17,0,True
5,1593,17,0,True
5,1594,17,0,True
5,1595,17,0,True
5,1596,17,0,True
5,1597,17,0,True
5,1598,17,0,True
5,1599,17,0,True
5,1600,17,0,True
5,1601,17,0,True
5,1602,17,0,True
5,1603,17,0,True
5,1604,17,0,True
5,1605,17,0,True
5,1606,17,0,True
5,1607,17,0,True
5,1608,17,0,True
5,1609,17,0,True
5,1610,17,0,True
5,1611,17,0,True
5,1612,17,0,True
5,1613,17,0,True
5,1614,17,0,True
5,1615,17,0,True
5,1616,17,0,True
5,1617,17,0,True
5,1618,17,0,True
5,1619,17,0,True
5,1620,17,0,True
5,1621,17,0,True
5,1622,17,0,True
5,1623,17,0,True
5,1624,17,0,True
5,1625,17,0,True
5,1626,17,0,True
5,1627,17,0,True
5,1628,17,0,True
5,1629,17,0,True
5,1630,17,0,True
5,1631,17,0,True
5,1632,17,0,True
5,1633,17,0,True
5,1634,17,0,True
5,1635,17,0,True
5,1636,17,0,True
5,1637,17,0,True
5,1638,17,0,True
5,1639,17,0,True
5,1640,17,0,True
5,1641,17,0,True
5,1642,17,0,True
5,1643,17,0,True
5,1644,17,0,True
5,1645,17,0,True
5,1646,17,0,True
5,1647,17,0,True
5,1648,17,0,True
5,1649,17,0,True
5,1650,17,0,True
5,1651,17,0,True
5,1652,17,0,True
5,1653,17,0,True
5,1654,17,0,True
5,1655,17,0,True
5,1656,17,0,True
5,1657,17,0,True
5,1658,17,0,True
5,1659,17,0,True
5,1660,17,0,True
5,1661,17,0,True
5,1662,17,0,True
5,1663,17,0,True
5,1664,17,0,True
5,1665,17,0,True
5,1666,17,0,True
5,1667,28,8447,False
5,1668,28,8331,False
5,1669,29,8200,False
5,1670,28,8083,False
5,1671,29,7960,False
5,1672,29,7842,False
5,1673,29,7721,False
5,1674,29,7613,False
5,1675,29,7493,False
5,1676,28,7375,False
5,1677,28,7268,False
5,1678,28,7152,False
5,1679,28,7032,False
5,1680,27,6919,False
5,1681,26,6803,False
5,1682,26,6676,False
5,1683,26,6560,False
5,1684,25,6455,False
5,1685,25,6341,False
5,1686,25,6239,False
5,1687,26,6144,False
5,1688,26,6027,False
5,1689,26,5908,False
5,1690,26,5793,False
5,1691,26,5685,False
5,1692,27,5563,False
5,1693,27,5439,False
5,1694,27,5330,False
5,1695,27,5224,False
5,1696,27,5106,False
5,1697,26,4990,False
5,1698,26,4872,False
5,1699,26,4789,False
5,1700,26,4697,False
5,1701,25,4578,False
5,1702,25,4480,False
5,1703,25,4370,False
5,1704,25,4261,False
5,1705,25,4177,False
5,1706,25,4091,False
5,1707,24,4001,False
5,1708,24,3891,False
5,1709,24,3778,False
5,1710,25,3696,False
5,1711,25,3605,False
5,1712,26,3517,False
5,1713,26,3432,False
5,1714,26,3352,False
5,1715,26,3265,False
5,1716,26,3170,False
5,1717,26,3086,False
5,1718,26,3002,False
5,1719,26,2924,False
5,1720,25,2817,False
5,1721,25,2739,False
5,1722,25,2657,False
5,1723,25,2583,False
5,1724,25,2520,False
5,1725,25,2463,False
5,1726,25,2405,False
5,1727,26,2338,False
5,1728,26,2259,False
5,1729,26,2206,False
5,1730,25,2134,False
5,1731,25,2057,False
5,1732,25,2002,False
5,1733,25,1947,False
5,1734,25,1891,False
5,1735,25,1837,False
5,1736,25,1784,False
5,1737,25,1720,False
5,1738,25,1664,False
5,1739,26,1604,False
5,1740,26,1548,False
5,1741,26,1497,False
5,1742,26,1447,False
5,1743,26,1393,False
5,1744,26,1339,False
5,1745,26,1282,False
5,1746,26,1230,False
5,1747,26,1178,False
5,1748,26,1124,False
5,1749,26,1075,False
10,0,25,8474,False
10,1,25,8361,False
10,2,25,8244,False
10,3,25,8123,False
10,4,25,8002,False
10,5,25,7884,False
10,6,25,7758,False
10,7,25,7640,False
10,8,25,7512,False
10,9,25,7398,False
10,10,25,7283,False
10,11,26,7172,False
10,12,26,7059,False
10,13,26,6938,False
10,14,26,6822,False
10,15,27,6699,False
10,16,27,6577,False
10,17,27,6467,False
10,18,27,6363,False
10,19,27,6253,False
10,20,27,6136,False
10,21,27,6012,False
10,22,27,5908,False
10,23,27,5794,False
10,24,26,5675,False
10,25,26,5577,False
10,26,25,5463,False
10,27,25,5347,False
10,28,26,5235,False
10,29,26,5131,False
10,30,26,5039,False
10,31,26,4934,False
10,32,26,4820,False
10,33,26,4701,False
10,34,26,4580,False
10,35,26,4499,False
10,36,26,4380,False
10,37,27,4271,False
10,38,27,4188,False
10,39,27,4097,False
10,40,27,3985,False
10,41,27,3904,False
10,42,27,3824,False
10,43,27,3711,False
10,44,27,3597,False
10,45,27,3488,False
10,46,27,3388,False
10,47,27,3300,False
10,48,27,3224,False
10,49,27,3159,False
10,50,27,3070,False
10,51,27,2980,False
10,52,27,2901,False
10,53,27,2843,False
10,54,27,2789,False
10,55,27,2739,False
10,56,27,2656,False
10,57,27,2600,False
10,58,27,2523,False
10,59,27,2442,False
10,60,27,2368,False
10,61,27,2311,False
10,62,28,2241,False
10,63,28,2171,False
10,64,28,2114,False
10,65,27,2058,False
10,66,27,2005,False
10,67,27,1952,False
10,68,27,1891,False
10,69,27,1840,False
10,70,27,1785,False
10,71,28,1730,False
10,72,28,1675,False
10,73,28,1621,False
10,74,28,1571,False
10,75,28,1519,False
10,76,28,1465,False
10,77,28,1412,False
10,78,28,1360,False
10,79,28,1305,False
10,80,28,1255,False
10,81,28,1205,False
10,82,28,1144,False
10,83,28,1093,False
10,84,28,1045,False
10,85,28,1001,False
10,86,28,953,False
10,87,28,900,False
10,88,28,855,False
10,89,29,807,False
10,90,29,763,False
10,91,30,719,False
10,92,30,673,False
10,93,30,623,False
10,94,30,575,False
10,95,30,533,False
10,96,30,495,False
10,97,29,448,False
10,98,29,406,False
10,99,29,361,False
10,100,29,322,False
10,101,30,280,False
10,102,30,261,False
10,103,30,246,False
10,104,30,200,False
10,105,30,161,False
10,106,30,126,False
10,107,30,89,False
10,108,30,78,False
10,109,30,72,False
10,110,30,62,False
10,111,30,46,False
10,112,30,37,False
10,113,30,31,False
10,114,30,25,False
10,115,30,19,False
10,116,30,14,False
10,117,30,11,False
10,118,30,7,False
10,119,30,4,False
10,120,30,3,False
10,121,30,2,False
10,122,30,0,True
10,123,30,0,True
10,124,30,0,True
10,125,30,0,True
10,126,30,0,True
10,127,29,0,True
10,128,29,0,True
10,129,29,0,True
10,130,29,0,True
10,131,29,0,True
10,132,29,0,True
10,133,29,0,True
10,134,28,0,True
10,135,28,0,True
10,136,28,0,True
10,137,28,0,True
10,138,28,0,True
10,139,28,0,True
10,140,27,0,True
10,141,27,0,True
10,142,27,0,True
10,143,27,0,True
10,144,27,0,True
10,145,27,0,True
10,146,27,0,True
10,147,27,0,True
10,148,26,0,True
10,149,26,0,True
10,150,26,0,True
10,151,26,0,True
10,152,26,0,True
10,153,26,0,True
10,154,26,0,True
10,155,26,0,True
10,156,26,0,True
10,157,26,0,True
10,158,26,0,True
10,159,26,0,True
10,160,26,0,True
10,161,26,0,True
10,162,26,0,True
10,163,26,0,True
10,164,25,0,True
10,165,25,0,True
10,166,25,0,True
10,167,25,0,True
10,168,25,0,True
10,169,25,0,True
10,170,25,0,True
10,171,25,0,True
10,172,25,0,True
10,173,25,0,True
10,174,25,0,True
10,175,25,0,True
10,176,25,0,True
10,177,25,0,True
10,178,25,0,True
10,179,25,0,True
10,180,25,0,True
10,181,25,0,True
10,182,25,0,True
10,183,25,0,True
10,184,25,0,True
10,185,25,0,True
10,186,25,0,True
10,187,25,0,True
10,188,25,0,True
10,189,25,0,True
10,190,25,0,True
10,191,24,0,True
10,192,24,0,True
10,193,24,0,True
10,194,24,0,True
10,195,24,0,True
10,196,24,0,True
10,197,24,0,True
10,198,24,0,True
10,199,24,0,True
10,200,24,0,True
10,201,24,0,True
10,202,24,0,True
10,203,24,0,True
10,204,24,0,True
10,205,24,0,True
10,206,24,0,True
10,207,24,0,True
10,208,24,0,True
10,209,24,0,True
10,210,24,0,True
10,211,24,0,True
10,212,24,0,True
10,213,24,0,True
10,214,24,0,True
10,215,24,0,True
10,216,24,0,True
10,217,24,0,True
10,218,24,0,True
10,219,24,0,True
10,220,24,0,True
10,221,24,0,True
10,222,24,0,True
10,223,24,0,True
10,224,24,0,True
10,225,24,0,True
10,226,24,0,True
10,227,24,0,True
10,228,24,0,True
10,229,24,0,True
10,230,24,0,True
10,231,24,0,True
10,232,24,0,True
10,233,24,0,True
10,234,24,0,True
10,235,24,0,True
10,236,23,0,True
10,237,23,0,True
10,238,23,0,True
10,239,23,0,True
10,240,23,0,True
10,241,23,0,True
10,242,23,0,True
10,243,23,0,True
10,244,23,0,True
10,245,23,0,True
10,246,23,0,True
10,247,23,0,True
10,248,23,0,True
10,249,23,0,True
10,250,23,0,True
10,251,23,0,True
10,252,23,0,True
10,253,23,0,True
10,254,23,0,True
10,255,23,0,True
10,256,23,0,True
10,257,23,0,True
10,258,23,0,True
10,259,23,0,True
10,260,23,0,True
10,261,23,0,True
10,262,23,0,True
10,263,23,0,True
10,264,23,0,True
10,265,23,0,True
10,266,23,0,True
10,267,23,0,True
10,268,23,0,True
10,269,23,0,True
10,270,23,0,True
10,271,23,0,True
10,272,23,0,True
10,273,23,0,True
10,274,23,0,True
10,275,23,0,True
10,276,23,0,True
10,277,23,0,True
10,278,23,0,True
10,279,23,0,True
10,280,23,0,True
10,281,23,0,True
10,282,23,0,True
10,283,23,0,True
10,284,23,0,True
10,285,23,0,True
10,286,23,0,True
10,287,23,0,True
10,288,23,0,True
10,289,23,0,True
10,290,23,0,True
10,291,23,0,True
10,292,22,0,True
10,293,22,0,True
10,294,22,0,True
10,295,22,0,True
10,296,22,0,True
10,297,22,0,True
10,298,22,0,True
10,299,22,0,True
10,300,22,0,True
10,301,22,0,True
10,302,22,0,True
10,303,22,0,True
10,304,22,0,True
10,305,22,0,True
10,306,22,0,True
10,307,22,0,True
10,308,22,0,True
10,309,22,0,True
10,310,22,0,True
10,311,22,0,True
10,312,22,0,True
10,313,22,0,True
10,314,22,0,True
10,315,22,0,True
10,316,22,0,True
10,317,22,0,True
10,318,22,0,True
10,319,22,0,True
10,320,22,0,True
10,321,22,0,True
10,322,22,0,True
10,323,22,0,True
10,324,22,0,True
10,325,22,0,True
10,326,22,0,True
10,327,22,0,True
10,328,22,0,True
10,329,22,0,True
10,330,22,0,True
10,331,22,0,True
10,332,22,0,True
10,333,22,0,True
10,334,22,0,True
10,335,22,0,True
10,336,22,0,True
10,337,22,0,True
10,338,22,0,True
10,339,22,0,True
10,340,22,0,True
10,341,22,0,True
10,342,22,0,True
10,343,22,0,True
10,344,22,0,True
10,345,22,0,True
10,346,22,0,True
10,347,22,0,True
10,348,22,0,True
10,349,22,0,True
10,350,22,0,True
10,351,22,0,True
10,352,22,0,True
10,353,22,0,True
10,354,22,0,True
10,355,22,0,True
10,356,22,0,True
10,357,22,0,True
10,358,22,0,True
10,359,22,0,True
10,360,22,0,True
10,361,22,0,True
10,362,22,0,True
10,363,22,0,True
10,364,22,0,True
10,365,22,0,True
10,366,22,0,True
10,367,22,0,True
10,368,22,0,True
10,369,22,0,True
10,370,22,0,True
10,371,22,0,True
10,372,22,0,True
10,373,21,0,True
10,374,21,0,True
10,375,21,0,True
10,376,21,0,True
10,377,21,0,True
10,378,21,0,True
10,379,21,0,True
10,380,21,0,True
10,381,21,0,True
10,382,21,0,True
10,383,21,0,True
10,384,21,0,True
10,385,21,0,True
10,386,21,0,True
10,387,21,0,True
10,388,21,0,True
10,389,21,0,True
10,390,21,0,True
10,391,21,0,True
10,392,21,0,True
10,393,21,0,True
10,394,21,0,True
10,395,21,0,True
10,396,21,0,True
10,397,21,0,True
10,398,21,0,True
10,399,21,0,True
10,400,21,0,True
10,401,21,0,True
10,402,21,0,True
10,403,21,0,True
10,404,21,0,True
10,405,21,0,True
10,406,21,0,True
10,407,21,0,True
10,408,21,0,True
10,409,21,0,True
10,410,21,0,True
10,411,21,0,True
10,412,21,0,True
10,413,21,0,True
10,414,21,0,True
10,415,21,0,True
10,416,21,0,True
10,417,21,0,True
10,418,21,0,True
10,419,21,0,True
10,420,21,0,True
10,421,21,0,True
10,422,21,0,True
10,423,21,0,True
10,424,21,0,True
10,425,21,0,True
10,426,21,0,True
10,427,21,0,True
10,428,21,0,True
10,429,21,0,True
10,430,21,0,True
10,431,21,0,True
10,432,21,0,True
10,433,21,0,True
10,434,21,0,True
10,435,21,0,True
10,436,21,0,True
10,437,21,0,True
10,438,21,0,True
10,439,21,0,True
10,440,21,0,True
10,441,21,0,True
10,442,21,0,True
10,443,21,0,True
10,444,21,0,True
10,445,21,0,True
10,446,21,0,True
10,447,21,0,True
10,448,21,0,True
10,449,21,0,True
10,450,21,0,True
10,451,21,0,True
10,452,21,0,True
10,453,21,0,True
10,454,21,0,True
10,455,21,0,True
10,456,21,0,True
10,457,21,0,True
10,458,21,0,True
10,459,21,0,True
10,460,21,0,True
10,461,21,0,True
10,462,21,0,True
10,463,21,0,True
10,464,21,0,True
10,465,21,0,True
10,466,21,0,True
10,467,21,0,True
10,468,21,0,True
10,469,21,0,True
10,470,21,0,True
10,471,21,0,True
10,472,21,0,True
10,473,21,0,True
10,474,21,0,True
10,475,21,0,True
10,476,20,0,True
10,477,20,0,True
10,478,20,0,True
10,479,20,0,True
10,480,20,0,True
10,481,20,0,True
10,482,20,0,True
10,483,20,0,True
10,484,20,0,True
10,485,20,0,True
10,486,20,0,True
10,487,20,0,True
10,488,20,0,True
10,489,20,0,True
10,490,20,0,True
10,491,20,0,True
10,492,20,0,True
10,493,20,0,True
10,494,20,0,True
10,495,20,0,True
10,496,20,0,True
10,497,20,0,True
10,498,20,0,True
10,499,20,0,True
10,500,20,0,True
10,501,20,0,True
10,502,20,0,True
10,503,20,0,True
10,504,20,0,True
10,505,20,0,True
10,506,20,0,True
10,507,20,0,True
10,508,20,0,True
10,509,20,0,True
10,510,20,0,True
10,511,20,0,True
10,512,20,0,True
10,513,20,0,True
10,514,20,0,True
10,515,20,0,True
10,516,20,0,True
10,517,20,0,True
10,518,20,0,True
10,519,20,0,True
10,520,20,0,True
10,521,20,0,True
10,522,20,0,True
10,523,20,0,True
10,524,20,0,True
10,525,20,0,True
10,526,20,0,True
10,527,20,0,True
10,528,20,0,True
10,529,20,0,True
10,530,20,0,True
10,531,20,0,True
10,532,20,0,True
10,533,20,0,True
10,534,20,0,True
10,535,20,0,True
10,536,20,0,True
10,537,20,0,True
10,538,20,0,True
10,539,20,0,True
10,540,20,0,True
10,541,20,0,True
10,542,20,0,True
10,543,20,0,True
10,544,20,0,True
10,545,20,0,True
10,546,20,0,True
10,547,20,0,True
10,548,20,0,True
10,549,20,0,True
10,550,20,0,True
10,551,20,0,True
10,552,20,0,True
10,553,20,0,True
10,554,20,0,True
10,555,20,0,True
10,556,20,0,True
10,557,20,0,True
10,558,20,0,True
10,559,20,0,True
10,560,20,0,True
10,561,20,0,True
10,562,20,0,True
10,563,20,0,True
10,564,20,0,True
10,565,20,0,True
10,566,20,0,True
10,567,20,0,True
10,568,20,0,True
10,569,20,0,True
10,570,20,0,True
10,571,20,0,True
10,572,20,0,True
10,573,20,0,True
10,574,20,0,True
10,575,20,0,True
10,576,20,0,True
10,577,20,0,True
10,578,20,0,True
10,579,20,0,True
10,580,20,0,True
10,581,20,0,True
10,582,20,0,True
10,583,20,0,True
10,584,20,0,True
10,585,20,0,True
10,586,20,0,True
10,587,20,0,True
10,588,20,0,True
10,589,20,0,True
10,590,20,0,True
10,591,20,0,True
10,592,20,0,True
10,593,20,0,True
10,594,20,0,True
10,595,20,0,True
10,596,20,0,True
10,597,20,0,True
10,598,20,0,True
10,599,20,0,True
10,600,20,0,True
10,601,20,0,True
10,602,20,0,True
10,603,20,0,True
10,604,20,0,True
10,605,20,0,True
10,606,20,0,True
10,607,20,0,True
10,608,20,0,True
10,609,20,0,True
10,610,20,0,True
10,611,20,0,True
10,612,20,0,True
10,613,20,0,True
10,614,20,0,True
10,615,20,0,True
10,616,20,0,True
10,617,20,0,True
10,618,20,0,True
10,619,20,0,True
10,620,20,0,True
10,621,20,0,True
10,622,20,0,True
10,623,20,0,True
10,624,20,0,True
10,625,20,0,True
10,626,20,0,True
10,627,20,0,True
10,628,19,0,True
10,629,19,0,True
10,630,19,0,True
10,631,19,0,True
10,632,19,0,True
10,633,19,0,True
10,634,19,0,True
10,635,19,0,True
10,636,19,0,True
10,637,19,0,True
10,638,19,0,True
10,639,19,0,True
10,640,19,0,True
10,641,19,0,True
10,642,19,0,True
10,643,19,0,True
10,644,19,0,True
10,645,19,0,True
10,646,19,0,True
10,647,19,0,True
10,648,19,0,True
10,649,19,0,True
10,650,19,0,True
10,651,19,0,True
10,652,19,0,True
10,653,19,0,True
10,654,19,0,True
10,655,19,0,True
10,656,19,0,True
10,657,19,0,True
10,658,19,0,True
10,659,19,0,True
10,660,19,0,True
10,661,19,0,True
10,662,19,0,True
10,663,19,0,True
10,664,19,0,True
10,665,19,0,True
10,666,19,0,True
10,667,19,0,True
10,668,19,0,True
10,669,19,0,True
10,670,19,0,True
10,671,19,0,True
10,672,19,0,True
10,673,19,0,True
10,674,19,0,True
10,675,19,0,True
10,676,19,0,True
10,677,19,0,True
10,678,19,0,True
10,679,19,0,True
10,680,19,0,True
10,681,19,0,True
10,682,19,0,True
10,683,19,0,True
10,684,19,0,True
10,685,19,0,True
10,686,19,0,True
10,687,19,0,True
10,688,19,0,True
10,689,19,0,True
10,690,19,0,True
10,691,19,0,True
10,692,19,0,True
10,693,19,0,True
10,694,19,0,True
10,695,19,0,True
10,696,19,0,True
10,697,19,0,True
10,698,19,0,True
10,699,19,0,True
10,700,19,0,True
10,701,19,0,True
10,702,19,0,True
10,703,19,0,True
10,704,19,0,True
10,705,19,0,True
10,706,19,0,True
10,707,19,0,True
10,708,19,0,True
10,709,19,0,True
10,710,19,0,True
10,711,19,0,True
10,712,19,0,True
10,713,19,0,True
10,714,19,0,True
10,715,19,0,True
10,716,19,0,True
10,717,19,0,True
10,718,19,0,True
10,719,19,0,True
10,720,19,0,True
10,721,19,0,True
10,722,19,0,True
10,723,19,0,True
10,724,19,0,True
10,725,19,0,True
10,726,19,0,True
10,727,19,0,True
10,728,19,0,True
10,729,19,0,True
10,730,19,0,True
10,731,19,0,True
10,732,19,0,True
10,733,19,0,True
10,734,19,0,True
10,735,19,0,True
10,736,19,0,True
10,737,19,0,True
10,738,19,0,True
10,739,19,0,True
10,740,19,0,True
10,741,19,0,True
10,742,19,0,True
10,743,19,0,True
10,744,19,0,True
10,745,19,0,True
10,746,19,0,True
10,747,19,0,True
10,748,19,0,True
10,749,19,0,True
10,750,19,0,True
10,751,19,0,True
10,752,19,0,True
10,753,19,0,True
10,754,19,0,True
10,755,19,0,True
10,756,19,0,True
10,757,19,0,True
10,758,19,0,True
10,759,19,0,True
10,760,19,0,True
10,761,19,0,True
10,762,19,0,True
10,763,19,0,True
10,764,19,0,True
10,765,19,0,True
10,766,19,0,True
10,767,19,0,True
10,768,19,0,True
10,769,19,0,True
10,770,19,0,True
10,771,19,0,True
10,772,19,0,True
10,773,19,0,True
10,774,19,0,True
10,775,19,0,True
10,776,19,0,True
10,777,19,0,True
10,778,19,0,True
10,779,19,0,True
10,780,19,0,True
10,781,19,0,True
10,782,19,0,True
10,783,19,0,True
10,784,19,0,True
10,785,19,0,True
10,786,19,0,True
10,787,19,0,True
10,788,19,0,True
10,789,19,0,True
10,790,19,0,True
10,791,19,0,True
10,792,19,0,True
10,793,19,0,True
10,794,19,0,True
10,795,19,0,True
10,796,19,0,True
10,797,19,0,True
10,798,19,0,True
10,799,19,0,True
10,800,19,0,True
10,801,19,0,True
10,802,19,0,True
10,803,19,0,True
10,804,19,0,True
10,805,19,0,True
10,806,19,0,True
10,807,19,0,True
10,808,19,0,True
10,809,19,0,True
10,810,19,0,True
10,811,19,0,True
10,812,19,0,True
10,813,19,0,True
10,814,19,0,True
10,815,19,0,True
10,816,19,0,True
10,817,19,0,True
10,818,19,0,True
10,819,19,0,True
10,820,19,0,True
10,821,19,0,True
10,822,19,0,True
10,823,19,0,True
10,824,19,0,True
10,825,19,0,True
10,826,19,0,True
10,827,19,0,True
10,828,19,0,True
10,829,19,0,True
10,830,19,0,True
10,831,19,0,True
10,832,19,0,True
10,833,19,0,True
10,834,19,0,True
10,835,19,0,True
10,836,19,0,True
10,837,19,0,True
10,838,19,0,True
10,839,19,0,True
10,840,19,0,True
10,841,19,0,True
10,842,19,0,True
10,843,18,0,True
10,844,18,0,True
10,845,18,0,True
10,846,18,0,True
10,847,18,0,True
10,848,18,0,True
10,849,18,0,True
10,850,18,0,True
10,851,18,0,True
10,852,18,0,True
10,853,18,0,True
10,854,18,0,True
10,855,18,0,True
10,856,18,0,True
10,857,18,0,True
10,858,18,0,True
10,859,18,0,True
10,860,18,0,True
10,861,18,0,True
10,862,18,0,True
10,863,18,0,True
10,864,18,0,True
10,865,18,0,True
10,866,18,0,True
10,867,18,0,True
10,868,18,0,True
10,869,18,0,True
10,870,18,0,True
10,871,18,0,True
10,872,18,0,True
10,873,18,0,True
10,874,18,0,True
10,875,18,0,True
10,876,18,0,True
10,877,18,0,True
10,878,18,0,True
10,879,18,0,True
10,880,18,0,True
10,881,18,0,True
10,882,18,0,True
10,883,18,0,True
10,884,18,0,True
10,885,18,0,True
10,886,18,0,True
10,887,18,0,True
10,888,18,0,True
10,889,18,0,True
10,890,18,0,True
10,891,18,0,True
10,892,18,0,True
10,893,18,0,True
10,894,18,0,True
10,895,18,0,True
10,896,18,0,True
10,897,18,0,True
10,898,18,0,True
10,899,18,0,True
10,900,18,0,True
10,901,18,0,True
10,902,18,0,True
10,903,18,0,True
10,904,18,0,True
10,905,18,0,True
10,906,18,0,True
10,907,18,0,True
10,908,18,0,True
10,909,18,0,True
10,910,18,0,True
10,911,18,0,True
10,912,18,0,True
10,913,18,0,True
10,914,18,0,True
10,915,18,0,True
10,916,18,0,True
10,917,18,0,True
10,918,18,0,True
10,919,18,0,True
10,920,18,0,True
10,921,18,0,True
10,922,18,0,True
10,923,18,0,True
10,924,18,0,True
10,925,18,0,True
10,926,18,0,True
10,927,18,0,True
10,928,18,0,True
10,929,18,0,True
10,930,18,0,True
10,931,18,0,True
10,932,18,0,True
10,933,18,0,True
10,934,18,0,True
10,935,18,0,True
10,936,18,0,True
10,937,18,0,True
10,938,18,0,True
10,939,18,0,True
10,940,18,0,True
10,941,18,0,True
10,942,18,0,True
10,943,18,0,True
10,944,18,0,True
10,945,18,0,True
10,946,18,0,True
10,947,18,0,True
10,948,18,0,True
10,949,18,0,True
10,950,18,0,True
10,951,18,0,True
10,952,18,0,True
10,953,18,0,True
10,954,18,0,True
10,955,18,0,True
10,956,18,0,True
10,957,18,0,True
10,958,18,0,True
10,959,18,0,True
10,960,18,0,True
10,961,18,0,True
10,962,18,0,True
10,963,18,0,True
10,964,18,0,True
10,965,18,0,True
10,966,18,0,True
10,967,18,0,True
10,968,18,0,True
10,969,18,0,True
10,970,18,0,True
10,971,18,0,True
10,972,18,0,True
10,973,18,0,True
10,974,18,0,True
10,975,18,0,True
10,976,18,0,True
10,977,18,0,True
10,978,18,0,True
10,979,18,0,True
10,980,18,0,True
10,981,18,0,True
10,982,18,0,True
10,983,18,0,True
10,984,18,0,True
10,985,18,0,True
10,986,18,0,True
10,987,18,0,True
10,988,18,0,True
10,989,18,0,True
10,990,18,0,True
10,991,18,0,True
10,992,18,0,True
10,993,18,0,True
10,994,18,0,True
10,995,18,0,True
10,996,18,0,True
10,997,18,0,True
10,998,18,0,True
10,999,18,0,True
10,1000,18,0,True
10,1001,18,0,True
10,1002,18,0,True
10,1003,18,0,True
10,1004,18,0,True
10,1005,18,0,True
10,1006,18,0,True
10,1007,18,0,True
10,1008,18,0,True
10,1009,18,0,True
10,1010,18,0,True
10,1011,18,0,True
10,1012,18,0,True
10,1013,18,0,True
10,1014,18,0,True
10,1015,18,0,True
10,1016,18,0,True
10,1017,18,0,True
10,1018,18,0,True
10,1019,18,0,True
10,1020,18,0,True
10,1021,18,0,True
10,1022,18,0,True
10,1023,18,0,True
10,1024,18,0,True
10,1025,18,0,True
10,1026,18,0,True
10,1027,18,0,True
10,1028,18,0,True
10,1029,18,0,True
10,1030,18,0,True
10,1031,18,0,True
10,1032,18,0,True
10,1033,18,0,True
10,1034,18,0,True
10,1035,18,0,True
10,1036,18,0,True
10,1037,18,0,True
10,1038,18,0,True
10,1039,18,0,True
10,1040,18,0,True
10,1041,18,0,True
10,1042,18,0,True
10,1043,18,0,True
10,1044,18,0,True
10,1045,18,0,True
10,1046,18,0,True
10,1047,18,0,True
10,1048,18,0,True
10,1049,18,0,True
10,1050,18,0,True
10,1051,18,0,True
10,1052,18,0,True
10,1053,18,0,True
10,1054,18,0,True
10,1055,18,0,True
10,1056,18,0,True
10,1057,18,0,True
10,1058,18,0,True
10,1059,18,0,True
10,1060,18,0,True
10,1061,18,0,True
10,1062,18,0,True
10,1063,18,0,True
10,1064,18,0,True
10,1065,18,0,True
10,1066,18,0,True
10,1067,18,0,True
10,1068,18,0,True
10,1069,18,0,True
10,1070,18,0,True
10,1071,18,0,True
10,1072,18,0,True
10,1073,18,0,True
10,1074,18,0,True
10,1075,18,0,True
10,1076,18,0,True
10,1077,18,0,True
10,1078,18,0,True
10,1079,18,0,True
10,1080,18,0,True
10,1081,18,0,True
10,1082,18,0,True
10,1083,18,0,True
10,1084,18,0,True
10,1085,18,0,True
10,1086,18,0,True
10,1087,18,0,True
10,1088,18,0,True
10,1089,18,0,True
10,1090,18,0,True
10,1091,18,0,True
10,1092,18,0,True
10,1093,18,0,True
10,1094,18,0,True
10,1095,18,0,True
10,1096,18,0,True
10,1097,18,0,True
10,1098,18,0,True
10,1099,18,0,True
10,1100,18,0,True
10,1101,18,0,True
10,1102,18,0,True
10,1103,18,0,True
10,1104,18,0,True
10,1105,18,0,True
10,1106,18,0,True
10,1107,18,0,True
10,1108,18,0,True
10,1109,18,0,True
10,1110,18,0,True
10,1111,18,0,True
10,1112,18,0,True
10,1113,18,0,True
10,1114,18,0,True
10,1115,18,0,True
10,1116,18,0,True
10,1117,18,0,True
10,1118,18,0,True
10,1119,18,0,True
10,1120,18,0,True
10,1121,18,0,True
10,1122,18,0,True
10,1123,18,0,True
10,1124,18,0,True
10,1125,18,0,True
10,1126,18,0,True
10,1127,18,0,True
10,1128,18,0,True
10,1129,18,0,True
10,1130,18,0,True
10,1131,18,0,True
10,1132,18,0,True
10,1133,18,0,True
10,1134,18,0,True
10,1135,18,0,True
10,1136,18,0,True
10,1137,18,0,True
10,1138,18,0,True
10,1139,18,0,True
10,1140,18,0,True
10,1141,18,0,True
10,1142,18,0,True
10,1143,18,0,True
10,1144,18,0,True
10,1145,18,0,True
10,1146,18,0,True
10,1147,18,0,True
10,1148,18,0,True
10,1149,18,0,True
10,1150,18,0,True
10,1151,18,0,True
10,1152,18,0,True
10,1153,18,0,True
10,1154,18,0,True
10,1155,18,0,True
10,1156,18,0,True
10,1157,18,0,True
10,1158,18,0,True
10,1159,18,0,True
10,1160,18,0,True
10,1161,18,0,True
10,1162,18,0,True
10,1163,18,0,True
10,1164,18,0,True
10,1165,18,0,True
10,1166,17,0,True
10,1167,17,0,True
10,1168,17,0,True
10,1169,17,0,True
10,1170,17,0,True
10,1171,17,0,True
10,1172,17,0,True
10,1173,17,0,True
10,1174,17,0,True
10,1175,17,0,True
10,1176,17,0,True
10,1177,17,0,True
10,1178,17,0,True
10,1179,17,0,True
10,1180,17,0,True
10,1181,17,0,True
10,1182,17,0,True
10,1183,17,0,True
10,1184,17,0,True
10,1185,17,0,True
10,1186,17,0,True
10,1187,17,0,True
10,1188,17,0,True
10,1189,17,0,True
10,1190,17,0,True
10,1191,17,0,True
10,1192,17,0,True
10,1193,17,0,True
10,1194,17,0,True
10,1195,17,0,True
10,1196,17,0,True
10,1197,17,0,True
10,1198,17,0,True
10,1199,17,0,True
10,1200,17,0,True
10,1201,17,0,True
10,1202,17,0,True
10,1203,17,0,True
10,1204,17,0,True
10,1205,17,0,True
10,1206,17,0,True
10,1207,17,0,True
10,1208,17,0,True
10,1209,17,0,True
10,1210,17,0,True
10,1211,17,0,True
10,1212,17,0,True
10,1213,17,0,True
10,1214,17,0,True
10,1215,17,0,True
10,1216,17,0,True
10,1217,17,0,True
10,1218,17,0,True
10,1219,17,0,True
10,1220,17,0,True
10,1221,17,0,True
10,1222,17,0,True
10,1223,17,0,True
10,1224,17,0,True
10,1225,17,0,True
10,1226,17,0,True
10,1227,17,0,True
10,1228,17,0,True
10,1229,17,0,True
10,1230,17,0,True
10,1231,17,0,True
10,1232,17,0,True
10,1233,17,0,True
10,1234,17,0,True
10,1235,17,0,True
10,1236,17,0,True
10,1237,17,0,True
10,1238,17,0,True
10,1239,17,0,True
10,1240,17,0,True
10,1241,17,0,True
10,1242,17,0,True
10,1243,17,0,True
10,1244,17,0,True
10,1245,17,0,True
10,1246,17,0,True
10,1247,17,0,True
10,1248,17,0,True
10,1249,17,0,True
10,1250,17,0,True
10,1251,17,0,True
10,1252,17,0,True
10,1253,17,0,True
10,1254,17,0,True
10,1255,17,0,True
10,1256,17,0,True
10,1257,17,0,True
10,1258,17,0,True
10,1259,17,0,True
10,1260,17,0,True
10,1261,17,0,True
10,1262,17,0,True
10,1263,17,0,True
10,1264,17,0,True
10,1265,17,0,True
10,1266,17,0,True
10,1267,17,0,True
10,1268,17,0,True
10,1269,17,0,True
10,1270,17,0,True
10,1271,17,0,True
10,1272,17,0,True
10,1273,17,0,True
10,1274,17,0,True
10,1275,17,0,True
10,1276,17,0,True
10,1277,17,0,True
10,1278,17,0,True
10,1279,17,0,True
10,1280,17,0,True
10,1281,17,0,True
10,1282,17,0,True
10,1283,17,0,True
10,1284,17,0,True
10,1285,17,0,True
10,1286,17,0,True
10,1287,17,0,True
10,1288,17,0,True
10,1289,17,0,True
10,1290,17,0,True
10,1291,17,0,True
10,1292,17,0,True
10,1293,17,0,True
10,1294,17,0,True
10,1295,17,0,True
10,1296,17,0,True
10,1297,17,0,True
10,1298,17,0,True
10,1299,17,0,True
10,1300,17,0,True
10,1301,17,0,True
10,1302,17,0,True
10,1303,17,0,True
10,1304,17,0,True
10,1305,17,0,True
10,1306,17,0,True
10,1307,17,0,True
10,1308,17,0,True
10,1309,17,0,True
10,1310,17,0,True
10,1311,17,0,True
10,1312,17,0,True
10,1313,17,0,True
10,1314,17,0,True
10,1315,17,0,True
10,1316,17,0,True
10,1317,17,0,True
10,1318,17,0,True
10,1319,17,0,True
10,1320,17,0,True
10,1321,17,0,True
10,1322,17,0,True
10,1323,17,0,True
10,1324,17,0,True
10,1325,17,0,True
10,1326,17,0,True
10,1327,17,0,True
10,1328,17,0,True
10,1329,17,0,True
10,1330,17,0,True
10,1331,17,0,True
10,1332,17,0,True
10,1333,17,0,True
10,1334,17,0,True
10,1335,17,0,True
10,1336,17,0,True
10,1337,17,0,True
10,1338,17,0,True
10,1339,17,0,True
10,1340,17,0,True
10,1341,17,0,True
10,1342,17,0,True
10,1343,17,0,True
10,1344,17,0,True
10,1345,17,0,True
10,1346,17,0,True
10,1347,17,0,True
10,1348,17,0,True
10,1349,17,0,True
10,1350,17,0,True
10,1351,17,0,True
10,1352,17,0,True
10,1353,17,0,True
10,1354,17,0,True
10,1355,17,0,True
10,1356,17,0,True
10,1357,17,0,True
10,1358,17,0,True
10,1359,17,0,True
10,1360,17,0,True
10,1361,17,0,True
10,1362,17,0,True
10,1363,17,0,True
10,1364,17,0,True
10,1365,17,0,True
10,1366,17,0,True
10,1367,17,0,True
10,1368,17,0,True
10,1369,17,0,True
10,1370,17,0,True
10,1371,17,0,True
10,1372,17,0,True
10,1373,17,0,True
10,1374,17,0,True
10,1375,17,0,True
10,1376,17,0,True
10,1377,17,0,True
10,1378,17,0,True
10,1379,17,0,True
10,1380,17,0,True
10,1381,17,0,True
10,1382,17,0,True
10,1383,17,0,True
10,1384,17,0,True
10,1385,17,0,True
10,1386,17,0,True
10,1387,17,0,True
10,1388,17,0,True
10,1389,17,0,True
10,1390,17,0,True
10,1391,17,0,True
10,1392,17,0,True
10,1393,17,0,True
10,1394,17,0,True
10,1395,17,0,True
10,1396,17,0,True
10,1397,17,0,True
10,1398,17,0,True
10,1399,17,0,True
10,1400,17,0,True
10,1401,17,0,True
10,1402,17,0,True
10,1403,17,0,True
10,1404,17,0,True
10,1405,17,0,True
10,1406,17,0,True
10,1407,17,0,True
10,1408,17,0,True
10,1409,17,0,True
10,1410,17,0,True
10,1411,17,0,True
10,1412,17,0,True
10,1413,17,0,True
10,1414,17,0,True
10,1415,17,0,True
10,1416,17,0,True
10,1417,17,0,True
10,1418,17,0,True
10,1419,17,0,True
10,1420,17,0,True
10,1421,17,0,True
10,1422,17,0,True
10,1423,17,0,True
10,1424,17,0,True
10,1425,17,0,True
10,1426,17,0,True
10,1427,17,0,True
10,1428,17,0,True
10,1429,17,0,True
10,1430,17,0,True
10,1431,17,0,True
10,1432,17,0,True
10,1433,17,0,True
10,1434,17,0,True
10,1435,17,0,True
10,1436,17,0,True
10,1437,17,0,True
10,1438,17,0,True
10,1439,17,0,True
10,1440,17,0,True
10,1441,17,0,True
10,1442,17,0,True
10,1443,17,0,True
10,1444,17,0,True
10,1445,17,0,True
10,1446,17,0,True
10,1447,17,0,True
10,1448,17,0,True
10,1449,17,0,True
10,1450,17,0,True
10,1451,17,0,True
10,1452,17,0,True
10,1453,17,0,True
10,1454,17,0,True
10,1455,17,0,True
10,1456,17,0,True
10,1457,17,0,True
10,1458,17,0,True
10,1459,17,0,True
10,1460,17,0,True
10,1461,17,0,True
10,1462,17,0,True
10,1463,17,0,True
10,1464,17,0,True
10,1465,17,0,True
10,1466,17,0,True
10,1467,17,0,True
10,1468,17,0,True
10,1469,17,0,True
10,1470,17,0,True
10,1471,17,0,True
10,1472,17,0,True
10,1473,17,0,True
10,1474,17,0,True
10,1475,17,0,True
10,1476,17,0,True
10,1477,17,0,True
10,1478,17,0,True
10,1479,17,0,True
10,1480,17,0,True
10,1481,17,0,True
10,1482,17,0,True
10,1483,17,0,True
10,1484,17,0,True
10,1485,17,0,True
10,1486,17,0,True
10,1487,17,0,True
10,1488,17,0,True
10,1489,17,0,True
10,1490,17,0,True
10,1491,17,0,True
10,1492,17,0,True
10,1493,17,0,True
10,1494,17,0,True
10,1495,17,0,True
10,1496,17,0,True
10,1497,17,0,True
10,1498,17,0,True
10,1499,17,0,True
10,1500,17,0,True
10,1501,17,0,True
10,1502,17,0,True
10,1503,17,0,True
10,1504,17,0,True
10,1505,17,0,True
10,1506,17,0,True
10,1507,17,0,True
10,1508,17,0,True
10,1509,17,0,True
10,1510,17,0,True
10,1511,17,0,True
10,1512,17,0,True
10,1513,17,0,True
10,1514,17,0,True
10,1515,17,0,True
10,1516,17,0,True
10,1517,17,0,True
10,1518,17,0,True
10,1519,17,0,True
10,1520,17,0,True
10,1521,17,0,True
10,1522,17,0,True
10,1523,17,0,True
10,1524,17,0,True
10,1525,17,0,True
10,1526,17,0,True
10,1527,17,0,True
10,1528,17,0,True
10,1529,17,0,True
10,1530,17,0,True
10,1531,17,0,True
10,1532,17,0,True
10,1533,17,0,True
10,1534,17,0,True
10,1535,17,0,True
10,1536,17,0,True
10,1537,17,0,True
10,1538,17,0,True
10,1539,17,0,True
10,1540,17,0,True
10,1541,17,0,True
10,1542,17,0,True
10,1543,17,0,True
10,1544,17,0,True
10,1545,17,0,True
10,1546,17,0,True
10,1547,17,0,True
10,1548,17,0,True
10,1549,17,0,True
10,1550,17,0,True
10,1551,17,0,True
10,1552,17,0,True
10,1553,17,0,True
10,1554,17,0,True
10,1555,17,0,True
10,1556,17,0,True
10,1557,17,0,True
10,1558,17,0,True
10,1559,17,0,True
10,1560,17,0,True
10,1561,17,0,True
10,1562,17,0,True
10,1563,17,0,True
10,1564,17,0,True
10,1565,17,0,True
10,1566,17,0,True
10,1567,17,0,True
10,1568,17,0,True
10,1569,17,0,True
10,1570,17,0,True
10,1571,17,0,True
10,1572,17,0,True
10,1573,17,0,True
10,1574,17,0,True
10,1575,17,0,True
10,1576,17,0,True
10,1577,17,0,True
10,1578,17,0,True
10,1579,17,0,True
10,1580,17,0,True
10,1581,17,0,True
10,1582,17,0,True
10,1583,17,0,True
10,1584,17,0,True
10,1585,17,0,True
10,1586,17,0,True
10,1587,17,0,True
10,1588,17,0,True
10,1589,17,0,True
10,1590,17,0,True
10,1591,17,0,True
10,1592,17,0,True
10,1593,17,0,True
10,1594,17,0,True
10,1595,17,0,True
10,1596,17,0,True
10,1597,17,0,True
10,1598,17,0,True
10,1599,17,0,True
10,1600,17,0,True
10,1601,17,0,True
10,1602,17,0,True
10,1603,17,0,True
10,1604,17,0,True
10,1605,17,0,True
10,1606,17,0,True
10,1607,17,0,True
10,1608,17,0,True
10,1609,17,0,True
10,1610,17,0,True
10,1611,17,0,True
10,1612,17,0,True
10,1613,17,0,True
10,1614,17,0,True
10,1615,17,0,True
10,1616,17,0,True
10,1617,17,0,True
10,1618,17,0,True
10,1619,17,0,True
10,1620,17,0,True
10,1621,17,0,True
10,1622,17,0,True
10,1623,17,0,True
10,1624,17,0,True
10,1625,17,0,True
10,1626,17,0,True
10,1627,17,0,True
10,1628,17,0,True
10,1629,17,0,True
10,1630,17,0,True
10,1631,17,0,True
10,1632,17,0,True
10,1633,17,0,True
10,1634,17,0,True
10,1635,17,0,True
10,1636,17,0,True
10,1637,17,0,True
10,1638,17,0,True
10,1639,17,0,True
10,1640,17,0,True
10,1641,17,0,True
10,1642,17,0,True
10,1643,17,0,True
10,1644,17,0,True
10,1645,17,0,True
10,1646,17,0,True
10,1647,17,0,True
10,1648,17,0,True
10,1649,17,0,True
10,1650,17,0,True
10,1651,17,0,True
10,1652,17,0,True
10,1653,17,0,True
10,1654,17,0,True
10,1655,17,0,True
10,1656,17,0,True
10,1657,17,0,True
10,1658,17,0,True
10,1659,17,0,True
10,1660,17,0,True
10,1661,17,0,True
10,1662,17,0,True
10,1663,17,0,True
10,1664,17,0,True
10,1665,17,0,True
10,1666,17,0,True
10,1667,28,8447,False
10,1668,28,8331,False
10,1669,29,8200,False
10,1670,28,8083,False
10,1671,29,7960,False
10,1672,29,7842,False
10,1673,29,7721,False
10,1674,29,7613,False
10,1675,29,7493,False
10,1676,28,7375,False
10,1677,28,7268,False
10,1678,28,7152,False
10,1679,28,7032,False
10,1680,27,6919,False
10,1681,26,6803,False
10,1682,26,6676,False
10,1683,26,6560,False
10,1684,25,6455,False
10,1685,25,6341,False
10,1686,25,6239,False
10,1687,26,6144,False
10,1688,26,6027,False
10,1689,26,5908,False
10,1690,26,5793,False
10,1691,26,5685,False
10,1692,27,5563,False
10,1693,27,5439,False
10,1694,27,5330,False
10,1695,27,5224,False
10,1696,27,5106,False
10,1697,26,4990,False
10,1698,26,4872,False
10,1699,26,4789,False
10,1700,26,4697,False
10,1701,25,4578,False
10,1702,25,4480,False
10,1703,25,4370,False
10,1704,25,4261,False
10,1705,25,4177,False
10,1706,25,4091,False
10,1707,24,4001,False
10,1708,24,3891,False
10,1709,24,3778,False
10,1710,25,3696,False
10,1711,25,3605,False
10,1712,26,3517,False
10,1713,26,3432,False
10,1714,26,3352,False
10,1715,26,3265,False
10,1716,26,3170,False
10,1717,26,3086,False
10,1718,26,3002,False
10,1719,26,2924,False
10,1720,25,2817,False
10,1721,25,2739,False
10,1722,25,2657,False
10,1723,25,2583,False
10,1724,25,2520,False
10,1725,25,2463,False
10,1726,25,2405,False
10,1727,26,2338,False
10,1728,26,2259,False
10,1729,26,2206,False
10,1730,25,2134,False
10,1731,25,2057,False
10,1732,25,2002,False
10,1733,25,1947,False
10,1734,25,1891,False
10,1735,25,1837,False
10,1736,25,1784,False
10,1737,25,1720,False
10,1738,25,1664,False
10,1739,26,1604,False
10,1740,26,1548,False
10,1741,26,1497,False
10,1742,26,1447,False
10,1743,26,1393,False
10,1744,26,1339,False
10,1745,26,1282,False
10,1746,26,1230,False
10,1747,26,1178,False
10,1748,26,1124,False
10,1749,26,1075,False
10,1750,26,1026,False
10,1751,26,974,False
10,1752,27,922,False
10,1753,27,873,False
10,1754,27,828,False
10,1755,28,780,False
10,1756,28,736,False
10,1757,28,695,False
10,1758,28,642,False
10,1759,28,601,False
10,1760,29,554,False
10,1761,29,512,False
10,1762,30,475,False
10,1763,30,425,False
10,1764,30,383,False
10,1765,30,335,False
10,1766,30,285,False
10,1767,29,242,False
10,1768,28,214,False
10,1769,28,164,False
10,1770,28,120,False
10,1771,28,109,False
10,1772,29,65,False
10,1773,29,61,False
10,1774,29,54,False
10,1775,29,47,False
10,1776,29,42,False
10,1777,30,37,False
10,1778,30,33,False
10,1779,29,30,False
10,1780,29,28,False
10,1781,29,15,False
10,1782,29,12,False
10,1783,29,9,False
10,1784,29,7,False
10,1785,29,5,False
10,1786,28,4,False
10,1787,28,4,False
10,1788,28,4,False
10,1789,28,4,False
10,1790,28,4,False
10,1791,28,4,False
10,1792,28,4,False
10,1793,28,4,False
10,1794,28,4,False
10,1795,28,4,False
10,1796,28,4,False
10,1797,28,4,False
10,1798,28,4,False
10,1799,28,4,False
10,1800,28,4,False
10,1801,28,4,False
10,1802,28,4,False
10,1803,28,4,False
10,1804,28,4,False
10,1805,28,4,False
10,1806,28,4,False
25,0,25,8474,False
25,1,25,8361,False
25,2,25,8244,False
25,3,25,8123,False
25,4,25,8002,False
25,5,25,7884,False
25,6,25,7758,False
25,7,25,7640,False
25,8,25,7512,False
25,9,25,7398,False
25,10,25,7283,False
25,11,26,7172,False
25,12,26,7059,False
25,13,26,6938,False
25,14,26,6822,False
25,15,27,6699,False
25,16,27,6577,False
25,17,27,6467,False
25,18,27,6363,False
25,19,27,6253,False
25,20,27,6136,False
25,21,27,6012,False
25,22,27,5908,False
25,23,27,5794,False
25,24,26,5675,False
25,25,26,5577,False
25,26,25,5463,False
25,27,25,5347,False
25,28,26,5235,False
25,29,26,5131,False
25,30,26,5039,False
25,31,26,4934,False
25,32,26,4820,False
25,33,26,4701,False
25,34,26,4580,False
25,35,26,4499,False
25,36,26,4380,False
25,37,27,4271,False
25,38,27,4188,False
25,39,27,4097,False
25,40,27,3985,False
25,41,27,3904,False
25,42,27,3824,False
25,43,27,3711,False
25,44,27,3597,False
25,45,27,3488,False
25,46,27,3388,False
25,47,27,3300,False
25,48,27,3224,False
25,49,27,3159,False
25,50,27,3070,False
25,51,27,2980,False
25,52,27,2901,False
25,53,27,2843,False
25,54,27,2789,False
25,55,27,2739,False
25,56,27,2656,False
25,57,27,2600,False
25,58,27,2523,False
25,59,27,2442,False
25,60,27,2368,False
25,61,27,2311,False
25,62,28,2241,False
25,63,28,2171,False
25,64,28,2114,False
25,65,27,2058,False
25,66,27,2005,False
25,67,27,1952,False
25,68,27,1891,False
25,69,27,1840,False
25,70,27,1785,False
25,71,28,1730,False
25,72,28,1675,False
25,73,28,1621,False
25,74,28,1571,False
25,75,28,1519,False
25,76,28,1465,False
25,77,28,1412,False
25,78,28,1360,False
25,79,28,1305,False
25,80,28,1255,False
25,81,28,1205,False
25,82,28,1144,False
25,83,28,1093,False
25,84,28,1045,False
25,85,28,1001,False
25,86,28,953,False
25,87,28,900,False
25,88,28,855,False
25,89,29,807,False
25,90,29,763,False
25,91,30,719,False
25,92,30,673,False
25,93,30,623,False
25,94,30,575,False
25,95,30,533,False
25,96,30,495,False
25,97,29,448,False
25,98,29,406,False
25,99,29,361,False
25,100,29,322,False
25,101,30,280,False
25,102,30,261,False
25,103,30,246,False
25,104,30,200,False
25,105,30,161,False
25,106,30,126,False
25,107,30,89,False
25,108,30,78,False
25,109,30,72,False
25,110,30,62,False
25,111,30,46,False
25,112,30,37,False
25,113,30,31,False
25,114,30,25,False
25,115,30,19,False
25,116,30,14,False
25,117,30,11,False
25,118,30,7,False
25,119,30,4,False
25,120,30,3,False
25,121,30,2,False
25,122,30,0,True
25,123,30,0,True
25,124,30,0,True
25,125,30,0,True
25,126,30,0,True
25,127,29,0,True
25,128,29,0,True
25,129,29,0,True
25,130,29,0,True
25,131,29,0,True
25,132,29,0,True
25,133,29,0,True
25,134,28,0,True
25,135,28,0,True
25,136,28,0,True
25,137,28,0,True
25,138,28,0,True
25,139,28,0,True
25,140,27,0,True
25,141,27,0,True
25,142,27,0,True
25,143,27,0,True
25,144,27,0,True
25,145,27,0,True
25,146,27,0,True
25,147,27,0,True
25,148,26,0,True
25,149,26,0,True
25,150,26,0,True
25,151,26,0,True
25,152,26,0,True
25,153,26,0,True
25,154,26,0,True
25,155,26,0,True
25,156,26,0,True
25,157,26,0,True
25,158,26,0,True
25,159,26,0,True
25,160,26,0,True
25,161,26,0,True
25,162,26,0,True
25,163,26,0,True
25,164,25,0,True
25,165,25,0,True
25,166,25,0,True
25,167,25,0,True
25,168,25,0,True
25,169,25,0,True
25,170,25,0,True
25,171,25,0,True
25,172,25,0,True
25,173,25,0,True
25,174,25,0,True
25,175,25,0,True
25,176,25,0,True
25,177,25,0,True
25,178,25,0,True
25,179,25,0,True
25,180,25,0,True
25,181,25,0,True
25,182,25,0,True
25,183,25,0,True
25,184,25,0,True
25,185,25,0,True
25,186,25,0,True
25,187,25,0,True
25,188,25,0,True
25,189,25,0,True
25,190,25,0,True
25,191,24,0,True
25,192,24,0,True
25,193,24,0,True
25,194,24,0,True
25,195,24,0,True
25,196,24,0,True
25,197,24,0,True
25,198,24,0,True
25,199,24,0,True
25,200,24,0,True
25,201,24,0,True
25,202,24,0,True
25,203,24,0,True
25,204,24,0,True
25,205,24,0,True
25,206,24,0,True
25,207,24,0,True
25,208,24,0,True
25,209,24,0,True
25,210,24,0,True
25,211,24,0,True
25,212,24,0,True
25,213,24,0,True
25,214,24,0,True
25,215,24,0,True
25,216,24,0,True
25,217,24,0,True
25,218,24,0,True
25,219,24,0,True
25,220,24,0,True
25,221,24,0,True
25,222,24,0,True
25,223,24,0,True
25,224,24,0,True
25,225,24,0,True
25,226,24,0,True
25,227,24,0,True
25,228,24,0,True
25,229,24,0,True
25,230,24,0,True
25,231,24,0,True
25,232,24,0,True
25,233,24,0,True
25,234,24,0,True
25,235,24,0,True
25,236,23,0,True
25,237,23,0,True
25,238,23,0,True
25,239,23,0,True
25,240,23,0,True
25,241,23,0,True
25,242,23,0,True
25,243,23,0,True
25,244,23,0,True
25,245,23,0,True
25,246,23,0,True
25,247,23,0,True
25,248,23,0,True
25,249,23,0,True
25,250,23,0,True
25,251,23,0,True
25,252,23,0,True
25,253,23,0,True
25,254,23,0,True
25,255,23,0,True
25,256,23,0,True
25,257,23,0,True
25,258,23,0,True
25,259,23,0,True
25,260,23,0,True
25,261,23,0,True
25,262,23,0,True
25,263,23,0,True
25,264,23,0,True
25,265,23,0,True
25,266,23,0,True
25,267,23,0,True
25,268,23,0,True
25,269,23,0,True
25,270,23,0,True
25,271,23,0,True
25,272,23,0,True
25,273,23,0,True
25,274,23,0,True
25,275,23,0,True
25,276,23,0,True
25,277,23,0,True
25,278,23,0,True
25,279,23,0,True
25,280,23,0,True
25,281,23,0,True
25,282,23,0,True
25,283,23,0,True
25,284,23,0,True
25,285,23,0,True
25,286,23,0,True
25,287,23,0,True
25,288,23,0,True
25,289,23,0,True
25,290,23,0,True
25,291,23,0,True
25,292,22,0,True
25,293,22,0,True
25,294,22,0,True
25,295,22,0,True
25,296,22,0,True
25,297,22,0,True
25,298,22,0,True
25,299,22,0,True
25,300,22,0,True
25,301,22,0,True
25,302,22,0,True
25,303,22,0,True
25,304,22,0,True
25,305,22,0,True
25,306,22,0,True
25,307,22,0,True
25,308,22,0,True
25,309,22,0,True
25,310,22,0,True
25,311,22,0,True
25,312,22,0,True
25,313,22,0,True
25,314,22,0,True
25,315,22,0,True
25,316,22,0,True
25,317,22,0,True
25,318,22,0,True
25,319,22,0,True
25,320,22,0,True
25,321,22,0,True
25,322,22,0,True
25,323,22,0,True
25,324,22,0,True
25,325,22,0,True
25,326,22,0,True
25,327,22,0,True
25,328,22,0,True
25,329,22,0,True
25,330,22,0,True
25,331,22,0,True
25,332,22,0,True
25,333,22,0,True
25,334,22,0,True
25,335,22,0,True
25,336,22,0,True
25,337,22,0,True
25,338,22,0,True
25,339,22,0,True
25,340,22,0,True
25,341,22,0,True
25,342,22,0,True
25,343,22,0,True
25,344,22,0,True
25,345,22,0,True
25,346,22,0,True
25,347,22,0,True
25,348,22,0,True
25,349,22,0,True
25,350,22,0,True
25,351,22,0,True
25,352,22,0,True
25,353,22,0,True
25,354,22,0,True
25,355,22,0,True
25,356,22,0,True
25,357,22,0,True
25,358,22,0,True
25,359,22,0,True
25,360,22,0,True
25,361,22,0,True
25,362,22,0,True
25,363,22,0,True
25,364,22,0,True
25,365,22,0,True
25,366,22,0,True
25,367,22,0,True
25,368,22,0,True
25,369,22,0,True
25,370,22,0,True
25,371,22,0,True
25,372,22,0,True
25,373,21,0,True
25,374,21,0,True
25,375,21,0,True
25,376,21,0,True
25,377,21,0,True
25,378,21,0,True
25,379,21,0,True
25,380,21,0,True
25,381,21,0,True
25,382,21,0,True
25,383,21,0,True
25,384,21,0,True
25,385,21,0,True
25,386,21,0,True
25,387,21,0,True
25,388,21,0,True
25,389,21,0,True
25,390,21,0,True
25,391,21,0,True
25,392,21,0,True
25,393,21,0,True
25,394,21,0,True
25,395,21,0,True
25,396,21,0,True
25,397,21,0,True
25,398,21,0,True
25,399,21,0,True
25,400,21,0,True
25,401,21,0,True
25,402,21,0,True
25,403,21,0,True
25,404,21,0,True
25,405,21,0,True
25,406,21,0,True
25,407,21,0,True
25,408,21,0,True
25,409,21,0,True
25,410,21,0,True
25,411,21,0,True
25,412,21,0,True
25,413,21,0,True
25,414,21,0,True
25,415,21,0,True
25,416,21,0,True
25,417,21,0,True
25,418,21,0,True
25,419,21,0,True
25,420,21,0,True
25,421,21,0,True
25,422,21,0,True
25,423,21,0,True
25,424,21,0,True
25,425,21,0,True
25,426,21,0,True
25,427,21,0,True
25,428,21,0,True
25,429,21,0,True
25,430,21,0,True
25,431,21,0,True
25,432,21,0,True
25,433,21,0,True
25,434,21,0,True
25,435,21,0,True
25,436,21,0,True
25,437,21,0,True
25,438,21,0,True
25,439,21,0,True
25,440,21,0,True
25,441,21,0,True
25,442,21,0,True
25,443,21,0,True
25,444,21,0,True
25,445,21,0,True
25,446,21,0,True
25,447,21,0,True
25,448,21,0,True
25,449,21,0,True
25,450,21,0,True
25,451,21,0,True
25,452,21,0,True
25,453,21,0,True
25,454,21,0,True
25,455,21,0,True
25,456,21,0,True
25,457,21,0,True
25,458,21,0,True
25,459,21,0,True
25,460,21,0,True
25,461,21,0,True
25,462,21,0,True
25,463,21,0,True
25,464,21,0,True
25,465,21,0,True
25,466,21,0,True
25,467,21,0,True
25,468,21,0,True
25,469,21,0,True
25,470,21,0,True
25,471,21,0,True
25,472,21,0,True
25,473,21,0,True
25,474,21,0,True
25,475,21,0,True
25,476,20,0,True
25,477,20,0,True
25,478,20,0,True
25,479,20,0,True
25,480,20,0,True
25,481,20,0,True
25,482,20,0,True
25,483,20,0,True
25,484,20,0,True
25,485,20,0,True
25,486,20,0,True
25,487,20,0,True
25,488,20,0,True
25,489,20,0,True
25,490,20,0,True
25,491,20,0,True
25,492,20,0,True
25,493,20,0,True
25,494,20,0,True
25,495,20,0,True
25,496,20,0,True
25,497,20,0,True
25,498,20,0,True
25,499,20,0,True
25,500,20,0,True
25,501,20,0,True
25,502,20,0,True
25,503,20,0,True
25,504,20,0,True
25,505,20,0,True
25,506,20,0,True
25,507,20,0,True
25,508,20,0,True
25,509,20,0,True
25,510,20,0,True
25,511,20,0,True
25,512,20,0,True
25,513,20,0,True
25,514,20,0,True
25,515,20,0,True
25,516,20,0,True
25,517,20,0,True
25,518,20,0,True
25,519,20,0,True
25,520,20,0,True
25,521,20,0,True
25,522,20,0,True
25,523,20,0,True
25,524,20,0,True
25,525,20,0,True
25,526,20,0,True
25,527,20,0,True
25,528,20,0,True
25,529,20,0,True
25,530,20,0,True
25,531,20,0,True
25,532,20,0,True
25,533,20,0,True
25,534,20,0,True
25,535,20,0,True
25,536,20,0,True
25,537,20,0,True
25,538,20,0,True
25,539,20,0,True
25,540,20,0,True
25,541,20,0,True
25,542,20,0,True
25,543,20,0,True
25,544,20,0,True
25,545,20,0,True
25,546,20,0,True
25,547,20,0,True
25,548,20,0,True
25,549,20,0,True
25,550,20,0,True
25,551,20,0,True
25,552,20,0,True
25,553,20,0,True
25,554,20,0,True
25,555,20,0,True
25,556,20,0,True
25,557,20,0,True
25,558,20,0,True
25,559,20,0,True
25,560,20,0,True
25,561,20,0,True
25,562,20,0,True
25,563,20,0,True
25,564,20,0,True
25,565,20,0,True
25,566,20,0,True
25,567,20,0,True
25,568,20,0,True
25,569,20,0,True
25,570,20,0,True
25,571,20,0,True
25,572,20,0,True
25,573,20,0,True
25,574,20,0,True
25,575,20,0,True
25,576,20,0,True
25,577,20,0,True
25,578,20,0,True
25,579,20,0,True
25,580,20,0,True
25,581,20,0,True
25,582,20,0,True
25,583,20,0,True
25,584,20,0,True
25,585,20,0,True
25,586,20,0,True
25,587,20,0,True
25,588,20,0,True
25,589,20,0,True
25,590,20,0,True
25,591,20,0,True
25,592,20,0,True
25,593,20,0,True
25,594,20,0,True
25,595,20,0,True
25,596,20,0,True
25,597,20,0,True
25,598,20,0,True
25,599,20,0,True
25,600,20,0,True
25,601,20,0,True
25,602,20,0,True
25,603,20,0,True
25,604,20,0,True
25,605,20,0,True
25,606,20,0,True
25,607,20,0,True
25,608,20,0,True
25,609,20,0,True
25,610,20,0,True
25,611,20,0,True
25,612,20,0,True
25,613,20,0,True
25,614,20,0,True
25,615,20,0,True
25,616,20,0,True
25,617,20,0,True
25,618,20,0,True
25,619,20,0,True
25,620,20,0,True
25,621,20,0,True
25,622,20,0,True
25,623,20,0,True
25,624,20,0,True
25,625,20,0,True
25,626,20,0,True
25,627,20,0,True
25,628,19,0,True
25,629,19,0,True
25,630,19,0,True
25,631,19,0,True
25,632,19,0,True
25,633,19,0,True
25,634,19,0,True
25,635,19,0,True
25,636,19,0,True
25,637,19,0,True
25,638,19,0,True
25,639,19,0,True
25,640,19,0,True
25,641,19,0,True
25,642,19,0,True
25,643,19,0,True
25,644,19,0,True
25,645,19,0,True
25,646,19,0,True
25,647,19,0,True
25,648,19,0,True
25,649,19,0,True
25,650,19,0,True
25,651,19,0,True
25,652,19,0,True
25,653,19,0,True
25,654,19,0,True
25,655,19,0,True
25,656,19,0,True
25,657,19,0,True
25,658,19,0,True
25,659,19,0,True
25,660,19,0,True
25,661,19,0,True
25,662,19,0,True
25,663,19,0,True
25,664,19,0,True
25,665,19,0,True
25,666,19,0,True
25,667,19,0,True
25,668,19,0,True
25,669,19,0,True
25,670,19,0,True
25,671,19,0,True
25,672,19,0,True
25,673,19,0,True
25,674,19,0,True
25,675,19,0,True
25,676,19,0,True
25,677,19,0,True
25,678,19,0,True
25,679,19,0,True
25,680,19,0,True
25,681,19,0,True
25,682,19,0,True
25,683,19,0,True
25,684,19,0,True
25,685,19,0,True
25,686,19,0,True
25,687,19,0,True
25,688,19,0,True
25,689,19,0,True
25,690,19,0,True
25,691,19,0,True
25,692,19,0,True
25,693,19,0,True
25,694,19,0,True
25,695,19,0,True
25,696,19,0,True
25,697,19,0,True
25,698,19,0,True
25,699,19,0,True
25,700,19,0,True
25,701,19,0,True
25,702,19,0,True
25,703,19,0,True
25,704,19,0,True
25,705,19,0,True
25,706,19,0,True
25,707,19,0,True
25,708,19,0,True
25,709,19,0,True
25,710,19,0,True
25,711,19,0,True
25,712,19,0,True
25,713,19,0,True
25,714,19,0,True
25,715,19,0,True
25,716,19,0,True
25,717,19,0,True
25,718,19,0,True
25,719,19,0,True
25,720,19,0,True
25,721,19,0,True
25,722,19,0,True
25,723,19,0,True
25,724,19,0,True
25,725,19,0,True
25,726,19,0,True
25,727,19,0,True
25,728,19,0,True
25,729,19,0,True
25,730,19,0,True
25,731,19,0,True
25,732,19,0,True
25,733,19,0,True
25,734,19,0,True
25,735,19,0,True
25,736,19,0,True
25,737,19,0,True
25,738,19,0,True
25,739,19,0,True
25,740,19,0,True
25,741,19,0,True
25,742,19,0,True
25,743,19,0,True
25,744,19,0,True
25,745,19,0,True
25,746,19,0,True
25,747,19,0,True
25,748,19,0,True
25,749,19,0,True
25,750,19,0,True
25,751,19,0,True
25,752,19,0,True
25,753,19,0,True
25,754,19,0,True
25,755,19,0,True
25,756,19,0,True
25,757,19,0,True
25,758,19,0,True
25,759,19,0,True
25,760,19,0,True
25,761,19,0,True
25,762,19,0,True
25,763,19,0,True
25,764,19,0,True
25,765,19,0,True
25,766,19,0,True
25,767,19,0,True
25,768,19,0,True
25,769,19,0,True
25,770,19,0,True
25,771,19,0,True
25,772,19,0,True
25,773,19,0,True
25,774,19,0,True
25,775,19,0,True
25,776,19,0,True
25,777,19,0,True
25,778,19,0,True
25,779,19,0,True
25,780,19,0,True
25,781,19,0,True
25,782,19,0,True
25,783,19,0,True
25,784,19,0,True
25,785,19,0,True
25,786,19,0,True
25,787,19,0,True
25,788,19,0,True
25,789,19,0,True
25,790,19,0,True
25,791,19,0,True
25,792,19,0,True
25,793,19,0,True
25,794,19,0,True
25,795,19,0,True
25,796,19,0,True
25,797,19,0,True
25,798,19,0,True
25,799,19,0,True
25,800,19,0,True
25,801,19,0,True
25,802,19,0,True
25,803,19,0,True
25,804,19,0,True
25,805,19,0,True
25,806,19,0,True
25,807,19,0,True
25,808,19,0,True
25,809,19,0,True
25,810,19,0,True
25,811,19,0,True
25,812,19,0,True
25,813,19,0,True
25,814,19,0,True
25,815,19,0,True
25,816,19,0,True
25,817,19,0,True
25,818,19,0,True
25,819,19,0,True
25,820,19,0,True
25,821,19,0,True
25,822,19,0,True
25,823,19,0,True
25,824,19,0,True
25,825,19,0,True
25,826,19,0,True
25,827,19,0,True
25,828,19,0,True
25,829,19,0,True
25,830,19,0,True
25,831,19,0,True
25,832,19,0,True
25,833,19,0,True
25,834,19,0,True
25,835,19,0,True
25,836,19,0,True
25,837,19,0,True
25,838,19,0,True
25,839,19,0,True
25,840,19,0,True
25,841,19,0,True
25,842,19,0,True
25,843,18,0,True
25,844,18,0,True
25,845,18,0,True
25,846,18,0,True
25,847,18,0,True
25,848,18,0,True
25,849,18,0,True
25,850,18,0,True
25,851,18,0,True
25,852,18,0,True
25,853,18,0,True
25,854,18,0,True
25,855,18,0,True
25,856,18,0,True
25,857,18,0,True
25,858,18,0,True
25,859,18,0,True
25,860,18,0,True
25,861,18,0,True
25,862,18,0,True
25,863,18,0,True
25,864,18,0,True
25,865,18,0,True
25,866,18,0,True
25,867,18,0,True
25,868,18,0,True
25,869,18,0,True
25,870,18,0,True
25,871,18,0,True
25,872,18,0,True
25,873,18,0,True
25,874,18,0,True
25,875,18,0,True
25,876,18,0,True
25,877,18,0,True
25,878,18,0,True
25,879,18,0,True
25,880,18,0,True
25,881,18,0,True
25,882,18,0,True
25,883,18,0,True
25,884,18,0,True
25,885,18,0,True
25,886,18,0,True
25,887,18,0,True
25,888,18,0,True
25,889,18,0,True
25,890,18,0,True
25,891,18,0,True
25,892,18,0,True
25,893,18,0,True
25,894,18,0,True
25,895,18,0,True
25,896,18,0,True
25,897,18,0,True
25,898,18,0,True
25,899,18,0,True
25,900,18,0,True
25,901,18,0,True
25,902,18,0,True
25,903,18,0,True
25,904,18,0,True
25,905,18,0,True
25,906,18,0,True
25,907,18,0,True
25,908,18,0,True
25,909,18,0,True
25,910,18,0,True
25,911,18,0,True
25,912,18,0,True
25,913,18,0,True
25,914,18,0,True
25,915,18,0,True
25,916,18,0,True
25,917,18,0,True
25,918,18,0,True
25,919,18,0,True
25,920,18,0,True
25,921,18,0,True
25,922,18,0,True
25,923,18,0,True
25,924,18,0,True
25,925,18,0,True
25,926,18,0,True
25,927,18,0,True
25,928,18,0,True
25,929,18,0,True
25,930,18,0,True
25,931,18,0,True
25,932,18,0,True
25,933,18,0,True
25,934,18,0,True
25,935,18,0,True
25,936,18,0,True
25,937,18,0,True
25,938,18,0,True
25,939,18,0,True
25,940,18,0,True
25,941,18,0,True
25,942,18,0,True
25,943,18,0,True
25,944,18,0,True
25,945,18,0,True
25,946,18,0,True
25,947,18,0,True
25,948,18,0,True
25,949,18,0,True
25,950,18,0,True
25,951,18,0,True
25,952,18,0,True
25,953,18,0,True
25,954,18,0,True
25,955,18,0,True
25,956,18,0,True
25,957,18,0,True
25,958,18,0,True
25,959,18,0,True
25,960,18,0,True
25,961,18,0,True
25,962,18,0,True
25,963,18,0,True
25,964,18,0,True
25,965,18,0,True
25,966,18,0,True
25,967,18,0,True
25,968,18,0,True
25,969,18,0,True
25,970,18,0,True
25,971,18,0,True
25,972,18,0,True
25,973,18,0,True
25,974,18,0,True
25,975,18,0,True
25,976,18,0,True
25,977,18,0,True
25,978,18,0,True
25,979,18,0,True
25,980,18,0,True
25,981,18,0,True
25,982,18,0,True
25,983,18,0,True
25,984,18,0,True
25,985,18,0,True
25,986,18,0,True
25,987,18,0,True
25,988,18,0,True
25,989,18,0,True
25,990,18,0,True
25,991,18,0,True
25,992,18,0,True
25,993,18,0,True
25,994,18,0,True
25,995,18,0,True
25,996,18,0,True
25,997,18,0,True
25,998,18,0,True
25,999,18,0,True
25,1000,18,0,True
25,1001,18,0,True
25,1002,18,0,True
25,1003,18,0,True
25,1004,18,0,True
25,1005,18,0,True
25,1006,18,0,True
25,1007,18,0,True
25,1008,18,0,True
25,1009,18,0,True
25,1010,18,0,True
25,1011,18,0,True
25,1012,18,0,True
25,1013,18,0,True
25,1014,18,0,True
25,1015,18,0,True
25,1016,18,0,True
25,1017,18,0,True
25,1018,18,0,True
25,1019,18,0,True
25,1020,18,0,True
25,1021,18,0,True
25,1022,18,0,True
25,1023,18,0,True
25,1024,18,0,True
25,1025,18,0,True
25,1026,18,0,True
25,1027,18,0,True
25,1028,18,0,True
25,1029,18,0,True
25,1030,18,0,True
25,1031,18,0,True
25,1032,18,0,True
25,1033,18,0,True
25,1034,18,0,True
25,1035,18,0,True
25,1036,18,0,True
25,1037,18,0,True
25,1038,18,0,True
25,1039,18,0,True
25,1040,18,0,True
25,1041,18,0,True
25,1042,18,0,True
25,1043,18,0,True
25,1044,18,0,True
25,1045,18,0,True
25,1046,18,0,True
25,1047,18,0,True
25,1048,18,0,True
25,1049,18,0,True
25,1050,18,0,True
25,1051,18,0,True
25,1052,18,0,True
25,1053,18,0,True
25,1054,18,0,True
25,1055,18,0,True
25,1056,18,0,True
25,1057,18,0,True
25,1058,18,0,True
25,1059,18,0,True
25,1060,18,0,True
25,1061,18,0,True
25,1062,18,0,True
25,1063,18,0,True
25,1064,18,0,True
25,1065,18,0,True
25,1066,18,0,True
25,1067,18,0,True
25,1068,18,0,True
25,1069,18,0,True
25,1070,18,0,True
25,1071,18,0,True
25,1072,18,0,True
25,1073,18,0,True
25,1074,18,0,True
25,1075,18,0,True
25,1076,18,0,True
25,1077,18,0,True
25,1078,18,0,True
25,1079,18,0,True
25,1080,18,0,True
25,1081,18,0,True
25,1082,18,0,True
25,1083,18,0,True
25,1084,18,0,True
25,1085,18,0,True
25,1086,18,0,True
25,1087,18,0,True
25,1088,18,0,True
25,1089,18,0,True
25,1090,18,0,True
25,1091,18,0,True
25,1092,18,0,True
25,1093,18,0,True
25,1094,18,0,True
25,1095,18,0,True
25,1096,18,0,True
25,1097,18,0,True
25,1098,18,0,True
25,1099,18,0,True
25,1100,18,0,True
25,1101,18,0,True
25,1102,18,0,True
25,1103,18,0,True
25,1104,18,0,True
25,1105,18,0,True
25,1106,18,0,True
25,1107,18,0,True
25,1108,18,0,True
25,1109,18,0,True
25,1110,18,0,True
25,1111,18,0,True
25,1112,18,0,True
25,1113,18,0,True
25,1114,18,0,True
25,1115,18,0,True
25,1116,18,0,True
25,1117,18,0,True
25,1118,18,0,True
25,1119,18,0,True
25,1120,18,0,True
25,1121,18,0,True
25,1122,18,0,True
25,1123,18,0,True
25,1124,18,0,True
25,1125,18,0,True
25,1126,18,0,True
25,1127,18,0,True
25,1128,18,0,True
25,1129,18,0,True
25,1130,18,0,True
25,1131,18,0,True
25,1132,18,0,True
25,1133,18,0,True
25,1134,18,0,True
25,1135,18,0,True
25,1136,18,0,True
25,1137,18,0,True
25,1138,18,0,True
25,1139,18,0,True
25,1140,18,0,True
25,1141,18,0,True
25,1142,18,0,True
25,1143,18,0,True
25,1144,18,0,True
25,1145,18,0,True
25,1146,18,0,True
25,1147,18,0,True
25,1148,18,0,True
25,1149,18,0,True
25,1150,18,0,True
25,1151,18,0,True
25,1152,18,0,True
25,1153,18,0,True
25,1154,18,0,True
25,1155,18,0,True
25,1156,18,0,True
25,1157,18,0,True
25,1158,18,0,True
25,1159,18,0,True
25,1160,18,0,True
25,1161,18,0,True
25,1162,18,0,True
25,1163,18,0,True
25,1164,18,0,True
25,1165,18,0,True
25,1166,17,0,True
25,1167,17,0,True
25,1168,17,0,True
25,1169,17,0,True
25,1170,17,0,True
25,1171,17,0,True
25,1172,17,0,True
25,1173,17,0,True
25,1174,17,0,True
25,1175,17,0,True
25,1176,17,0,True
25,1177,17,0,True
25,1178,17,0,True
25,1179,17,0,True
25,1180,17,0,True
25,1181,17,0,True
25,1182,17,0,True
25,1183,17,0,True
25,1184,17,0,True
25,1185,17,0,True
25,1186,17,0,True
25,1187,17,0,True
25,1188,17,0,True
25,1189,17,0,True
25,1190,17,0,True
25,1191,17,0,True
25,1192,17,0,True
25,1193,17,0,True
25,1194,17,0,True
25,1195,17,0,True
25,1196,17,0,True
25,1197,17,0,True
25,1198,17,0,True
25,1199,17,0,True
25,1200,17,0,True
25,1201,17,0,True
25,1202,17,0,True
25,1203,17,0,True
25,1204,17,0,True
25,1205,17,0,True
25,1206,17,0,True
25,1207,17,0,True
25,1208,17,0,True
25,1209,17,0,True
25,1210,17,0,True
25,1211,17,0,True
25,1212,17,0,True
25,1213,17,0,True
25,1214,17,0,True
25,1215,17,0,True
25,1216,17,0,True
25,1217,17,0,True
25,1218,17,0,True
25,1219,17,0,True
25,1220,17,0,True
25,1221,17,0,True
25,1222,17,0,True
25,1223,17,0,True
25,1224,17,0,True
25,1225,17,0,True
25,1226,17,0,True
25,1227,17,0,True
25,1228,17,0,True
25,1229,17,0,True
25,1230,17,0,True
25,1231,17,0,True
25,1232,17,0,True
25,1233,17,0,True
25,1234,17,0,True
25,1235,17,0,True
25,1236,17,0,True
25,1237,17,0,True
25,1238,17,0,True
25,1239,17,0,True
25,1240,17,0,True
25,1241,17,0,True
25,1242,17,0,True
25,1243,17,0,True
25,1244,17,0,True
25,1245,17,0,True
25,1246,17,0,True
25,1247,17,0,True
25,1248,17,0,True
25,1249,17,0,True
25,1250,17,0,True
25,1251,17,0,True
25,1252,17,0,True
25,1253,17,0,True
25,1254,17,0,True
25,1255,17,0,True
25,1256,17,0,True
25,1257,17,0,True
25,1258,17,0,True
25,1259,17,0,True
25,1260,17,0,True
25,1261,17,0,True
25,1262,17,0,True
25,1263,17,0,True
25,1264,17,0,True
25,1265,17,0,True
25,1266,17,0,True
25,1267,17,0,True
25,1268,17,0,True
25,1269,17,0,True
25,1270,17,0,True
25,1271,17,0,True
25,1272,17,0,True
25,1273,17,0,True
25,1274,17,0,True
25,1275,17,0,True
25,1276,17,0,True
25,1277,17,0,True
25,1278,17,0,True
25,1279,17,0,True
25,1280,17,0,True
25,1281,17,0,True
25,1282,17,0,True
25,1283,17,0,True
25,1284,17,0,True
25,1285,17,0,True
25,1286,17,0,True
25,1287,17,0,True
25,1288,17,0,True
25,1289,17,0,True
25,1290,17,0,True
25,1291,17,0,True
25,1292,17,0,True
25,1293,17,0,True
25,1294,17,0,True
25,1295,17,0,True
25,1296,17,0,True
25,1297,17,0,True
25,1298,17,0,True
25,1299,17,0,True
25,1300,17,0,True
25,1301,17,0,True
25,1302,17,0,True
25,1303,17,0,True
25,1304,17,0,True
25,1305,17,0,True
25,1306,17,0,True
25,1307,17,0,True
25,1308,17,0,True
25,1309,17,0,True
25,1310,17,0,True
25,1311,17,0,True
25,1312,17,0,True
25,1313,17,0,True
25,1314,17,0,True
25,1315,17,0,True
25,1316,17,0,True
25,1317,17,0,True
25,1318,17,0,True
25,1319,17,0,True
25,1320,17,0,True
25,1321,17,0,True
25,1322,17,0,True
25,1323,17,0,True
25,1324,17,0,True
25,1325,17,0,True
25,1326,17,0,True
25,1327,17,0,True
25,1328,17,0,True
25,1329,17,0,True
25,1330,17,0,True
25,1331,17,0,True
25,1332,17,0,True
25,1333,17,0,True
25,1334,17,0,True
25,1335,17,0,True
25,1336,17,0,True
25,1337,17,0,True
25,1338,17,0,True
25,1339,17,0,True
25,1340,17,0,True
25,1341,17,0,True
25,1342,17,0,True
25,1343,17,0,True
25,1344,17,0,True
25,1345,17,0,True
25,1346,17,0,True
25,1347,17,0,True
25,1348,17,0,True
25,1349,17,0,True
25,1350,17,0,True
25,1351,17,0,True
25,1352,17,0,True
25,1353,17,0,True
25,1354,17,0,True
25,1355,17,0,True
25,1356,17,0,True
25,1357,17,0,True
25,1358,17,0,True
25,1359,17,0,True
25,1360,17,0,True
25,1361,17,0,True
25,1362,17,0,True
25,1363,17,0,True
25,1364,17,0,True
25,1365,17,0,True
25,1366,17,0,True
25,1367,17,0,True
25,1368,17,0,True
25,1369,17,0,True
25,1370,17,0,True
25,1371,17,0,True
25,1372,17,0,True
25,1373,17,0,True
25,1374,17,0,True
25,1375,17,0,True
25,1376,17,0,True
25,1377,17,0,True
25,1378,17,0,True
25,1379,17,0,True
25,1380,17,0,True
25,1381,17,0,True
25,1382,17,0,True
25,1383,17,0,True
25,1384,17,0,True
25,1385,17,0,True
25,1386,17,0,True
25,1387,17,0,True
25,1388,17,0,True
25,1389,17,0,True
25,1390,17,0,True
25,1391,17,0,True
25,1392,17,0,True
25,1393,17,0,True
25,1394,17,0,True
25,1395,17,0,True
25,1396,17,0,True
25,1397,17,0,True
25,1398,17,0,True
25,1399,17,0,True
25,1400,17,0,True
25,1401,17,0,True
25,1402,17,0,True
25,1403,17,0,True
25,1404,17,0,True
25,1405,17,0,True
25,1406,17,0,True
25,1407,17,0,True
25,1408,17,0,True
25,1409,17,0,True
25,1410,17,0,True
25,1411,17,0,True
25,1412,17,0,True
25,1413,17,0,True
25,1414,17,0,True
25,1415,17,0,True
25,1416,17,0,True
25,1417,17,0,True
25,1418,17,0,True
25,1419,17,0,True
25,1420,17,0,True
25,1421,17,0,True
25,1422,17,0,True
25,1423,17,0,True
25,1424,17,0,True
25,1425,17,0,True
25,1426,17,0,True
25,1427,17,0,True
25,1428,17,0,True
25,1429,17,0,True
25,1430,17,0,True
25,1431,17,0,True
25,1432,17,0,True
25,1433,17,0,True
25,1434,17,0,True
25,1435,17,0,True
25,1436,17,0,True
25,1437,17,0,True
25,1438,17,0,True
25,1439,17,0,True
25,1440,17,0,True
25,1441,17,0,True
25,1442,17,0,True
25,1443,17,0,True
25,1444,17,0,True
25,1445,17,0,True
25,1446,17,0,True
25,1447,17,0,True
25,1448,17,0,True
25,1449,17,0,True
25,1450,17,0,True
25,1451,17,0,True
25,1452,17,0,True
25,1453,17,0,True
25,1454,17,0,True
25,1455,17,0,True
25,1456,17,0,True
25,1457,17,0,True
25,1458,17,0,True
25,1459,17,0,True
25,1460,17,0,True
25,1461,17,0,True
25,1462,17,0,True
25,1463,17,0,True
25,1464,17,0,True
25,1465,17,0,True
25,1466,17,0,True
25,1467,17,0,True
25,1468,17,0,True
25,1469,17,0,True
25,1470,17,0,True
25,1471,17,0,True
25,1472,17,0,True
25,1473,17,0,True
25,1474,17,0,True
25,1475,17,0,True
25,1476,17,0,True
25,1477,17,0,True
25,1478,17,0,True
25,1479,17,0,True
25,1480,17,0,True
25,1481,17,0,True
25,1482,17,0,True
25,1483,17,0,True
25,1484,17,0,True
25,1485,17,0,True
25,1486,17,0,True
25,1487,17,0,True
25,1488,17,0,True
25,1489,17,0,True
25,1490,17,0,True
25,1491,17,0,True
25,1492,17,0,True
25,1493,17,0,True
25,1494,17,0,True
25,1495,17,0,True
25,1496,17,0,True
25,1497,17,0,True
25,1498,17,0,True
25,1499,17,0,True
25,1500,17,0,True
25,1501,17,0,True
25,1502,17,0,True
25,1503,17,0,True
25,1504,17,0,True
25,1505,17,0,True
25,1506,17,0,True
25,1507,17,0,True
25,1508,17,0,True
25,1509,17,0,True
25,1510,17,0,True
25,1511,17,0,True
25,1512,17,0,True
25,1513,17,0,True
25,1514,17,0,True
25,1515,17,0,True
25,1516,17,0,True
25,1517,17,0,True
25,1518,17,0,True
25,1519,17,0,True
25,1520,17,0,True
25,1521,17,0,True
25,1522,17,0,True
25,1523,17,0,True
25,1524,17,0,True
25,1525,17,0,True
25,1526,17,0,True
25,1527,17,0,True
25,1528,17,0,True
25,1529,17,0,True
25,1530,17,0,True
25,1531,17,0,True
25,1532,17,0,True
25,1533,17,0,True
25,1534,17,0,True
25,1535,17,0,True
25,1536,17,0,True
25,1537,17,0,True
25,1538,17,0,True
25,1539,17,0,True
25,1540,17,0,True
25,1541,17,0,True
25,1542,17,0,True
25,1543,17,0,True
25,1544,17,0,True
25,1545,17,0,True
25,1546,17,0,True
25,1547,17,0,True
25,1548,17,0,True
25,1549,17,0,True
25,1550,17,0,True
25,1551,17,0,True
25,1552,17,0,True
25,1553,17,0,True
25,1554,17,0,True
25,1555,17,0,True
25,1556,17,0,True
25,1557,17,0,True
25,1558,17,0,True
25,1559,17,0,True
25,1560,17,0,True
25,1561,17,0,True
25,1562,17,0,True
25,1563,17,0,True
25,1564,17,0,True
25,1565,17,0,True
25,1566,17,0,True
25,1567,17,0,True
25,1568,17,0,True
25,1569,17,0,True
25,1570,17,0,True
25,1571,17,0,True
25,1572,17,0,True
25,1573,17,0,True
25,1574,17,0,True
25,1575,17,0,True
25,1576,17,0,True
25,1577,17,0,True
25,1578,17,0,True
25,1579,17,0,True
25,1580,17,0,True
25,1581,17,0,True
25,1582,17,0,True
25,1583,17,0,True
25,1584,17,0,True
25,1585,17,0,True
25,1586,17,0,True
25,1587,17,0,True
25,1588,17,0,True
25,1589,17,0,True
25,1590,17,0,True
25,1591,17,0,True
25,1592,17,0,True
25,1593,17,0,True
25,1594,17,0,True
25,1595,17,0,True
25,1596,17,0,True
25,1597,17,0,True
25,1598,17,0,True
25,1599,17,0,True
25,1600,17,0,True
25,1601,17,0,True
25,1602,17,0,True
25,1603,17,0,True
25,1604,17,0,True
25,1605,17,0,True
25,1606,17,0,True
25,1607,17,0,True
25,1608,17,0,True
25,1609,17,0,True
25,1610,17,0,True
25,1611,17,0,True
25,1612,17,0,True
25,1613,17,0,True
25,1614,17,0,True
25,1615,17,0,True
25,1616,17,0,True
25,1617,17,0,True
25,1618,17,0,True
25,1619,17,0,True
25,1620,17,0,True
25,1621,17,0,True
25,1622,17,0,True
25,1623,17,0,True
25,1624,17,0,True
25,1625,17,0,True
25,1626,17,0,True
25,1627,17,0,True
25,1628,17,0,True
25,1629,17,0,True
25,1630,17,0,True
25,1631,17,0,True
25,1632,17,0,True
25,1633,17,0,True
25,1634,17,0,True
25,1635,17,0,True
25,1636,17,0,True
25,1637,17,0,True
25,1638,17,0,True
25,1639,17,0,True
25,1640,17,0,True
25,1641,17,0,True
25,1642,17,0,True
25,1643,17,0,True
25,1644,17,0,True
25,1645,17,0,True
25,1646,17,0,True
25,1647,17,0,True
25,1648,17,0,True
25,1649,17,0,True
25,1650,17,0,True
25,1651,17,0,True
25,1652,17,0,True
25,1653,17,0,True
25,1654,17,0,True
25,1655,17,0,True
25,1656,17,0,True
25,1657,17,0,True
25,1658,17,0,True
25,1659,17,0,True
25,1660,17,0,True
25,1661,17,0,True
25,1662,17,0,True
25,1663,17,0,True
25,1664,17,0,True
25,1665,17,0,True
25,1666,17,0,True
25,1667,28,8447,False
25,1668,28,8331,False
25,1669,29,8200,False
25,1670,28,8083,False
25,1671,29,7960,False
25,1672,29,7842,False
25,1673,29,7721,False
25,1674,29,7613,False
25,1675,29,7493,False
25,1676,28,7375,False
25,1677,28,7268,False
25,1678,28,7152,False
25,1679,28,7032,False
25,1680,27,6919,False
25,1681,26,6803,False
25,1682,26,6676,False
25,1683,26,6560,False
25,1684,25,6455,False
25,1685,25,6341,False
25,1686,25,6239,False
25,1687,26,6144,False
25,1688,26,6027,False
25,1689,26,5908,False
25,1690,26,5793,False
25,1691,26,5685,False
25,1692,27,5563,False
25,1693,27,5439,False
25,1694,27,5330,False
25,1695,27,5224,False
25,1696,27,5106,False
25,1697,26,4990,False
25,1698,26,4872,False
25,1699,26,4789,False
25,1700,26,4697,False
25,1701,25,4578,False
25,1702,25,4480,False
25,1703,25,4370,False
25,1704,25,4261,False
25,1705,25,4177,False
25,1706,25,4091,False
25,1707,24,4001,False
25,1708,24,3891,False
25,1709,24,3778,False
25,1710,25,3696,False
25,1711,25,3605,False
25,1712,26,3517,False
25,1713,26,3432,False
25,1714,26,3352,False
25,1715,26,3265,False
25,1716,26,3170,False
25,1717,26,3086,False
25,1718,26,3002,False
25,1719,26,2924,False
25,1720,25,2817,False
25,1721,25,2739,False
25,1722,25,2657,False
25,1723,25,2583,False
25,1724,25,2520,False
25,1725,25,2463,False
25,1726,25,2405,False
25,1727,26,2338,False
25,1728,26,2259,False
25,1729,26,2206,False
25,1730,25,2134,False
25,1731,25,2057,False
25,1732,25,2002,False
25,1733,25,1947,False
25,1734,25,1891,False
25,1735,25,1837,False
25,1736,25,1784,False
25,1737,25,1720,False
25,1738,25,1664,False
25,1739,26,1604,False
25,1740,26,1548,False
25,1741,26,1497,False
25,1742,26,1447,False
25,1743,26,1393,False
25,1744,26,1339,False
25,1745,26,1282,False
25,1746,26,1230,False
25,1747,26,1178,False
25,1748,26,1124,False
25,1749,26,1075,False
25,1750,26,1026,False
25,1751,26,974,False
25,1752,27,922,False
25,1753,27,873,False
25,1754,27,828,False
25,1755,28,780,False
25,1756,28,736,False
25,1757,28,695,False
25,1758,28,642,False
25,1759,28,601,False
25,1760,29,554,False
25,1761,29,512,False
25,1762,30,475,False
25,1763,30,425,False
25,1764,30,383,False
25,1765,30,335,False
25,1766,30,285,False
25,1767,29,242,False
25,1768,28,214,False
25,1769,28,164,False
25,1770,28,120,False
25,1771,28,109,False
25,1772,29,65,False
25,1773,29,61,False
25,1774,29,54,False
25,1775,29,47,False
25,1776,29,42,False
25,1777,30,37,False
25,1778,30,33,False
25,1779,29,30,False
25,1780,29,28,False
25,1781,29,25,False
25,1782,29,22,False
25,1783,29,20,False
25,1784,29,19,False
25,1785,29,18,False
25,1786,29,16,False
25,1787,29,16,False
25,1788,29,15,False
25,1789,29,14,False
25,1790,29,13,False
25,1791,29,12,False
25,1792,29,12,False
25,1793,29,4,False
25,1794,29,4,False
25,1795,29,4,False
25,1796,29,4,False
25,1797,29,4,False
25,1798,29,4,False
25,1799,29,4,False
25,1800,29,4,False
25,1801,29,4,False
25,1802,29,4,False
25,1803,29,4,False
25,1804,29,4,False
25,1805,29,4,False
25,1806,29,4,False
25,1807,28,4,False
25,1808,28,4,False
25,1809,28,4,False
25,1810,28,4,False
25,1811,28,4,False
25,1812,28,4,False
25,1813,28,4,False
25,1814,28,4,False
25,1815,28,4,False
25,1816,28,4,False
25,1817,28,4,False
25,1818,28,4,False
25,1819,28,4,False
25,1820,28,4,False
25,1821,28,4,False
25,1822,28,4,False
25,1823,28,4,False
25,1824,28,4,False
25,1825,28,4,False
25,1826,28,4,False
25,1827,28,4,False
25,1828,28,4,False
25,1829,28,4,False
25,1830,28,4,False
25,1831,28,4,False
25,1832,28,4,False
25,1833,28,4,False
25,1834,28,4,False
25,1835,28,4,False
25,1836,28,4,False
25,1837,28,4,False
25,1838,28,4,False
25,1839,28,4,False
25,1840,28,4,False
25,1841,28,4,False
25,1842,28,4,False
25,1843,28,4,False
25,1844,28,4,False
25,1845,28,4,False
25,1846,28,4,False
25,1847,28,4,False
25,1848,28,4,False
25,1849,28,4,False
25,1850,28,4,False
25,1851,28,4,False
25,1852,28,4,False
25,1853,28,4,False
25,1854,28,4,False
25,1855,28,4,False
25,1856,28,4,False
25,1857,28,4,False
25,1858,28,4,False
25,1859,28,4,False
25,1860,28,4,False
25,1861,28,4,False
25,1862,28,4,False
25,1863,28,4,False
25,1864,28,4,False
25,1865,28,4,False
25,1866,28,4,False
25,1867,28,4,False
25,1868,28,4,False
25,1869,28,4,False
25,1870,28,4,False
25,1871,28,4,False
25,1872,28,4,False
25,1873,28,4,False
25,1874,28,4,False
25,1875,28,4,False
25,1876,28,4,False
25,1877,28,4,False
25,1878,28,4,False
25,1879,28,4,False
25,1880,28,4,False
25,1881,28,4,False
25,1882,28,4,False
25,1883,28,4,False
25,1884,28,4,False
25,1885,28,4,False
25,1886,28,4,False
25,1887,28,4,False
25,1888,28,4,False
25,1889,28,4,False
25,1890,28,4,False
25,1891,28,4,False
25,1892,28,4,False
25,1893,28,4,False
25,1894,28,4,False
25,1895,28,4,False
25,1896,28,4,False
25,1897,28,4,False
25,1898,28,4,False
25,1899,28,4,False
25,1900,28,4,False
25,1901,28,4,False
25,1902,28,4,False
25,1903,28,4,False
25,1904,28,4,False
25,1905,28,4,False
25,1906,28,4,False
25,1907,28,4,False
25,1908,28,4,False
25,1909,28,4,False
25,1910,28,4,False
25,1911,28,4,False
25,1912,28,4,False
25,1913,28,4,False
25,1914,28,4,False
25,1915,28,4,False
25,1916,28,4,False
25,1917,28,4,False
25,1918,28,4,False
25,1919,28,4,False
25,1920,28,4,False
25,1921,28,4,False
25,1922,28,4,False
25,1923,28,4,False
25,1924,28,4,False
25,1925,28,4,False
25,1926,28,4,False
25,1927,28,4,False
25,1928,28,4,False
25,1929,28,4,False
25,1930,28,4,False
25,1931,28,4,False
25,1932,28,4,False
25,1933,28,4,False
25,1934,28,4,False
25,1935,28,4,False
25,1936,28,4,False
25,1937,28,4,False
25,1938,28,4,False
25,1939,28,4,False
25,1940,28,4,False
25,1941,28,4,False
25,1942,28,4,False
25,1943,28,4,False
25,1944,28,4,False
25,1945,28,4,False
25,1946,28,4,False
25,1947,28,4,False
25,1948,28,4,False
25,1949,28,4,False
25,1950,28,4,False
25,1951,28,4,False
25,1952,28,4,False
25,1953,28,4,False
25,1954,28,4,False
25,1955,28,4,False
25,1956,28,4,False
25,1957,28,4,False
25,1958,28,4,False
25,1959,28,4,False
25,1960,28,4,False
25,1961,28,4,False
25,1962,28,4,False
25,1963,28,4,False
25,1964,28,4,False
25,1965,28,4,False
25,1966,28,4,False
25,1967,28,4,False
25,1968,28,4,False
25,1969,28,4,False
25,1970,28,4,False
25,1971,28,4,False
25,1972,28,4,False
25,1973,28,4,False
25,1974,28,4,False
25,1975,28,4,False
25,1976,28,4,False
25,1977,28,4,False
25,1978,28,4,False
25,1979,28,4,False
25,1980,28,4,False
25,1981,28,4,False
25,1982,28,4,False
25,1983,28,4,False
25,1984,28,4,False
25,1985,28,4,False
25,1986,28,4,False
25,1987,28,4,False
25,1988,28,4,False
25,1989,28,4,False
25,1990,28,4,False
25,1991,28,4,False
25,1992,28,4,False
25,1993,28,4,False
25,1994,28,4,False
25,1995,28,4,False
25,1996,28,4,False
25,1997,28,4,False
25,1998,28,4,False
25,1999,28,3,False
25,2000,28,3,False
25,2001,28,3,False
25,2002,28,3,False
25,2003,28,3,False
25,2004,28,3,False
25,2005,28,3,False
25,2006,28,3,False
25,2007,28,3,False
25,2008,28,3,False
25,2009,28,3,False
25,2010,28,3,False
25,2011,28,3,False
25,2012,28,3,False
25,2013,28,3,False
25,2014,28,3,False
25,2015,28,3,False
25,2016,28,3,False
25,2017,28,3,False
25,2018,28,3,False
25,2019,28,3,False
25,2020,28,3,False
25,2021,28,3,False
25,2022,28,3,False
25,2023,28,3,False
25,2024,28,3,False
25,2025,28,3,False
25,2026,28,3,False
25,2027,28,3,False
25,2028,28,3,False
25,2029,28,3,False
25,2030,28,3,False
25,2031,28,3,False
25,2032,28,3,False
25,2033,28,3,False
25,2034,28,3,False
25,2035,28,3,False
25,2036,28,3,False
25,2037,28,3,False
25,2038,28,3,False
25,2039,28,3,False
25,2040,28,3,False
25,2041,28,3,False
25,2042,28,3,False
25,2043,28,3,False
25,2044,28,3,False
25,2045,28,3,False
25,2046,28,3,False
25,2047,28,3,False
25,2048,28,3,False
25,2049,28,3,False
25,2050,28,3,False
25,2051,28,3,False
25,2052,28,3,False
25,2053,28,3,False
25,2054,28,3,False
25,2055,28,3,False
25,2056,28,3,False
25,2057,28,3,False
25,2058,28,3,False
25,2059,28,3,False
25,2060,28,3,False
25,2061,28,3,False
25,2062,28,3,False
25,2063,28,3,False
25,2064,28,3,False
25,2065,28,3,False
25,2066,28,3,False
25,2067,28,3,False
25,2068,28,3,False
25,2069,28,3,False
25,2070,28,3,False
25,2071,28,3,False
25,2072,28,3,False
25,2073,28,3,False
25,2074,28,3,False
25,2075,28,3,False
25,2076,28,3,False
25,2077,28,3,False
25,2078,28,3,False
25,2079,28,3,False
25,2080,28,3,False
25,2081,28,3,False
25,2082,28,3,False
25,2083,28,3,False
25,2084,28,3,False
25,2085,28,3,False
25,2086,28,3,False
25,2087,28,3,False
25,2088,28,3,False
25,2089,28,3,False
25,2090,28,3,False
30,0,25,8474,False
30,1,25,8361,False
30,2,25,8244,False
30,3,25,8123,False
30,4,25,8002,False
30,5,25,7884,False
30,6,25,7758,False
30,7,25,7640,False
30,8,25,7512,False
30,9,25,7398,False
30,10,25,7283,False
30,11,26,7172,False
30,12,26,7059,False
30,13,26,6938,False
30,14,26,6822,False
30,15,27,6699,False
30,16,27,6577,False
30,17,27,6467,False
30,18,27,6363,False
30,19,27,6253,False
30,20,27,6136,False
30,21,27,6012,False
30,22,27,5908,False
30,23,27,5794,False
30,24,26,5675,False
30,25,26,5577,False
30,26,25,5463,False
30,27,25,5347,False
30,28,26,5235,False
30,29,26,5131,False
30,30,26,5039,False
30,31,26,4934,False
30,32,26,4820,False
30,33,26,4701,False
30,34,26,4580,False
30,35,26,4499,False
30,36,26,4380,False
30,37,27,4271,False
30,38,27,4188,False
30,39,27,4097,False
30,40,27,3985,False
30,41,27,3904,False
30,42,27,3824,False
30,43,27,3711,False
30,44,27,3597,False
30,45,27,3488,False
30,46,27,3388,False
30,47,27,3300,False
30,48,27,3224,False
30,49,27,3159,False
30,50,27,3070,False
30,51,27,2980,False
30,52,27,2901,False
30,53,27,2843,False
30,54,27,2789,False
30,55,27,2739,False
30,56,27,2656,False
30,57,27,2600,False
30,58,27,2523,False
30,59,27,2442,False
30,60,27,2368,False
30,61,27,2311,False
30,62,28,2241,False
30,63,28,2171,False
30,64,28,2114,False
30,65,27,2058,False
30,66,27,2005,False
30,67,27,1952,False
30,68,27,1891,False
30,69,27,1840,False
30,70,27,1785,False
30,71,28,1730,False
30,72,28,1675,False
30,73,28,1621,False
30,74,28,1571,False
30,75,28,1519,False
30,76,28,1465,False
30,77,28,1412,False
30,78,28,1360,False
30,79,28,1305,False
30,80,28,1255,False
30,81,28,1205,False
30,82,28,1144,False
30,83,28,1093,False
30,84,28,1045,False
30,85,28,1001,False
30,86,28,953,False
30,87,28,900,False
30,88,28,855,False
30,89,29,807,False
30,90,29,763,False
30,91,30,719,False
30,92,30,673,False
30,93,30,623,False
30,94,30,575,False
30,95,30,533,False
30,96,30,495,False
30,97,29,448,False
30,98,29,406,False
30,99,29,361,False
30,100,29,322,False
30,101,30,280,False
30,102,30,261,False
30,103,30,246,False
30,104,30,200,False
30,105,30,161,False
30,106,30,126,False
30,107,30,89,False
30,108,30,78,False
30,109,30,72,False
30,110,30,62,False
30,111,30,46,False
30,112,30,37,False
30,113,30,31,False
30,114,30,25,False
30,115,30,19,False
30,116,30,14,False
30,117,30,11,False
30,118,30,7,False
30,119,30,4,False
30,120,30,3,False
30,121,30,2,False
30,122,30,0,True
30,123,30,0,True
30,124,30,0,True
30,125,30,0,True
30,126,30,0,True
30,127,29,0,True
30,128,29,0,True
30,129,29,0,True
30,130,29,0,True
30,131,29,0,True
30,132,29,0,True
30,133,29,0,True
30,134,28,0,True
30,135,28,0,True
30,136,28,0,True
30,137,28,0,True
30,138,28,0,True
30,139,28,0,True
30,140,27,0,True
30,141,27,0,True
30,142,27,0,True
30,143,27,0,True
30,144,27,0,True
30,145,27,0,True
30,146,27,0,True
30,147,27,0,True
30,148,26,0,True
30,149,26,0,True
30,150,26,0,True
30,151,26,0,True
30,152,26,0,True
30,153,26,0,True
30,154,26,0,True
30,155,26,0,True
30,156,26,0,True
30,157,26,0,True
30,158,26,0,True
30,159,26,0,True
30,160,26,0,True
30,161,26,0,True
30,162,26,0,True
30,163,26,0,True
30,164,25,0,True
30,165,25,0,True
30,166,25,0,True
30,167,25,0,True
30,168,25,0,True
30,169,25,0,True
30,170,25,0,True
30,171,25,0,True
30,172,25,0,True
30,173,25,0,True
30,174,25,0,True
30,175,25,0,True
30,176,25,0,True
30,177,25,0,True
30,178,25,0,True
30,179,25,0,True
30,180,25,0,True
30,181,25,0,True
30,182,25,0,True
30,183,25,0,True
30,184,25,0,True
30,185,25,0,True
30,186,25,0,True
30,187,25,0,True
30,188,25,0,True
30,189,25,0,True
30,190,25,0,True
30,191,24,0,True
30,192,24,0,True
30,193,24,0,True
30,194,24,0,True
30,195,24,0,True
30,196,24,0,True
30,197,24,0,True
30,198,24,0,True
30,199,24,0,True
30,200,24,0,True
30,201,24,0,True
30,202,24,0,True
30,203,24,0,True
30,204,24,0,True
30,205,24,0,True
30,206,24,0,True
30,207,24,0,True
30,208,24,0,True
30,209,24,0,True
30,210,24,0,True
30,211,24,0,True
30,212,24,0,True
30,213,24,0,True
30,214,24,0,True
30,215,24,0,True
30,216,24,0,True
30,217,24,0,True
30,218,24,0,True
30,219,24,0,True
30,220,24,0,True
30,221,24,0,True
30,222,24,0,True
30,223,24,0,True
30,224,24,0,True
30,225,24,0,True
30,226,24,0,True
30,227,24,0,True
30,228,24,0,True
30,229,24,0,True
30,230,24,0,True
30,231,24,0,True
30,232,24,0,True
30,233,24,0,True
30,234,24,0,True
30,235,24,0,True
30,236,23,0,True
30,237,23,0,True
30,238,23,0,True
30,239,23,0,True
30,240,23,0,True
30,241,23,0,True
30,242,23,0,True
30,243,23,0,True
30,244,23,0,True
30,245,23,0,True
30,246,23,0,True
30,247,23,0,True
30,248,23,0,True
30,249,23,0,True
30,250,23,0,True
30,251,23,0,True
30,252,23,0,True
30,253,23,0,True
30,254,23,0,True
30,255,23,0,True
30,256,23,0,True
30,257,23,0,True
30,258,23,0,True
30,259,23,0,True
30,260,23,0,True
30,261,23,0,True
30,262,23,0,True
30,263,23,0,True
30,264,23,0,True
30,265,23,0,True
30,266,23,0,True
30,267,23,0,True
30,268,23,0,True
30,269,23,0,True
30,270,23,0,True
30,271,23,0,True
30,272,23,0,True
30,273,23,0,True
30,274,23,0,True
30,275,23,0,True
30,276,23,0,True
30,277,23,0,True
30,278,23,0,True
30,279,23,0,True
30,280,23,0,True
30,281,23,0,True
30,282,23,0,True
30,283,23,0,True
30,284,23,0,True
30,285,23,0,True
30,286,23,0,True
30,287,23,0,True
30,288,23,0,True
30,289,23,0,True
30,290,23,0,True
30,291,23,0,True
30,292,23,0,True
30,293,22,0,True
30,294,22,0,True
30,295,22,0,True
30,296,22,0,True
30,297,22,0,True
30,298,22,0,True
30,299,22,0,True
30,300,22,0,True
30,301,22,0,True
30,302,22,0,True
30,303,22,0,True
30,304,22,0,True
30,305,22,0,True
30,306,22,0,True
30,307,22,0,True
30,308,22,0,True
30,309,22,0,True
30,310,22,0,True
30,311,22,0,True
30,312,22,0,True
30,313,22,0,True
30,314,22,0,True
30,315,22,0,True
30,316,22,0,True
30,317,22,0,True
30,318,22,0,True
30,319,22,0,True
30,320,22,0,True
30,321,22,0,True
30,322,22,0,True
30,323,22,0,True
30,324,22,0,True
30,325,22,0,True
30,326,22,0,True
30,327,22,0,True
30,328,22,0,True
30,329,22,0,True
30,330,22,0,True
30,331,22,0,True
30,332,22,0,True
30,333,22,0,True
30,334,22,0,True
30,335,22,0,True
30,336,22,0,True
30,337,22,0,True
30,338,22,0,True
30,339,22,0,True
30,340,22,0,True
30,341,22,0,True
30,342,22,0,True
30,343,22,0,True
30,344,22,0,True
30,345,22,0,True
30,346,22,0,True
30,347,22,0,True
30,348,22,0,True
30,349,22,0,True
30,350,22,0,True
30,351,22,0,True
30,352,22,0,True
30,353,22,0,True
30,354,22,0,True
30,355,22,0,True
30,356,22,0,True
30,357,22,0,True
30,358,22,0,True
30,359,22,0,True
30,360,22,0,True
30,361,22,0,True
30,362,22,0,True
30,363,22,0,True
30,364,22,0,True
30,365,22,0,True
30,366,22,0,True
30,367,22,0,True
30,368,22,0,True
30,369,22,0,True
30,370,22,0,True
30,371,22,0,True
30,372,22,0,True
30,373,22,0,True
30,374,22,0,True
30,375,22,0,True
30,376,22,0,True
30,377,22,0,True
30,378,22,0,True
30,379,21,0,True
30,380,21,0,True
30,381,21,0,True
30,382,21,0,True
30,383,21,0,True
30,384,21,0,True
30,385,21,0,True
30,386,21,0,True
30,387,21,0,True
30,388,21,0,True
30,389,21,0,True
30,390,21,0,True
30,391,21,0,True
30,392,21,0,True
30,393,21,0,True
30,394,21,0,True
30,395,21,0,True
30,396,21,0,True
30,397,21,0,True
30,398,21,0,True
30,399,21,0,True
30,400,21,0,True
30,401,21,0,True
30,402,21,0,True
30,403,21,0,True
30,404,21,0,True
30,405,21,0,True
30,406,21,0,True
30,407,21,0,True
30,408,21,0,True
30,409,21,0,True
30,410,21,0,True
30,411,21,0,True
30,412,21,0,True
30,413,21,0,True
30,414,21,0,True
30,415,21,0,True
30,416,21,0,True
30,417,21,0,True
30,418,21,0,True
30,419,21,0,True
30,420,21,0,True
30,421,21,0,True
30,422,21,0,True
30,423,21,0,True
30,424,21,0,True
30,425,21,0,True
30,426,21,0,True
30,427,21,0,True
30,428,21,0,True
30,429,21,0,True
30,430,21,0,True
30,431,21,0,True
30,432,21,0,True
30,433,21,0,True
30,434,21,0,True
30,435,21,0,True
30,436,21,0,True
30,437,21,0,True
30,438,21,0,True
30,439,21,0,True
30,440,21,0,True
30,441,21,0,True
30,442,21,0,True
30,443,21,0,True
30,444,21,0,True
30,445,21,0,True
30,446,21,0,True
30,447,21,0,True
30,448,21,0,True
30,449,21,0,True
30,450,21,0,True
30,451,21,0,True
30,452,21,0,True
30,453,21,0,True
30,454,21,0,True
30,455,21,0,True
30,456,21,0,True
30,457,21,0,True
30,458,21,0,True
30,459,21,0,True
30,460,21,0,True
30,461,21,0,True
30,462,21,0,True
30,463,21,0,True
30,464,21,0,True
30,465,21,0,True
30,466,21,0,True
30,467,21,0,True
30,468,21,0,True
30,469,21,0,True
30,470,21,0,True
30,471,21,0,True
30,472,21,0,True
30,473,21,0,True
30,474,21,0,True
30,475,21,0,True
30,476,21,0,True
30,477,21,0,True
30,478,21,0,True
30,479,21,0,True
30,480,21,0,True
30,481,20,0,True
30,482,20,0,True
30,483,20,0,True
30,484,20,0,True
30,485,20,0,True
30,486,20,0,True
30,487,20,0,True
30,488,20,0,True
30,489,20,0,True
30,490,20,0,True
30,491,20,0,True
30,492,20,0,True
30,493,20,0,True
30,494,20,0,True
30,495,20,0,True
30,496,20,0,True
30,497,20,0,True
30,498,20,0,True
30,499,20,0,True
30,500,20,0,True
30,501,20,0,True
30,502,20,0,True
30,503,20,0,True
30,504,20,0,True
30,505,20,0,True
30,506,20,0,True
30,507,20,0,True
30,508,20,0,True
30,509,20,0,True
30,510,20,0,True
30,511,20,0,True
30,512,20,0,True
30,513,20,0,True
30,514,20,0,True
30,515,20,0,True
30,516,20,0,True
30,517,20,0,True
30,518,20,0,True
30,519,20,0,True
30,520,20,0,True
30,521,20,0,True
30,522,20,0,True
30,523,20,0,True
30,524,20,0,True
30,525,20,0,True
30,526,20,0,True
30,527,20,0,True
30,528,20,0,True
30,529,20,0,True
30,530,20,0,True
30,531,20,0,True
30,532,20,0,True
30,533,20,0,True
30,534,20,0,True
30,535,20,0,True
30,536,20,0,True
30,537,20,0,True
30,538,20,0,True
30,539,20,0,True
30,540,20,0,True
30,541,20,0,True
30,542,20,0,True
30,543,20,0,True
30,544,20,0,True
30,545,20,0,True
30,546,20,0,True
30,547,20,0,True
30,548,20,0,True
30,549,20,0,True
30,550,20,0,True
30,551,20,0,True
30,552,20,0,True
30,553,20,0,True
30,554,20,0,True
30,555,20,0,True
30,556,20,0,True
30,557,20,0,True
30,558,20,0,True
30,559,20,0,True
30,560,20,0,True
30,561,20,0,True
30,562,20,0,True
30,563,20,0,True
30,564,20,0,True
30,565,20,0,True
30,566,20,0,True
30,567,20,0,True
30,568,20,0,True
30,569,20,0,True
30,570,20,0,True
30,571,20,0,True
30,572,20,0,True
30,573,20,0,True
30,574,20,0,True
30,575,20,0,True
30,576,20,0,True
30,577,20,0,True
30,578,20,0,True
30,579,20,0,True
30,580,20,0,True
30,581,20,0,True
30,582,20,0,True
30,583,20,0,True
30,584,20,0,True
30,585,20,0,True
30,586,20,0,True
30,587,20,0,True
30,588,20,0,True
30,589,20,0,True
30,590,20,0,True
30,591,20,0,True
30,592,20,0,True
30,593,20,0,True
30,594,20,0,True
30,595,20,0,True
30,596,20,0,True
30,597,20,0,True
30,598,20,0,True
30,599,20,0,True
30,600,20,0,True
30,601,20,0,True
30,602,20,0,True
30,603,20,0,True
30,604,20,0,True
30,605,20,0,True
30,606,20,0,True
30,607,20,0,True
30,608,20,0,True
30,609,20,0,True
30,610,20,0,True
30,611,20,0,True
30,612,20,0,True
30,613,20,0,True
30,614,20,0,True
30,615,20,0,True
30,616,20,0,True
30,617,20,0,True
30,618,20,0,True
30,619,20,0,True
30,620,20,0,True
30,621,20,0,True
30,622,19,0,True
30,623,19,0,True
30,624,19,0,True
30,625,19,0,True
30,626,19,0,True
30,627,19,0,True
30,628,19,0,True
30,629,19,0,True
30,630,19,0,True
30,631,19,0,True
30,632,19,0,True
30,633,19,0,True
30,634,19,0,True
30,635,19,0,True
30,636,19,0,True
30,637,19,0,True
30,638,19,0,True
30,639,19,0,True
30,640,19,0,True
30,641,19,0,True
30,642,19,0,True
30,643,19,0,True
30,644,19,0,True
30,645,19,0,True
30,646,19,0,True
30,647,19,0,True
30,648,19,0,True
30,649,19,0,True
30,650,19,0,True
30,651,19,0,True
30,652,19,0,True
30,653,19,0,True
30,654,19,0,True
30,655,19,0,True
30,656,19,0,True
30,657,19,0,True
30,658,19,0,True
30,659,19,0,True
30,660,19,0,True
30,661,19,0,True
30,662,19,0,True
30,663,19,0,True
30,664,19,0,True
30,665,19,0,True
30,666,19,0,True
30,667,19,0,True
30,668,19,0,True
30,669,19,0,True
30,670,19,0,True
30,671,19,0,True
30,672,19,0,True
30,673,19,0,True
30,674,19,0,True
30,675,19,0,True
30,676,19,0,True
30,677,19,0,True
30,678,19,0,True
30,679,19,0,True
30,680,19,0,True
30,681,19,0,True
30,682,19,0,True
30,683,19,0,True
30,684,19,0,True
30,685,19,0,True
30,686,19,0,True
30,687,19,0,True
30,688,19,0,True
30,689,19,0,True
30,690,19,0,True
30,691,19,0,True
30,692,19,0,True
30,693,19,0,True
30,694,19,0,True
30,695,19,0,True
30,696,19,0,True
30,697,19,0,True
30,698,19,0,True
30,699,19,0,True
30,700,19,0,True
30,701,19,0,True
30,702,19,0,True
30,703,19,0,True
30,704,19,0,True
30,705,19,0,True
30,706,19,0,True
30,707,19,0,True
30,708,19,0,True
30,709,19,0,True
30,710,19,0,True
30,711,19,0,True
30,712,19,0,True
30,713,19,0,True
30,714,19,0,True
30,715,19,0,True
30,716,19,0,True
30,717,19,0,True
30,718,19,0,True
30,719,19,0,True
30,720,19,0,True
30,721,19,0,True
30,722,19,0,True
30,723,19,0,True
30,724,19,0,True
30,725,19,0,True
30,726,19,0,True
30,727,19,0,True
30,728,19,0,True
30,729,19,0,True
30,730,19,0,True
30,731,19,0,True
30,732,19,0,True
30,733,19,0,True
30,734,19,0,True
30,735,19,0,True
30,736,19,0,True
30,737,19,0,True
30,738,19,0,True
30,739,19,0,True
30,740,19,0,True
30,741,19,0,True
30,742,19,0,True
30,743,19,0,True
30,744,19,0,True
30,745,19,0,True
30,746,19,0,True
30,747,19,0,True
30,748,19,0,True
30,749,19,0,True
30,750,19,0,True
30,751,19,0,True
30,752,19,0,True
30,753,19,0,True
30,754,19,0,True
30,755,19,0,True
30,756,19,0,True
30,757,19,0,True
30,758,19,0,True
30,759,19,0,True
30,760,19,0,True
30,761,19,0,True
30,762,19,0,True
30,763,19,0,True
30,764,19,0,True
30,765,19,0,True
30,766,19,0,True
30,767,19,0,True
30,768,19,0,True
30,769,19,0,True
30,770,19,0,True
30,771,19,0,True
30,772,19,0,True
30,773,19,0,True
30,774,19,0,True
30,775,19,0,True
30,776,19,0,True
30,777,19,0,True
30,778,19,0,True
30,779,19,0,True
30,780,19,0,True
30,781,19,0,True
30,782,19,0,True
30,783,19,0,True
30,784,19,0,True
30,785,19,0,True
30,786,19,0,True
30,787,19,0,True
30,788,19,0,True
30,789,19,0,True
30,790,19,0,True
30,791,19,0,True
30,792,19,0,True
30,793,19,0,True
30,794,19,0,True
30,795,19,0,True
30,796,19,0,True
30,797,19,0,True
30,798,19,0,True
30,799,19,0,True
30,800,19,0,True
30,801,19,0,True
30,802,19,0,True
30,803,19,0,True
30,804,19,0,True
30,805,19,0,True
30,806,19,0,True
30,807,19,0,True
30,808,19,0,True
30,809,19,0,True
30,810,19,0,True
30,811,19,0,True
30,812,19,0,True
30,813,19,0,True
30,814,19,0,True
30,815,19,0,True
30,816,19,0,True
30,817,19,0,True
30,818,19,0,True
30,819,19,0,True
30,820,19,0,True
30,821,19,0,True
30,822,19,0,True
30,823,19,0,True
30,824,19,0,True
30,825,19,0,True
30,826,19,0,True
30,827,19,0,True
30,828,19,0,True
30,829,19,0,True
30,830,19,0,True
30,831,18,0,True
30,832,18,0,True
30,833,18,0,True
30,834,18,0,True
30,835,18,0,True
30,836,18,0,True
30,837,18,0,True
30,838,18,0,True
30,839,18,0,True
30,840,18,0,True
30,841,18,0,True
30,842,18,0,True
30,843,18,0,True
30,844,18,0,True
30,845,18,0,True
30,846,18,0,True
30,847,18,0,True
30,848,18,0,True
30,849,18,0,True
30,850,18,0,True
30,851,18,0,True
30,852,18,0,True
30,853,18,0,True
30,854,18,0,True
30,855,18,0,True
30,856,18,0,True
30,857,18,0,True
30,858,18,0,True
30,859,18,0,True
30,860,18,0,True
30,861,18,0,True
30,862,18,0,True
30,863,18,0,True
30,864,18,0,True
30,865,18,0,True
30,866,18,0,True
30,867,18,0,True
30,868,18,0,True
30,869,18,0,True
30,870,18,0,True
30,871,18,0,True
30,872,18,0,True
30,873,18,0,True
30,874,18,0,True
30,875,18,0,True
30,876,18,0,True
30,877,18,0,True
30,878,18,0,True
30,879,18,0,True
30,880,18,0,True
30,881,18,0,True
30,882,18,0,True
30,883,18,0,True
30,884,18,0,True
30,885,18,0,True
30,886,18,0,True
30,887,18,0,True
30,888,18,0,True
30,889,18,0,True
30,890,18,0,True
30,891,18,0,True
30,892,18,0,True
30,893,18,0,True
30,894,18,0,True
30,895,18,0,True
30,896,18,0,True
30,897,18,0,True
30,898,18,0,True
30,899,18,0,True
30,900,18,0,True
30,901,18,0,True
30,902,18,0,True
30,903,18,0,True
30,904,18,0,True
30,905,18,0,True
30,906,18,0,True
30,907,18,0,True
30,908,18,0,True
30,909,18,0,True
30,910,18,0,True
30,911,18,0,True
30,912,18,0,True
30,913,18,0,True
30,914,18,0,True
30,915,18,0,True
30,916,18,0,True
30,917,18,0,True
30,918,18,0,True
30,919,18,0,True
30,920,18,0,True
30,921,18,0,True
30,922,18,0,True
30,923,18,0,True
30,924,18,0,True
30,925,18,0,True
30,926,18,0,True
30,927,18,0,True
30,928,18,0,True
30,929,18,0,True
30,930,18,0,True
30,931,18,0,True
30,932,18,0,True
30,933,18,0,True
30,934,18,0,True
30,935,18,0,True
30,936,18,0,True
30,937,18,0,True
30,938,18,0,True
30,939,18,0,True
30,940,18,0,True
30,941,18,0,True
30,942,18,0,True
30,943,18,0,True
30,944,18,0,True
30,945,18,0,True
30,946,18,0,True
30,947,18,0,True
30,948,18,0,True
30,949,18,0,True
30,950,18,0,True
30,951,18,0,True
30,952,18,0,True
30,953,18,0,True
30,954,18,0,True
30,955,18,0,True
30,956,18,0,True
30,957,18,0,True
30,958,18,0,True
30,959,18,0,True
30,960,18,0,True
30,961,18,0,True
30,962,18,0,True
30,963,18,0,True
30,964,18,0,True
30,965,18,0,True
30,966,18,0,True
30,967,18,0,True
30,968,18,0,True
30,969,18,0,True
30,970,18,0,True
30,971,18,0,True
30,972,18,0,True
30,973,18,0,True
30,974,18,0,True
30,975,18,0,True
30,976,18,0,True
30,977,18,0,True
30,978,18,0,True
30,979,18,0,True
30,980,18,0,True
30,981,18,0,True
30,982,18,0,True
30,983,18,0,True
30,984,18,0,True
30,985,18,0,True
30,986,18,0,True
30,987,18,0,True
30,988,18,0,True
30,989,18,0,True
30,990,18,0,True
30,991,18,0,True
30,992,18,0,True
30,993,18,0,True
30,994,18,0,True
30,995,18,0,True
30,996,18,0,True
30,997,18,0,True
30,998,18,0,True
30,999,18,0,True
30,1000,18,0,True
30,1001,18,0,True
30,1002,18,0,True
30,1003,18,0,True
30,1004,18,0,True
30,1005,18,0,True
30,1006,18,0,True
30,1007,18,0,True
30,1008,18,0,True
30,1009,18,0,True
30,1010,18,0,True
30,1011,18,0,True
30,1012,18,0,True
30,1013,18,0,True
30,1014,18,0,True
30,1015,18,0,True
30,1016,18,0,True
30,1017,18,0,True
30,1018,18,0,True
30,1019,18,0,True
30,1020,18,0,True
30,1021,18,0,True
30,1022,18,0,True
30,1023,18,0,True
30,1024,18,0,True
30,1025,18,0,True
30,1026,18,0,True
30,1027,18,0,True
30,1028,18,0,True
30,1029,18,0,True
30,1030,18,0,True
30,1031,18,0,True
30,1032,18,0,True
30,1033,18,0,True
30,1034,18,0,True
30,1035,18,0,True
30,1036,18,0,True
30,1037,18,0,True
30,1038,18,0,True
30,1039,18,0,True
30,1040,18,0,True
30,1041,18,0,True
30,1042,18,0,True
30,1043,18,0,True
30,1044,18,0,True
30,1045,18,0,True
30,1046,18,0,True
30,1047,18,0,True
30,1048,18,0,True
30,1049,18,0,True
30,1050,18,0,True
30,1051,18,0,True
30,1052,18,0,True
30,1053,18,0,True
30,1054,18,0,True
30,1055,18,0,True
30,1056,18,0,True
30,1057,18,0,True
30,1058,18,0,True
30,1059,18,0,True
30,1060,18,0,True
30,1061,18,0,True
30,1062,18,0,True
30,1063,18,0,True
30,1064,18,0,True
30,1065,18,0,True
30,1066,18,0,True
30,1067,18,0,True
30,1068,18,0,True
30,1069,18,0,True
30,1070,18,0,True
30,1071,18,0,True
30,1072,18,0,True
30,1073,18,0,True
30,1074,18,0,True
30,1075,18,0,True
30,1076,18,0,True
30,1077,18,0,True
30,1078,18,0,True
30,1079,18,0,True
30,1080,18,0,True
30,1081,18,0,True
30,1082,18,0,True
30,1083,18,0,True
30,1084,18,0,True
30,1085,18,0,True
30,1086,18,0,True
30,1087,18,0,True
30,1088,18,0,True
30,1089,18,0,True
30,1090,18,0,True
30,1091,18,0,True
30,1092,18,0,True
30,1093,18,0,True
30,1094,18,0,True
30,1095,18,0,True
30,1096,18,0,True
30,1097,18,0,True
30,1098,18,0,True
30,1099,18,0,True
30,1100,18,0,True
30,1101,18,0,True
30,1102,18,0,True
30,1103,18,0,True
30,1104,18,0,True
30,1105,18,0,True
30,1106,18,0,True
30,1107,18,0,True
30,1108,18,0,True
30,1109,18,0,True
30,1110,18,0,True
30,1111,18,0,True
30,1112,18,0,True
30,1113,18,0,True
30,1114,18,0,True
30,1115,18,0,True
30,1116,18,0,True
30,1117,18,0,True
30,1118,18,0,True
30,1119,18,0,True
30,1120,18,0,True
30,1121,18,0,True
30,1122,18,0,True
30,1123,18,0,True
30,1124,18,0,True
30,1125,18,0,True
30,1126,18,0,True
30,1127,18,0,True
30,1128,18,0,True
30,1129,18,0,True
30,1130,18,0,True
30,1131,18,0,True
30,1132,18,0,True
30,1133,18,0,True
30,1134,18,0,True
30,1135,18,0,True
30,1136,18,0,True
30,1137,18,0,True
30,1138,18,0,True
30,1139,18,0,True
30,1140,17,0,True
30,1141,17,0,True
30,1142,17,0,True
30,1143,17,0,True
30,1144,17,0,True
30,1145,17,0,True
30,1146,17,0,True
30,1147,17,0,True
30,1148,17,0,True
30,1149,17,0,True
30,1150,17,0,True
30,1151,17,0,True
30,1152,17,0,True
30,1153,17,0,True
30,1154,17,0,True
30,1155,17,0,True
30,1156,17,0,True
30,1157,17,0,True
30,1158,17,0,True
30,1159,17,0,True
30,1160,17,0,True
30,1161,17,0,True
30,1162,17,0,True
30,1163,17,0,True
30,1164,17,0,True
30,1165,18,0,True
30,1166,17,0,True
30,1167,17,0,True
30,1168,17,0,True
30,1169,17,0,True
30,1170,17,0,True
30,1171,17,0,True
30,1172,17,0,True
30,1173,17,0,True
30,1174,17,0,True
30,1175,17,0,True
30,1176,17,0,True
30,1177,17,0,True
30,1178,17,0,True
30,1179,17,0,True
30,1180,17,0,True
30,1181,17,0,True
30,1182,17,0,True
30,1183,17,0,True
30,1184,17,0,True
30,1185,17,0,True
30,1186,17,0,True
30,1187,17,0,True
30,1188,17,0,True
30,1189,17,0,True
30,1190,17,0,True
30,1191,17,0,True
30,1192,17,0,True
30,1193,17,0,True
30,1194,17,0,True
30,1195,17,0,True
30,1196,17,0,True
30,1197,17,0,True
30,1198,17,0,True
30,1199,17,0,True
30,1200,17,0,True
30,1201,17,0,True
30,1202,17,0,True
30,1203,17,0,True
30,1204,17,0,True
30,1205,17,0,True
30,1206,17,0,True
30,1207,17,0,True
30,1208,17,0,True
30,1209,17,0,True
30,1210,17,0,True
30,1211,17,0,True
30,1212,17,0,True
30,1213,17,0,True
30,1214,17,0,True
30,1215,17,0,True
30,1216,17,0,True
30,1217,17,0,True
30,1218,17,0,True
30,1219,17,0,True
30,1220,17,0,True
30,1221,17,0,True
30,1222,17,0,True
30,1223,17,0,True
30,1224,17,0,True
30,1225,17,0,True
30,1226,17,0,True
30,1227,17,0,True
30,1228,17,0,True
30,1229,17,0,True
30,1230,17,0,True
30,1231,17,0,True
30,1232,17,0,True
30,1233,17,0,True
30,1234,17,0,True
30,1235,17,0,True
30,1236,17,0,True
30,1237,17,0,True
30,1238,17,0,True
30,1239,17,0,True
30,1240,17,0,True
30,1241,17,0,True
30,1242,17,0,True
30,1243,17,0,True
30,1244,17,0,True
30,1245,17,0,True
30,1246,17,0,True
30,1247,17,0,True
30,1248,17,0,True
30,1249,17,0,True
30,1250,17,0,True
30,1251,17,0,True
30,1252,17,0,True
30,1253,17,0,True
30,1254,17,0,True
30,1255,17,0,True
30,1256,17,0,True
30,1257,17,0,True
30,1258,17,0,True
30,1259,17,0,True
30,1260,17,0,True
30,1261,17,0,True
30,1262,17,0,True
30,1263,17,0,True
30,1264,17,0,True
30,1265,17,0,True
30,1266,17,0,True
30,1267,17,0,True
30,1268,17,0,True
30,1269,17,0,True
30,1270,17,0,True
30,1271,17,0,True
30,1272,17,0,True
30,1273,17,0,True
30,1274,17,0,True
30,1275,17,0,True
30,1276,17,0,True
30,1277,17,0,True
30,1278,17,0,True
30,1279,17,0,True
30,1280,17,0,True
30,1281,17,0,True
30,1282,17,0,True
30,1283,17,0,True
30,1284,17,0,True
30,1285,17,0,True
30,1286,17,0,True
30,1287,17,0,True
30,1288,17,0,True
30,1289,17,0,True
30,1290,17,0,True
30,1291,17,0,True
30,1292,17,0,True
30,1293,17,0,True
30,1294,17,0,True
30,1295,17,0,True
30,1296,17,0,True
30,1297,17,0,True
30,1298,17,0,True
30,1299,17,0,True
30,1300,17,0,True
30,1301,17,0,True
30,1302,17,0,True
30,1303,17,0,True
30,1304,17,0,True
30,1305,17,0,True
30,1306,17,0,True
30,1307,17,0,True
30,1308,17,0,True
30,1309,17,0,True
30,1310,17,0,True
30,1311,17,0,True
30,1312,17,0,True
30,1313,17,0,True
30,1314,17,0,True
30,1315,17,0,True
30,1316,17,0,True
30,1317,17,0,True
30,1318,17,0,True
30,1319,17,0,True
30,1320,17,0,True
30,1321,17,0,True
30,1322,17,0,True
30,1323,17,0,True
30,1324,17,0,True
30,1325,17,0,True
30,1326,17,0,True
30,1327,17,0,True
30,1328,17,0,True
30,1329,17,0,True
30,1330,17,0,True
30,1331,17,0,True
30,1332,17,0,True
30,1333,17,0,True
30,1334,17,0,True
30,1335,17,0,True
30,1336,17,0,True
30,1337,17,0,True
30,1338,17,0,True
30,1339,17,0,True
30,1340,17,0,True
30,1341,17,0,True
30,1342,17,0,True
30,1343,17,0,True
30,1344,17,0,True
30,1345,17,0,True
30,1346,17,0,True
30,1347,17,0,True
30,1348,17,0,True
30,1349,17,0,True
30,1350,17,0,True
30,1351,17,0,True
30,1352,17,0,True
30,1353,17,0,True
30,1354,17,0,True
30,1355,17,0,True
30,1356,17,0,True
30,1357,17,0,True
30,1358,17,0,True
30,1359,17,0,True
30,1360,17,0,True
30,1361,17,0,True
30,1362,17,0,True
30,1363,17,0,True
30,1364,17,0,True
30,1365,17,0,True
30,1366,17,0,True
30,1367,17,0,True
30,1368,17,0,True
30,1369,17,0,True
30,1370,17,0,True
30,1371,17,0,True
30,1372,17,0,True
30,1373,17,0,True
30,1374,17,0,True
30,1375,17,0,True
30,1376,17,0,True
30,1377,17,0,True
30,1378,17,0,True
30,1379,17,0,True
30,1380,17,0,True
30,1381,17,0,True
30,1382,17,0,True
30,1383,17,0,True
30,1384,17,0,True
30,1385,17,0,True
30,1386,17,0,True
30,1387,17,0,True
30,1388,17,0,True
30,1389,17,0,True
30,1390,17,0,True
30,1391,17,0,True
30,1392,17,0,True
30,1393,17,0,True
30,1394,17,0,True
30,1395,17,0,True
30,1396,17,0,True
30,1397,17,0,True
30,1398,17,0,True
30,1399,17,0,True
30,1400,17,0,True
30,1401,17,0,True
30,1402,17,0,True
30,1403,17,0,True
30,1404,17,0,True
30,1405,17,0,True
30,1406,17,0,True
30,1407,17,0,True
30,1408,17,0,True
30,1409,17,0,True
30,1410,17,0,True
30,1411,17,0,True
30,1412,17,0,True
30,1413,17,0,True
30,1414,17,0,True
30,1415,17,0,True
30,1416,17,0,True
30,1417,17,0,True
30,1418,17,0,True
30,1419,17,0,True
30,1420,17,0,True
30,1421,17,0,True
30,1422,17,0,True
30,1423,17,0,True
30,1424,17,0,True
30,1425,17,0,True
30,1426,17,0,True
30,1427,17,0,True
30,1428,17,0,True
30,1429,17,0,True
30,1430,17,0,True
30,1431,17,0,True
30,1432,17,0,True
30,1433,17,0,True
30,1434,17,0,True
30,1435,17,0,True
30,1436,17,0,True
30,1437,17,0,True
30,1438,17,0,True
30,1439,17,0,True
30,1440,17,0,True
30,1441,17,0,True
30,1442,17,0,True
30,1443,17,0,True
30,1444,17,0,True
30,1445,17,0,True
30,1446,17,0,True
30,1447,17,0,True
30,1448,17,0,True
30,1449,17,0,True
30,1450,17,0,True
30,1451,17,0,True
30,1452,17,0,True
30,1453,17,0,True
30,1454,17,0,True
30,1455,17,0,True
30,1456,17,0,True
30,1457,17,0,True
30,1458,17,0,True
30,1459,17,0,True
30,1460,17,0,True
30,1461,17,0,True
30,1462,17,0,True
30,1463,17,0,True
30,1464,17,0,True
30,1465,17,0,True
30,1466,17,0,True
30,1467,17,0,True
30,1468,17,0,True
30,1469,17,0,True
30,1470,17,0,True
30,1471,17,0,True
30,1472,17,0,True
30,1473,17,0,True
30,1474,17,0,True
30,1475,17,0,True
30,1476,17,0,True
30,1477,17,0,True
30,1478,17,0,True
30,1479,17,0,True
30,1480,17,0,True
30,1481,17,0,True
30,1482,17,0,True
30,1483,17,0,True
30,1484,17,0,True
30,1485,17,0,True
30,1486,17,0,True
30,1487,17,0,True
30,1488,17,0,True
30,1489,17,0,True
30,1490,17,0,True
30,1491,17,0,True
30,1492,17,0,True
30,1493,17,0,True
30,1494,17,0,True
30,1495,17,0,True
30,1496,17,0,True
30,1497,17,0,True
30,1498,17,0,True
30,1499,17,0,True
30,1500,17,0,True
30,1501,17,0,True
30,1502,17,0,True
30,1503,17,0,True
30,1504,17,0,True
30,1505,17,0,True
30,1506,17,0,True
30,1507,17,0,True
30,1508,17,0,True
30,1509,17,0,True
30,1510,17,0,True
30,1511,17,0,True
30,1512,17,0,True
30,1513,17,0,True
30,1514,17,0,True
30,1515,17,0,True
30,1516,17,0,True
30,1517,17,0,True
30,1518,17,0,True
30,1519,17,0,True
30,1520,17,0,True
30,1521,17,0,True
30,1522,17,0,True
30,1523,17,0,True
30,1524,17,0,True
30,1525,17,0,True
30,1526,17,0,True
30,1527,17,0,True
30,1528,17,0,True
30,1529,17,0,True
30,1530,17,0,True
30,1531,17,0,True
30,1532,17,0,True
30,1533,17,0,True
30,1534,17,0,True
30,1535,17,0,True
30,1536,17,0,True
30,1537,17,0,True
30,1538,17,0,True
30,1539,17,0,True
30,1540,17,0,True
30,1541,17,0,True
30,1542,17,0,True
30,1543,17,0,True
30,1544,17,0,True
30,1545,17,0,True
30,1546,17,0,True
30,1547,17,0,True
30,1548,17,0,True
30,1549,17,0,True
30,1550,17,0,True
30,1551,17,0,True
30,1552,17,0,True
30,1553,17,0,True
30,1554,17,0,True
30,1555,17,0,True
30,1556,17,0,True
30,1557,17,0,True
30,1558,17,0,True
30,1559,17,0,True
30,1560,17,0,True
30,1561,17,0,True
30,1562,17,0,True
30,1563,17,0,True
30,1564,17,0,True
30,1565,17,0,True
30,1566,17,0,True
30,1567,17,0,True
30,1568,17,0,True
30,1569,17,0,True
30,1570,17,0,True
30,1571,17,0,True
30,1572,17,0,True
30,1573,17,0,True
30,1574,17,0,True
30,1575,17,0,True
30,1576,17,0,True
30,1577,17,0,True
30,1578,17,0,True
30,1579,17,0,True
30,1580,17,0,True
30,1581,17,0,True
30,1582,17,0,True
30,1583,17,0,True
30,1584,17,0,True
30,1585,17,0,True
30,1586,17,0,True
30,1587,17,0,True
30,1588,17,0,True
30,1589,17,0,True
30,1590,17,0,True
30,1591,17,0,True
30,1592,17,0,True
30,1593,17,0,True
30,1594,17,0,True
30,1595,17,0,True
30,1596,17,0,True
30,1597,17,0,True
30,1598,17,0,True
30,1599,17,0,True
30,1600,17,0,True
30,1601,17,0,True
30,1602,17,0,True
30,1603,17,0,True
30,1604,17,0,True
30,1605,17,0,True
30,1606,17,0,True
30,1607,17,0,True
30,1608,17,0,True
30,1609,17,0,True
30,1610,17,0,True
30,1611,17,0,True
30,1612,17,0,True
30,1613,17,0,True
30,1614,17,0,True
30,1615,17,0,True
30,1616,17,0,True
30,1617,17,0,True
30,1618,17,0,True
30,1619,17,0,True
30,1620,17,0,True
30,1621,17,0,True
30,1622,17,0,True
30,1623,17,0,True
30,1624,17,0,True
30,1625,17,0,True
30,1626,17,0,True
30,1627,17,0,True
30,1628,17,0,True
30,1629,17,0,True
30,1630,17,0,True
30,1631,17,0,True
30,1632,17,0,True
30,1633,17,0,True
30,1634,17,0,True
30,1635,17,0,True
30,1636,17,0,True
30,1637,17,0,True
30,1638,17,0,True
30,1639,17,0,True
30,1640,17,0,True
30,1641,24,8358,False
30,1642,25,8238,False
30,1643,25,8113,False
30,1644,25,7996,False
30,1645,25,7876,False
30,1646,25,7756,False
30,1647,25,7636,False
30,1648,25,7518,False
30,1649,25,7405,False
30,1650,25,7287,False
30,1651,26,7161,False
30,1652,26,7051,False
30,1653,27,6937,False
30,1654,27,6834,False
30,1655,26,6703,False
30,1656,25,6597,False
30,1657,25,6483,False
30,1658,25,6373,False
30,1659,26,6261,False
30,1660,25,6154,False
30,1661,26,6040,False
30,1662,26,5931,False
30,1663,26,5823,False
30,1664,26,5707,False
30,1665,26,5598,False
30,1666,26,5484,False
30,1667,26,5372,False
30,1668,25,5255,False
30,1669,25,5163,False
30,1670,25,5048,False
30,1671,24,4945,False
30,1672,24,4839,False
30,1673,24,4751,False
30,1674,24,4645,False
30,1675,24,4564,False
30,1676,24,4481,False
30,1677,24,4377,False
30,1678,25,4274,False
30,1679,25,4180,False
30,1680,24,4078,False
30,1681,25,3982,False
30,1682,25,3906,False
30,1683,25,3816,False
30,1684,25,3705,False
30,1685,26,3602,False
30,1686,26,3492,False
30,1687,26,3436,False
30,1688,26,3347,False
30,1689,26,3253,False
30,1690,26,3163,False
30,1691,26,3088,False
30,1692,27,3013,False
30,1693,27,2946,False
30,1694,27,2865,False
30,1695,27,2772,False
30,1696,28,2696,False
30,1697,28,2617,False
30,1698,28,2557,False
30,1699,28,2491,False
30,1700,28,2420,False
30,1701,28,2363,False
30,1702,28,2290,False
30,1703,28,2229,False
30,1704,28,2178,False
30,1705,28,2124,False
30,1706,28,2050,False
30,1707,28,1998,False
30,1708,28,1945,False
30,1709,28,1885,False
30,1710,28,1824,False
30,1711,28,1765,False
30,1712,28,1711,False
30,1713,28,1657,False
30,1714,28,1604,False
30,1715,28,1547,False
30,1716,28,1492,False
30,1717,28,1438,False
30,1718,28,1392,False
30,1719,28,1345,False
30,1720,28,1292,False
30,1721,28,1242,False
30,1722,28,1194,False
30,1723,28,1143,False
30,1724,28,1098,False
30,1725,28,1047,False
30,1726,28,1002,False
30,1727,28,950,False
30,1728,28,906,False
30,1729,28,859,False
30,1730,28,807,False
30,1731,28,762,False
30,1732,28,711,False
30,1733,28,669,False
30,1734,28,627,False
30,1735,28,577,False
30,1736,27,534,False
30,1737,27,497,False
30,1738,27,449,False
30,1739,27,415,False
30,1740,27,395,False
30,1741,27,385,False
30,1742,26,336,False
30,1743,26,293,False
30,1744,27,251,False
30,1745,27,244,False
30,1746,27,216,False
30,1747,27,208,False
30,1748,27,200,False
30,1749,27,157,False
30,1750,27,151,False
30,1751,27,109,False
30,1752,27,99,False
30,1753,28,92,False
30,1754,29,87,False
30,1755,29,81,False
30,1756,29,78,False
30,1757,29,72,False
30,1758,29,68,False
30,1759,29,59,False
30,1760,28,55,False
30,1761,28,52,False
30,1762,29,48,False
30,1763,29,44,False
30,1764,29,41,False
30,1765,29,38,False
30,1766,29,36,False
30,1767,29,34,False
30,1768,28,33,False
30,1769,28,32,False
30,1770,28,14,False
30,1771,28,10,False
30,1772,29,9,False
30,1773,29,9,False
30,1774,28,8,False
30,1775,28,7,False
30,1776,28,7,False
30,1777,28,7,False
30,1778,29,6,False
30,1779,29,5,False
30,1780,29,4,False
30,1781,29,4,False
30,1782,29,4,False
30,1783,29,3,False
30,1784,29,3,False
30,1785,29,3,False
30,1786,29,3,False
30,1787,29,2,False
30,1788,29,2,False
30,1789,29,2,False
30,1790,29,2,False
30,1791,29,1,False
30,1792,29,1,False
30,1793,29,1,False
30,1794,29,1,False
30,1795,29,1,False
30,1796,29,0,True
30,1797,28,0,True
30,1798,28,0,True
30,1799,28,0,True
30,1800,28,0,True
30,1801,28,0,True
30,1802,28,0,True
30,1803,27,0,True
30,1804,27,0,True
30,1805,27,0,True
30,1806,27,0,True
30,1807,27,0,True
30,1808,27,0,True
30,1809,27,0,True
30,1810,27,0,True
30,1811,27,0,True
30,1812,27,0,True
30,1813,27,0,True
30,1814,26,0,True
30,1815,26,0,True
30,1816,26,0,True
30,1817,26,0,True
30,1818,26,0,True
30,1819,26,0,True
30,1820,26,0,True
30,1821,26,0,True
30,1822,26,0,True
30,1823,26,0,True
30,1824,26,0,True
30,1825,26,0,True
30,1826,26,0,True
30,1827,26,0,True
30,1828,26,0,True
30,1829,26,0,True
30,1830,26,0,True
30,1831,25,0,True
30,1832,25,0,True
30,1833,25,0,True
30,1834,25,0,True
30,1835,25,0,True
30,1836,25,0,True
30,1837,25,0,True
30,1838,25,0,True
30,1839,25,0,True
30,1840,25,0,True
30,1841,25,0,True
30,1842,25,0,True
30,1843,25,0,True
30,1844,25,0,True
30,1845,25,0,True
30,1846,25,0,True
30,1847,25,0,True
30,1848,25,0,True
30,1849,25,0,True
30,1850,25,0,True
30,1851,25,0,True
30,1852,25,0,True
30,1853,25,0,True
30,1854,25,0,True
30,1855,25,0,True
30,1856,25,0,True
30,1857,25,0,True
30,1858,25,0,True
30,1859,25,0,True
30,1860,25,0,True
30,1861,25,0,True
30,1862,24,0,True
30,1863,24,0,True
30,1864,24,0,True
30,1865,24,0,True
30,1866,24,0,True
30,1867,24,0,True
30,1868,24,0,True
30,1869,24,0,True
30,1870,24,0,True
30,1871,24,0,True
30,1872,24,0,True
30,1873,24,0,True
30,1874,24,0,True
30,1875,24,0,True
30,1876,24,0,True
30,1877,24,0,True
30,1878,24,0,True
30,1879,24,0,True
30,1880,24,0,True
30,1881,24,0,True
30,1882,24,0,True
30,1883,24,0,True
30,1884,24,0,True
30,1885,24,0,True
30,1886,24,0,True
30,1887,24,0,True
30,1888,24,0,True
30,1889,24,0,True
30,1890,24,0,True
30,1891,24,0,True
30,1892,24,0,True
30,1893,24,0,True
30,1894,24,0,True
30,1895,24,0,True
30,1896,24,0,True
30,1897,24,0,True
30,1898,24,0,True
30,1899,24,0,True
30,1900,24,0,True
30,1901,24,0,True
30,1902,24,0,True
30,1903,24,0,True
30,1904,24,0,True
30,1905,24,0,True
30,1906,24,0,True
30,1907,24,0,True
30,1908,24,0,True
30,1909,24,0,True
30,1910,23,0,True
30,1911,23,0,True
30,1912,23,0,True
30,1913,23,0,True
30,1914,23,0,True
30,1915,23,0,True
30,1916,23,0,True
30,1917,23,0,True
30,1918,23,0,True
30,1919,23,0,True
30,1920,23,0,True
30,1921,23,0,True
30,1922,23,0,True
30,1923,23,0,True
30,1924,23,0,True
30,1925,23,0,True
30,1926,23,0,True
30,1927,23,0,True
30,1928,23,0,True
30,1929,23,0,True
30,1930,23,0,True
30,1931,23,0,True
30,1932,23,0,True
30,1933,23,0,True
30,1934,23,0,True
30,1935,23,0,True
30,1936,23,0,True
30,1937,23,0,True
30,1938,23,0,True
30,1939,23,0,True
30,1940,23,0,True
30,1941,23,0,True
30,1942,23,0,True
30,1943,23,0,True
30,1944,23,0,True
30,1945,23,0,True
30,1946,23,0,True
30,1947,23,0,True
30,1948,23,0,True
30,1949,23,0,True
30,1950,23,0,True
30,1951,23,0,True
30,1952,23,0,True
30,1953,23,0,True
30,1954,23,0,True
30,1955,23,0,True
30,1956,23,0,True
30,1957,23,0,True
30,1958,23,0,True
30,1959,23,0,True
30,1960,23,0,True
30,1961,23,0,True
30,1962,23,0,True
30,1963,23,0,True
30,1964,23,0,True
30,1965,23,0,True
30,1966,23,0,True
30,1967,23,0,True
30,1968,23,0,True
30,1969,23,0,True
30,1970,23,0,True
30,1971,23,0,True
30,1972,23,0,True
30,1973,23,0,True
30,1974,23,0,True
30,1975,23,0,True
30,1976,23,0,True
30,1977,23,0,True
30,1978,22,0,True
30,1979,22,0,True
30,1980,22,0,True
30,1981,22,0,True
30,1982,22,0,True
30,1983,22,0,True
30,1984,22,0,True
30,1985,22,0,True
30,1986,22,0,True
30,1987,22,0,True
30,1988,22,0,True
30,1989,22,0,True
30,1990,22,0,True
30,1991,22,0,True
30,1992,22,0,True
30,1993,22,0,True
30,1994,22,0,True
30,1995,22,0,True
30,1996,22,0,True
30,1997,22,0,True
30,1998,22,0,True
30,1999,22,0,True
30,2000,22,0,True
30,2001,22,0,True
30,2002,22,0,True
30,2003,22,0,True
30,2004,22,0,True
30,2005,22,0,True
30,2006,22,0,True
30,2007,22,0,True
30,2008,22,0,True
30,2009,22,0,True
30,2010,22,0,True
30,2011,22,0,True
30,2012,22,0,True
30,2013,22,0,True
30,2014,22,0,True
30,2015,22,0,True
30,2016,22,0,True
30,2017,22,0,True
30,2018,22,0,True
30,2019,22,0,True
30,2020,22,0,True
30,2021,22,0,True
30,2022,22,0,True
30,2023,22,0,True
30,2024,22,0,True
30,2025,22,0,True
30,2026,22,0,True
30,2027,22,0,True
30,2028,22,0,True
30,2029,22,0,True
30,2030,22,0,True
30,2031,22,0,True
30,2032,22,0,True
30,2033,22,0,True
30,2034,22,0,True
30,2035,22,0,True
30,2036,22,0,True
30,2037,22,0,True
30,2038,22,0,True
30,2039,22,0,True
30,2040,22,0,True
30,2041,22,0,True
30,2042,22,0,True
30,2043,22,0,True
30,2044,22,0,True
30,2045,22,0,True
30,2046,22,0,True
30,2047,22,0,True
30,2048,22,0,True
30,2049,22,0,True
30,2050,22,0,True
30,2051,22,0,True
30,2052,22,0,True
30,2053,22,0,True
30,2054,22,0,True
30,2055,22,0,True
30,2056,22,0,True
30,2057,22,0,True
30,2058,22,0,True
30,2059,22,0,True
30,2060,22,0,True
30,2061,22,0,True
30,2062,22,0,True
30,2063,22,0,True
30,2064,22,0,True
30,2065,22,0,True
30,2066,22,0,True
30,2067,22,0,True
30,2068,21,0,True
30,2069,21,0,True
30,2070,21,0,True
30,2071,21,0,True
30,2072,21,0,True
30,2073,21,0,True
30,2074,21,0,True
30,2075,21,0,True
30,2076,21,0,True
30,2077,21,0,True
30,2078,21,0,True
30,2079,21,0,True
30,2080,21,0,True
30,2081,21,0,True
30,2082,21,0,True
30,2083,21,0,True
30,2084,21,0,True
30,2085,21,0,True
30,2086,21,0,True
30,2087,21,0,True
30,2088,21,0,True
30,2089,21,0,True
30,2090,21,0,True
30,2091,21,0,True
30,2092,21,0,True
30,2093,21,0,True
30,2094,21,0,True
30,2095,21,0,True
30,2096,21,0,True
30,2097,21,0,True
30,2098,21,0,True
30,2099,21,0,True
30,2100,21,0,True
30,2101,21,0,True
30,2102,21,0,True
30,2103,21,0,True
30,2104,21,0,True
30,2105,21,0,True
30,2106,21,0,True
30,2107,21,0,True
30,2108,21,0,True
30,2109,21,0,True
30,2110,21,0,True
30,2111,21,0,True
30,2112,21,0,True
30,2113,21,0,True
30,2114,21,0,True
30,2115,21,0,True
30,2116,21,0,True
30,2117,21,0,True
30,2118,21,0,True
30,2119,21,0,True
30,2120,21,0,True
30,2121,21,0,True
30,2122,21,0,True
30,2123,21,0,True
30,2124,21,0,True
30,2125,21,0,True
30,2126,21,0,True
30,2127,21,0,True
30,2128,21,0,True
30,2129,21,0,True
30,2130,21,0,True
30,2131,21,0,True
30,2132,21,0,True
30,2133,21,0,True
30,2134,21,0,True
30,2135,21,0,True
30,2136,21,0,True
30,2137,21,0,True
30,2138,21,0,True
30,2139,21,0,True
30,2140,21,0,True
30,2141,21,0,True
30,2142,25,8298,False
30,2143,25,8164,False
30,2144,25,8048,False
30,2145,24,7937,False
30,2146,24,7818,False
30,2147,24,7699,False
30,2148,24,7588,False
30,2149,24,7476,False
30,2150,24,7353,False
30,2151,24,7229,False
30,2152,25,7106,False
30,2153,25,6987,False
30,2154,25,6864,False
30,2155,25,6743,False
30,2156,25,6640,False
30,2157,25,6530,False
30,2158,25,6419,False
30,2159,25,6311,False
30,2160,25,6186,False
30,2161,25,6080,False
30,2162,25,5963,False
30,2163,26,5850,False
30,2164,25,5732,False
30,2165,25,5617,False
30,2166,25,5507,False
30,2167,26,5395,False
30,2168,26,5288,False
30,2169,26,5183,False
30,2170,26,5086,False
30,2171,26,4976,False
30,2172,26,4866,False
30,2173,26,4756,False
30,2174,26,4645,False
30,2175,27,4563,False
30,2176,26,4474,False
30,2177,26,4372,False
30,2178,26,4282,False
30,2179,26,4198,False
30,2180,26,4090,False
30,2181,25,3986,False
30,2182,25,3906,False
30,2183,25,3824,False
30,2184,25,3715,False
30,2185,25,3601,False
30,2186,25,3514,False
30,2187,25,3408,False
30,2188,25,3336,False
30,2189,25,3248,False
30,2190,25,3170,False
30,2191,25,3088,False
30,2192,25,3023,False
30,2193,25,2920,False
30,2194,25,2843,False
30,2195,25,2766,False
30,2196,25,2710,False
30,2197,25,2605,False
30,2198,25,2532,False
30,2199,25,2425,False
30,2200,26,2349,False
30,2201,26,2270,False
30,2202,26,2198,False
30,2203,25,2147,False
30,2204,25,2092,False
30,2205,26,2036,False
30,2206,26,1969,False
30,2207,26,1909,False
30,2208,27,1852,False
30,2209,27,1801,False
30,2210,27,1751,False
30,2211,27,1689,False
30,2212,27,1631,False
30,2213,26,1582,False
30,2214,27,1526,False
30,2215,27,1474,False
30,2216,27,1423,False
30,2217,27,1377,False
30,2218,27,1328,False
30,2219,27,1278,False
30,2220,27,1224,False
30,2221,27,1173,False
30,2222,27,1117,False
30,2223,27,1067,False
30,2224,27,1018,False
30,2225,27,975,False
30,2226,27,923,False
30,2227,27,873,False
30,2228,27,824,False
30,2229,27,785,False
30,2230,28,735,False
30,2231,28,691,False
30,2232,28,650,False
30,2233,28,598,False
30,2234,29,554,False
30,2235,29,510,False
30,2236,30,462,False
30,2237,30,419,False
30,2238,30,376,False
30,2239,30,337,False
30,2240,30,295,False
30,2241,30,256,False
30,2242,30,214,False
30,2243,30,175,False
30,2244,30,168,False
30,2245,30,128,False
30,2246,30,95,False
30,2247,30,88,False
30,2248,30,82,False
30,2249,30,77,False
30,2250,30,34,False
30,2251,30,26,False
30,2252,30,22,False
30,2253,30,18,False
30,2254,30,14,False
30,2255,30,11,False
30,2256,30,8,False
30,2257,30,6,False
30,2258,30,5,False
30,2259,30,3,False
30,2260,30,2,False
30,2261,30,0,True
30,2262,29,0,True
30,2263,29,0,True
30,2264,28,0,True
30,2265,28,0,True
30,2266,28,0,True
30,2267,28,0,True
30,2268,28,0,True
30,2269,27,0,True
30,2270,27,0,True
30,2271,27,0,True
30,2272,27,0,True
30,2273,27,0,True
30,2274,27,0,True
30,2275,27,0,True
30,2276,27,0,True
30,2277,27,0,True
30,2278,27,0,True
30,2279,27,0,True
30,2280,27,0,True
30,2281,27,0,True
30,2282,26,0,True
30,2283,26,0,True
30,2284,26,0,True
30,2285,26,0,True
30,2286,26,0,True
30,2287,26,0,True
30,2288,26,0,True
30,2289,26,0,True
30,2290,26,0,True
30,2291,26,0,True
30,2292,26,0,True
30,2293,26,0,True
30,2294,26,0,True
30,2295,26,0,True
30,2296,26,0,True
30,2297,26,0,True
30,2298,26,0,True
30,2299,26,0,True
30,2300,26,0,True
30,2301,26,0,True
50,0,25,8474,False
50,1,25,8361,False
50,2,25,8244,False
50,3,25,8123,False
50,4,25,8002,False
50,5,25,7884,False
50,6,25,7758,False
50,7,25,7640,False
50,8,25,7512,False
50,9,25,7398,False
50,10,25,7283,False
50,11,26,7172,False
50,12,26,7059,False
50,13,26,6938,False
50,14,26,6822,False
50,15,27,6699,False
50,16,27,6577,False
50,17,27,6467,False
50,18,27,6363,False
50,19,27,6253,False
50,20,27,6136,False
50,21,27,6012,False
50,22,27,5908,False
50,23,27,5794,False
50,24,26,5675,False
50,25,26,5577,False
50,26,25,5463,False
50,27,25,5347,False
50,28,26,5235,False
50,29,26,5131,False
50,30,26,5039,False
50,31,26,4934,False
50,32,26,4820,False
50,33,26,4701,False
50,34,26,4580,False
50,35,26,4499,False
50,36,26,4380,False
50,37,27,4271,False
50,38,27,4188,False
50,39,27,4097,False
50,40,27,3985,False
50,41,27,3904,False
50,42,27,3824,False
50,43,27,3711,False
50,44,27,3597,False
50,45,27,3488,False
50,46,27,3388,False
50,47,27,3300,False
50,48,27,3224,False
50,49,27,3159,False
50,50,27,3070,False
50,51,27,2980,False
50,52,27,2901,False
50,53,27,2843,False
50,54,27,2789,False
50,55,27,2739,False
50,56,27,2656,False
50,57,27,2600,False
50,58,27,2523,False
50,59,27,2442,False
50,60,27,2368,False
50,61,27,2311,False
50,62,28,2241,False
50,63,28,2171,False
50,64,28,2114,False
50,65,27,2058,False
50,66,27,2005,False
50,67,27,1952,False
50,68,27,1891,False
50,69,27,1840,False
50,70,27,1785,False
50,71,28,1730,False
50,72,28,1675,False
50,73,28,1621,False
50,74,28,1571,False
50,75,28,1519,False
50,76,28,1465,False
50,77,28,1412,False
50,78,28,1360,False
50,79,28,1305,False
50,80,28,1255,False
50,81,28,1205,False
50,82,28,1144,False
50,83,28,1093,False
50,84,28,1045,False
50,85,28,1001,False
50,86,28,953,False
50,87,28,900,False
50,88,28,855,False
50,89,29,807,False
50,90,29,763,False
50,91,30,719,False
50,92,30,673,False
50,93,30,623,False
50,94,30,575,False
50,95,30,533,False
50,96,30,495,False
50,97,29,448,False
50,98,29,406,False
50,99,29,361,False
50,100,29,322,False
50,101,30,280,False
50,102,30,261,False
50,103,30,246,False
50,104,30,200,False
50,105,30,161,False
50,106,30,126,False
50,107,30,89,False
50,108,30,78,False
50,109,30,72,False
50,110,30,62,False
50,111,30,46,False
50,112,30,37,False
50,113,30,31,False
50,114,30,25,False
50,115,30,19,False
50,116,30,14,False
50,117,30,11,False
50,118,30,7,False
50,119,30,4,False
50,120,30,3,False
50,121,30,2,False
50,122,30,0,True
50,123,30,0,True
50,124,30,0,True
50,125,30,0,True
50,126,30,0,True
50,127,29,0,True
50,128,29,0,True
50,129,29,0,True
50,130,29,0,True
50,131,29,0,True
50,132,29,0,True
50,133,29,0,True
50,134,28,0,True
50,135,28,0,True
50,136,28,0,True
50,137,28,0,True
50,138,28,0,True
50,139,28,0,True
50,140,27,0,True
50,141,27,0,True
50,142,27,0,True
50,143,27,0,True
50,144,27,0,True
50,145,27,0,True
50,146,27,0,True
50,147,27,0,True
50,148,26,0,True
50,149,26,0,True
50,150,26,0,True
50,151,26,0,True
50,152,26,0,True
50,153,26,0,True
50,154,26,0,True
50,155,26,0,True
50,156,26,0,True
50,157,26,0,True
50,158,26,0,True
50,159,26,0,True
50,160,26,0,True
50,161,26,0,True
50,162,26,0,True
50,163,26,0,True
50,164,25,0,True
50,165,25,0,True
50,166,25,0,True
50,167,25,0,True
50,168,25,0,True
50,169,25,0,True
50,170,25,0,True
50,171,25,0,True
50,172,25,0,True
50,173,25,0,True
50,174,25,0,True
50,175,25,0,True
50,176,25,0,True
50,177,25,0,True
50,178,25,0,True
50,179,25,0,True
50,180,25,0,True
50,181,25,0,True
50,182,25,0,True
50,183,25,0,True
50,184,25,0,True
50,185,25,0,True
50,186,25,0,True
50,187,25,0,True
50,188,25,0,True
50,189,25,0,True
50,190,25,0,True
50,191,24,0,True
50,192,24,0,True
50,193,24,0,True
50,194,24,0,True
50,195,24,0,True
50,196,24,0,True
50,197,24,0,True
50,198,24,0,True
50,199,24,0,True
50,200,24,0,True
50,201,24,0,True
50,202,24,0,True
50,203,24,0,True
50,204,24,0,True
50,205,24,0,True
50,206,24,0,True
50,207,24,0,True
50,208,24,0,True
50,209,24,0,True
50,210,24,0,True
50,211,24,0,True
50,212,24,0,True
50,213,24,0,True
50,214,24,0,True
50,215,24,0,True
50,216,24,0,True
50,217,24,0,True
50,218,24,0,True
50,219,24,0,True
50,220,24,0,True
50,221,24,0,True
50,222,24,0,True
50,223,24,0,True
50,224,24,0,True
50,225,24,0,True
50,226,24,0,True
50,227,24,0,True
50,228,24,0,True
50,229,24,0,True
50,230,24,0,True
50,231,24,0,True
50,232,24,0,True
50,233,24,0,True
50,234,24,0,True
50,235,24,0,True
50,236,24,0,True
50,237,23,0,True
50,238,23,0,True
50,239,23,0,True
50,240,23,0,True
50,241,23,0,True
50,242,23,0,True
50,243,23,0,True
50,244,23,0,True
50,245,23,0,True
50,246,23,0,True
50,247,23,0,True
50,248,23,0,True
50,249,23,0,True
50,250,23,0,True
50,251,23,0,True
50,252,23,0,True
50,253,23,0,True
50,254,23,0,True
50,255,23,0,True
50,256,23,0,True
50,257,23,0,True
50,258,23,0,True
50,259,23,0,True
50,260,23,0,True
50,261,23,0,True
50,262,23,0,True
50,263,23,0,True
50,264,23,0,True
50,265,23,0,True
50,266,23,0,True
50,267,23,0,True
50,268,23,0,True
50,269,23,0,True
50,270,23,0,True
50,271,23,0,True
50,272,23,0,True
50,273,23,0,True
50,274,23,0,True
50,275,23,0,True
50,276,23,0,True
50,277,23,0,True
50,278,23,0,True
50,279,23,0,True
50,280,23,0,True
50,281,23,0,True
50,282,23,0,True
50,283,23,0,True
50,284,23,0,True
50,285,23,0,True
50,286,23,0,True
50,287,23,0,True
50,288,23,0,True
50,289,22,0,True
50,290,22,0,True
50,291,22,0,True
50,292,22,0,True
50,293,22,0,True
50,294,22,0,True
50,295,22,0,True
50,296,22,0,True
50,297,22,0,True
50,298,22,0,True
50,299,22,0,True
50,300,22,0,True
50,301,22,0,True
50,302,22,0,True
50,303,22,0,True
50,304,22,0,True
50,305,22,0,True
50,306,22,0,True
50,307,22,0,True
50,308,22,0,True
50,309,22,0,True
50,310,22,0,True
50,311,22,0,True
50,312,22,0,True
50,313,22,0,True
50,314,22,0,True
50,315,22,0,True
50,316,22,0,True
50,317,22,0,True
50,318,22,0,True
50,319,22,0,True
50,320,22,0,True
50,321,22,0,True
50,322,22,0,True
50,323,22,0,True
50,324,22,0,True
50,325,22,0,True
50,326,22,0,True
50,327,22,0,True
50,328,22,0,True
50,329,22,0,True
50,330,22,0,True
50,331,22,0,True
50,332,22,0,True
50,333,22,0,True
50,334,22,0,True
50,335,22,0,True
50,336,22,0,True
50,337,22,0,True
50,338,22,0,True
50,339,22,0,True
50,340,22,0,True
50,341,22,0,True
50,342,22,0,True
50,343,22,0,True
50,344,22,0,True
50,345,22,0,True
50,346,22,0,True
50,347,22,0,True
50,348,22,0,True
50,349,22,0,True
50,350,22,0,True
50,351,22,0,True
50,352,22,0,True
50,353,22,0,True
50,354,22,0,True
50,355,22,0,True
50,356,22,0,True
50,357,22,0,True
50,358,22,0,True
50,359,22,0,True
50,360,22,0,True
50,361,22,0,True
50,362,22,0,True
50,363,22,0,True
50,364,22,0,True
50,365,22,0,True
50,366,22,0,True
50,367,22,0,True
50,368,22,0,True
50,369,22,0,True
50,370,22,0,True
50,371,22,0,True
50,372,22,0,True
50,373,21,0,True
50,374,21,0,True
50,375,21,0,True
50,376,21,0,True
50,377,21,0,True
50,378,21,0,True
50,379,21,0,True
50,380,21,0,True
50,381,21,0,True
50,382,21,0,True
50,383,21,0,True
50,384,21,0,True
50,385,21,0,True
50,386,21,0,True
50,387,21,0,True
50,388,21,0,True
50,389,21,0,True
50,390,21,0,True
50,391,21,0,True
50,392,21,0,True
50,393,21,0,True
50,394,21,0,True
50,395,21,0,True
50,396,21,0,True
50,397,21,0,True
50,398,21,0,True
50,399,21,0,True
50,400,21,0,True
50,401,21,0,True
50,402,21,0,True
50,403,21,0,True
50,404,21,0,True
50,405,21,0,True
50,406,21,0,True
50,407,21,0,True
50,408,21,0,True
50,409,21,0,True
50,410,21,0,True
50,411,21,0,True
50,412,21,0,True
50,413,21,0,True
50,414,21,0,True
50,415,21,0,True
50,416,21,0,True
50,417,21,0,True
50,418,21,0,True
50,419,21,0,True
50,420,21,0,True
50,421,21,0,True
50,422,21,0,True
50,423,21,0,True
50,424,21,0,True
50,425,21,0,True
50,426,21,0,True
50,427,21,0,True
50,428,21,0,True
50,429,21,0,True
50,430,21,0,True
50,431,21,0,True
50,432,21,0,True
50,433,21,0,True
50,434,21,0,True
50,435,21,0,True
50,436,21,0,True
50,437,21,0,True
50,438,21,0,True
50,439,21,0,True
50,440,21,0,True
50,441,21,0,True
50,442,21,0,True
50,443,21,0,True
50,444,21,0,True
50,445,21,0,True
50,446,21,0,True
50,447,21,0,True
50,448,21,0,True
50,449,21,0,True
50,450,21,0,True
50,451,21,0,True
50,452,21,0,True
50,453,21,0,True
50,454,21,0,True
50,455,21,0,True
50,456,21,0,True
50,457,21,0,True
50,458,21,0,True
50,459,21,0,True
50,460,21,0,True
50,461,21,0,True
50,462,21,0,True
50,463,21,0,True
50,464,21,0,True
50,465,21,0,True
50,466,21,0,True
50,467,21,0,True
50,468,21,0,True
50,469,21,0,True
50,470,21,0,True
50,471,21,0,True
50,472,20,0,True
50,473,20,0,True
50,474,20,0,True
50,475,20,0,True
50,476,20,0,True
50,477,20,0,True
50,478,20,0,True
50,479,20,0,True
50,480,20,0,True
50,481,20,0,True
50,482,20,0,True
50,483,20,0,True
50,484,20,0,True
50,485,20,0,True
50,486,20,0,True
50,487,20,0,True
50,488,20,0,True
50,489,20,0,True
50,490,20,0,True
50,491,20,0,True
50,492,20,0,True
50,493,20,0,True
50,494,20,0,True
50,495,20,0,True
50,496,20,0,True
50,497,20,0,True
50,498,20,0,True
50,499,20,0,True
50,500,20,0,True
50,501,20,0,True
50,502,20,0,True
50,503,20,0,True
50,504,20,0,True
50,505,20,0,True
50,506,20,0,True
50,507,20,0,True
50,508,20,0,True
50,509,20,0,True
50,510,20,0,True
50,511,20,0,True
50,512,20,0,True
50,513,20,0,True
50,514,20,0,True
50,515,20,0,True
50,516,20,0,True
50,517,20,0,True
50,518,20,0,True
50,519,20,0,True
50,520,20,0,True
50,521,20,0,True
50,522,20,0,True
50,523,20,0,True
50,524,20,0,True
50,525,20,0,True
50,526,20,0,True
50,527,20,0,True
50,528,20,0,True
50,529,20,0,True
50,530,20,0,True
50,531,20,0,True
50,532,20,0,True
50,533,20,0,True
50,534,20,0,True
50,535,20,0,True
50,536,20,0,True
50,537,20,0,True
50,538,20,0,True
50,539,20,0,True
50,540,20,0,True
50,541,20,0,True
50,542,20,0,True
50,543,20,0,True
50,544,20,0,True
50,545,20,0,True
50,546,20,0,True
50,547,20,0,True
50,548,20,0,True
50,549,20,0,True
50,550,20,0,True
50,551,20,0,True
50,552,20,0,True
50,553,20,0,True
50,554,20,0,True
50,555,20,0,True
50,556,20,0,True
50,557,20,0,True
50,558,20,0,True
50,559,20,0,True
50,560,20,0,True
50,561,20,0,True
50,562,20,0,True
50,563,20,0,True
50,564,20,0,True
50,565,20,0,True
50,566,20,0,True
50,567,20,0,True
50,568,20,0,True
50,569,20,0,True
50,570,20,0,True
50,571,20,0,True
50,572,20,0,True
50,573,20,0,True
50,574,20,0,True
50,575,20,0,True
50,576,20,0,True
50,577,20,0,True
50,578,20,0,True
50,579,20,0,True
50,580,20,0,True
50,581,20,0,True
50,582,20,0,True
50,583,20,0,True
50,584,20,0,True
50,585,20,0,True
50,586,20,0,True
50,587,20,0,True
50,588,20,0,True
50,589,20,0,True
50,590,20,0,True
50,591,20,0,True
50,592,20,0,True
50,593,20,0,True
50,594,20,0,True
50,595,20,0,True
50,596,20,0,True
50,597,20,0,True
50,598,20,0,True
50,599,20,0,True
50,600,20,0,True
50,601,20,0,True
50,602,20,0,True
50,603,20,0,True
50,604,20,0,True
50,605,20,0,True
50,606,20,0,True
50,607,20,0,True
50,608,20,0,True
50,609,20,0,True
50,610,20,0,True
50,611,20,0,True
50,612,20,0,True
50,613,20,0,True
50,614,20,0,True
50,615,20,0,True
50,616,20,0,True
50,617,20,0,True
50,618,20,0,True
50,619,20,0,True
50,620,20,0,True
50,621,20,0,True
50,622,20,0,True
50,623,20,0,True
50,624,20,0,True
50,625,20,0,True
50,626,20,0,True
50,627,20,0,True
50,628,20,0,True
50,629,20,0,True
50,630,20,0,True
50,631,19,0,True
50,632,19,0,True
50,633,19,0,True
50,634,19,0,True
50,635,19,0,True
50,636,19,0,True
50,637,19,0,True
50,638,19,0,True
50,639,19,0,True
50,640,19,0,True
50,641,19,0,True
50,642,19,0,True
50,643,19,0,True
50,644,19,0,True
50,645,19,0,True
50,646,19,0,True
50,647,19,0,True
50,648,19,0,True
50,649,19,0,True
50,650,19,0,True
50,651,19,0,True
50,652,19,0,True
50,653,19,0,True
50,654,19,0,True
50,655,19,0,True
50,656,19,0,True
50,657,19,0,True
50,658,19,0,True
50,659,19,0,True
50,660,19,0,True
50,661,19,0,True
50,662,19,0,True
50,663,19,0,True
50,664,19,0,True
50,665,19,0,True
50,666,19,0,True
50,667,19,0,True
50,668,19,0,True
50,669,19,0,True
50,670,19,0,True
50,671,19,0,True
50,672,19,0,True
50,673,19,0,True
50,674,19,0,True
50,675,19,0,True
50,676,19,0,True
50,677,19,0,True
50,678,19,0,True
50,679,19,0,True
50,680,19,0,True
50,681,19,0,True
50,682,19,0,True
50,683,19,0,True
50,684,19,0,True
50,685,19,0,True
50,686,19,0,True
50,687,19,0,True
50,688,19,0,True
50,689,19,0,True
50,690,19,0,True
50,691,19,0,True
50,692,19,0,True
50,693,19,0,True
50,694,19,0,True
50,695,19,0,True
50,696,19,0,True
50,697,19,0,True
50,698,19,0,True
50,699,19,0,True
50,700,19,0,True
50,701,19,0,True
50,702,19,0,True
50,703,19,0,True
50,704,19,0,True
50,705,19,0,True
50,706,19,0,True
50,707,19,0,True
50,708,19,0,True
50,709,19,0,True
50,710,19,0,True
50,711,19,0,True
50,712,19,0,True
50,713,19,0,True
50,714,19,0,True
50,715,19,0,True
50,716,19,0,True
50,717,19,0,True
50,718,19,0,True
50,719,19,0,True
50,720,19,0,True
50,721,19,0,True
50,722,19,0,True
50,723,19,0,True
50,724,19,0,True
50,725,19,0,True
50,726,19,0,True
50,727,19,0,True
50,728,19,0,True
50,729,19,0,True
50,730,19,0,True
50,731,19,0,True
50,732,19,0,True
50,733,19,0,True
50,734,19,0,True
50,735,19,0,True
50,736,19,0,True
50,737,19,0,True
50,738,19,0,True
50,739,19,0,True
50,740,19,0,True
50,741,19,0,True
50,742,19,0,True
50,743,19,0,True
50,744,19,0,True
50,745,19,0,True
50,746,19,0,True
50,747,19,0,True
50,748,19,0,True
50,749,19,0,True
50,750,19,0,True
50,751,19,0,True
50,752,19,0,True
50,753,19,0,True
50,754,19,0,True
50,755,19,0,True
50,756,19,0,True
50,757,19,0,True
50,758,19,0,True
50,759,19,0,True
50,760,19,0,True
50,761,19,0,True
50,762,19,0,True
50,763,19,0,True
50,764,19,0,True
50,765,19,0,True
50,766,19,0,True
50,767,19,0,True
50,768,19,0,True
50,769,19,0,True
50,770,19,0,True
50,771,19,0,True
50,772,19,0,True
50,773,19,0,True
50,774,19,0,True
50,775,19,0,True
50,776,19,0,True
50,777,19,0,True
50,778,19,0,True
50,779,19,0,True
50,780,19,0,True
50,781,19,0,True
50,782,19,0,True
50,783,19,0,True
50,784,19,0,True
50,785,19,0,True
50,786,19,0,True
50,787,19,0,True
50,788,19,0,True
50,789,19,0,True
50,790,19,0,True
50,791,19,0,True
50,792,19,0,True
50,793,19,0,True
50,794,19,0,True
50,795,19,0,True
50,796,19,0,True
50,797,19,0,True
50,798,19,0,True
50,799,19,0,True
50,800,19,0,True
50,801,19,0,True
50,802,19,0,True
50,803,19,0,True
50,804,19,0,True
50,805,19,0,True
50,806,19,0,True
50,807,19,0,True
50,808,19,0,True
50,809,19,0,True
50,810,19,0,True
50,811,19,0,True
50,812,19,0,True
50,813,19,0,True
50,814,19,0,True
50,815,19,0,True
50,816,19,0,True
50,817,19,0,True
50,818,19,0,True
50,819,19,0,True
50,820,19,0,True
50,821,19,0,True
50,822,19,0,True
50,823,19,0,True
50,824,19,0,True
50,825,19,0,True
50,826,19,0,True
50,827,19,0,True
50,828,19,0,True
50,829,19,0,True
50,830,19,0,True
50,831,19,0,True
50,832,19,0,True
50,833,19,0,True
50,834,19,0,True
50,835,19,0,True
50,836,19,0,True
50,837,19,0,True
50,838,19,0,True
50,839,19,0,True
50,840,19,0,True
50,841,18,0,True
50,842,18,0,True
50,843,18,0,True
50,844,18,0,True
50,845,18,0,True
50,846,18,0,True
50,847,18,0,True
50,848,18,0,True
50,849,18,0,True
50,850,18,0,True
50,851,18,0,True
50,852,18,0,True
50,853,18,0,True
50,854,18,0,True
50,855,18,0,True
50,856,18,0,True
50,857,18,0,True
50,858,18,0,True
50,859,18,0,True
50,860,18,0,True
50,861,18,0,True
50,862,18,0,True
50,863,18,0,True
50,864,18,0,True
50,865,18,0,True
50,866,18,0,True
50,867,18,0,True
50,868,18,0,True
50,869,18,0,True
50,870,18,0,True
50,871,18,0,True
50,872,18,0,True
50,873,18,0,True
50,874,18,0,True
50,875,18,0,True
50,876,18,0,True
50,877,18,0,True
50,878,18,0,True
50,879,18,0,True
50,880,18,0,True
50,881,18,0,True
50,882,18,0,True
50,883,18,0,True
50,884,18,0,True
50,885,18,0,True
50,886,18,0,True
50,887,18,0,True
50,888,18,0,True
50,889,18,0,True
50,890,18,0,True
50,891,18,0,True
50,892,18,0,True
50,893,18,0,True
50,894,18,0,True
50,895,18,0,True
50,896,18,0,True
50,897,18,0,True
50,898,18,0,True
50,899,18,0,True
50,900,18,0,True
50,901,18,0,True
50,902,18,0,True
50,903,18,0,True
50,904,18,0,True
50,905,18,0,True
50,906,18,0,True
50,907,18,0,True
50,908,18,0,True
50,909,18,0,True
50,910,18,0,True
50,911,18,0,True
50,912,18,0,True
50,913,18,0,True
50,914,18,0,True
50,915,18,0,True
50,916,18,0,True
50,917,18,0,True
50,918,18,0,True
50,919,18,0,True
50,920,18,0,True
50,921,18,0,True
50,922,18,0,True
50,923,18,0,True
50,924,18,0,True
50,925,18,0,True
50,926,18,0,True
50,927,18,0,True
50,928,18,0,True
50,929,18,0,True
50,930,18,0,True
50,931,18,0,True
50,932,18,0,True
50,933,18,0,True
50,934,18,0,True
50,935,18,0,True
50,936,18,0,True
50,937,18,0,True
50,938,18,0,True
50,939,18,0,True
50,940,18,0,True
50,941,18,0,True
50,942,18,0,True
50,943,18,0,True
50,944,18,0,True
50,945,18,0,True
50,946,18,0,True
50,947,18,0,True
50,948,18,0,True
50,949,18,0,True
50,950,18,0,True
50,951,18,0,True
50,952,18,0,True
50,953,18,0,True
50,954,18,0,True
50,955,18,0,True
50,956,18,0,True
50,957,18,0,True
50,958,18,0,True
50,959,18,0,True
50,960,18,0,True
50,961,18,0,True
50,962,18,0,True
50,963,18,0,True
50,964,18,0,True
50,965,18,0,True
50,966,18,0,True
50,967,18,0,True
50,968,18,0,True
50,969,18,0,True
50,970,18,0,True
50,971,18,0,True
50,972,18,0,True
50,973,18,0,True
50,974,18,0,True
50,975,18,0,True
50,976,18,0,True
50,977,18,0,True
50,978,18,0,True
50,979,18,0,True
50,980,18,0,True
50,981,18,0,True
50,982,18,0,True
50,983,18,0,True
50,984,18,0,True
50,985,18,0,True
50,986,18,0,True
50,987,18,0,True
50,988,18,0,True
50,989,18,0,True
50,990,18,0,True
50,991,18,0,True
50,992,18,0,True
50,993,18,0,True
50,994,18,0,True
50,995,18,0,True
50,996,18,0,True
50,997,18,0,True
50,998,18,0,True
50,999,18,0,True
50,1000,18,0,True
50,1001,18,0,True
50,1002,18,0,True
50,1003,18,0,True
50,1004,18,0,True
50,1005,18,0,True
50,1006,18,0,True
50,1007,18,0,True
50,1008,18,0,True
50,1009,18,0,True
50,1010,18,0,True
50,1011,18,0,True
50,1012,18,0,True
50,1013,18,0,True
50,1014,18,0,True
50,1015,18,0,True
50,1016,18,0,True
50,1017,18,0,True
50,1018,18,0,True
50,1019,18,0,True
50,1020,18,0,True
50,1021,18,0,True
50,1022,18,0,True
50,1023,18,0,True
50,1024,18,0,True
50,1025,18,0,True
50,1026,18,0,True
50,1027,18,0,True
50,1028,18,0,True
50,1029,18,0,True
50,1030,18,0,True
50,1031,18,0,True
50,1032,18,0,True
50,1033,18,0,True
50,1034,18,0,True
50,1035,18,0,True
50,1036,18,0,True
50,1037,18,0,True
50,1038,18,0,True
50,1039,18,0,True
50,1040,18,0,True
50,1041,18,0,True
50,1042,18,0,True
50,1043,18,0,True
50,1044,18,0,True
50,1045,18,0,True
50,1046,18,0,True
50,1047,18,0,True
50,1048,18,0,True
50,1049,18,0,True
50,1050,18,0,True
50,1051,18,0,True
50,1052,18,0,True
50,1053,18,0,True
50,1054,18,0,True
50,1055,18,0,True
50,1056,18,0,True
50,1057,18,0,True
50,1058,18,0,True
50,1059,18,0,True
50,1060,18,0,True
50,1061,18,0,True
50,1062,18,0,True
50,1063,18,0,True
50,1064,18,0,True
50,1065,18,0,True
50,1066,18,0,True
50,1067,18,0,True
50,1068,18,0,True
50,1069,18,0,True
50,1070,18,0,True
50,1071,18,0,True
50,1072,18,0,True
50,1073,18,0,True
50,1074,18,0,True
50,1075,18,0,True
50,1076,18,0,True
50,1077,18,0,True
50,1078,18,0,True
50,1079,18,0,True
50,1080,18,0,True
50,1081,18,0,True
50,1082,18,0,True
50,1083,18,0,True
50,1084,18,0,True
50,1085,18,0,True
50,1086,18,0,True
50,1087,18,0,True
50,1088,18,0,True
50,1089,18,0,True
50,1090,18,0,True
50,1091,18,0,True
50,1092,18,0,True
50,1093,18,0,True
50,1094,18,0,True
50,1095,18,0,True
50,1096,18,0,True
50,1097,18,0,True
50,1098,18,0,True
50,1099,18,0,True
50,1100,18,0,True
50,1101,18,0,True
50,1102,18,0,True
50,1103,18,0,True
50,1104,18,0,True
50,1105,18,0,True
50,1106,18,0,True
50,1107,18,0,True
50,1108,18,0,True
50,1109,18,0,True
50,1110,18,0,True
50,1111,18,0,True
50,1112,18,0,True
50,1113,18,0,True
50,1114,18,0,True
50,1115,18,0,True
50,1116,18,0,True
50,1117,18,0,True
50,1118,18,0,True
50,1119,18,0,True
50,1120,18,0,True
50,1121,18,0,True
50,1122,18,0,True
50,1123,18,0,True
50,1124,18,0,True
50,1125,18,0,True
50,1126,18,0,True
50,1127,18,0,True
50,1128,18,0,True
50,1129,18,0,True
50,1130,18,0,True
50,1131,18,0,True
50,1132,18,0,True
50,1133,18,0,True
50,1134,18,0,True
50,1135,17,0,True
50,1136,17,0,True
50,1137,17,0,True
50,1138,17,0,True
50,1139,17,0,True
50,1140,17,0,True
50,1141,17,0,True
50,1142,17,0,True
50,1143,17,0,True
50,1144,17,0,True
50,1145,17,0,True
50,1146,17,0,True
50,1147,17,0,True
50,1148,17,0,True
50,1149,17,0,True
50,1150,17,0,True
50,1151,17,0,True
50,1152,17,0,True
50,1153,17,0,True
50,1154,17,0,True
50,1155,17,0,True
50,1156,17,0,True
50,1157,17,0,True
50,1158,17,0,True
50,1159,17,0,True
50,1160,17,0,True
50,1161,17,0,True
50,1162,17,0,True
50,1163,17,0,True
50,1164,17,0,True
50,1165,17,0,True
50,1166,17,0,True
50,1167,17,0,True
50,1168,17,0,True
50,1169,17,0,True
50,1170,17,0,True
50,1171,17,0,True
50,1172,17,0,True
50,1173,17,0,True
50,1174,17,0,True
50,1175,17,0,True
50,1176,17,0,True
50,1177,17,0,True
50,1178,17,0,True
50,1179,17,0,True
50,1180,17,0,True
50,1181,17,0,True
50,1182,17,0,True
50,1183,17,0,True
50,1184,17,0,True
50,1185,17,0,True
50,1186,17,0,True
50,1187,17,0,True
50,1188,17,0,True
50,1189,17,0,True
50,1190,17,0,True
50,1191,17,0,True
50,1192,17,0,True
50,1193,17,0,True
50,1194,17,0,True
50,1195,17,0,True
50,1196,17,0,True
50,1197,17,0,True
50,1198,17,0,True
50,1199,17,0,True
50,1200,17,0,True
50,1201,17,0,True
50,1202,17,0,True
50,1203,17,0,True
50,1204,17,0,True
50,1205,17,0,True
50,1206,17,0,True
50,1207,17,0,True
50,1208,17,0,True
50,1209,17,0,True
50,1210,17,0,True
50,1211,17,0,True
50,1212,17,0,True
50,1213,17,0,True
50,1214,17,0,True
50,1215,17,0,True
50,1216,17,0,True
50,1217,17,0,True
50,1218,17,0,True
50,1219,17,0,True
50,1220,17,0,True
50,1221,17,0,True
50,1222,17,0,True
50,1223,17,0,True
50,1224,17,0,True
50,1225,17,0,True
50,1226,17,0,True
50,1227,17,0,True
50,1228,17,0,True
50,1229,17,0,True
50,1230,17,0,True
50,1231,17,0,True
50,1232,17,0,True
50,1233,17,0,True
50,1234,17,0,True
50,1235,17,0,True
50,1236,17,0,True
50,1237,17,0,True
50,1238,17,0,True
50,1239,17,0,True
50,1240,17,0,True
50,1241,17,0,True
50,1242,17,0,True
50,1243,17,0,True
50,1244,17,0,True
50,1245,17,0,True
50,1246,17,0,True
50,1247,17,0,True
50,1248,17,0,True
50,1249,17,0,True
50,1250,17,0,True
50,1251,17,0,True
50,1252,17,0,True
50,1253,17,0,True
50,1254,17,0,True
50,1255,17,0,True
50,1256,17,0,True
50,1257,17,0,True
50,1258,17,0,True
50,1259,17,0,True
50,1260,17,0,True
50,1261,17,0,True
50,1262,17,0,True
50,1263,17,0,True
50,1264,17,0,True
50,1265,17,0,True
50,1266,17,0,True
50,1267,17,0,True
50,1268,17,0,True
50,1269,17,0,True
50,1270,17,0,True
50,1271,17,0,True
50,1272,17,0,True
50,1273,17,0,True
50,1274,17,0,True
50,1275,17,0,True
50,1276,17,0,True
50,1277,17,0,True
50,1278,17,0,True
50,1279,17,0,True
50,1280,17,0,True
50,1281,17,0,True
50,1282,17,0,True
50,1283,17,0,True
50,1284,17,0,True
50,1285,17,0,True
50,1286,17,0,True
50,1287,17,0,True
50,1288,17,0,True
50,1289,17,0,True
50,1290,17,0,True
50,1291,17,0,True
50,1292,17,0,True
50,1293,17,0,True
50,1294,17,0,True
50,1295,17,0,True
50,1296,17,0,True
50,1297,17,0,True
50,1298,17,0,True
50,1299,17,0,True
50,1300,17,0,True
50,1301,17,0,True
50,1302,17,0,True
50,1303,17,0,True
50,1304,17,0,True
50,1305,17,0,True
50,1306,17,0,True
50,1307,17,0,True
50,1308,17,0,True
50,1309,17,0,True
50,1310,17,0,True
50,1311,17,0,True
50,1312,17,0,True
50,1313,17,0,True
50,1314,17,0,True
50,1315,17,0,True
50,1316,17,0,True
50,1317,17,0,True
50,1318,17,0,True
50,1319,17,0,True
50,1320,17,0,True
50,1321,17,0,True
50,1322,17,0,True
50,1323,17,0,True
50,1324,17,0,True
50,1325,17,0,True
50,1326,17,0,True
50,1327,17,0,True
50,1328,17,0,True
50,1329,17,0,True
50,1330,17,0,True
50,1331,17,0,True
50,1332,17,0,True
50,1333,17,0,True
50,1334,17,0,True
50,1335,17,0,True
50,1336,17,0,True
50,1337,17,0,True
50,1338,17,0,True
50,1339,17,0,True
50,1340,17,0,True
50,1341,17,0,True
50,1342,17,0,True
50,1343,17,0,True
50,1344,17,0,True
50,1345,17,0,True
50,1346,17,0,True
50,1347,17,0,True
50,1348,17,0,True
50,1349,17,0,True
50,1350,17,0,True
50,1351,17,0,True
50,1352,17,0,True
50,1353,17,0,True
50,1354,17,0,True
50,1355,17,0,True
50,1356,17,0,True
50,1357,17,0,True
50,1358,17,0,True
50,1359,17,0,True
50,1360,17,0,True
50,1361,17,0,True
50,1362,17,0,True
50,1363,17,0,True
50,1364,17,0,True
50,1365,17,0,True
50,1366,17,0,True
50,1367,17,0,True
50,1368,17,0,True
50,1369,17,0,True
50,1370,17,0,True
50,1371,17,0,True
50,1372,17,0,True
50,1373,17,0,True
50,1374,17,0,True
50,1375,17,0,True
50,1376,17,0,True
50,1377,17,0,True
50,1378,17,0,True
50,1379,17,0,True
50,1380,17,0,True
50,1381,17,0,True
50,1382,17,0,True
50,1383,17,0,True
50,1384,17,0,True
50,1385,17,0,True
50,1386,17,0,True
50,1387,17,0,True
50,1388,17,0,True
50,1389,17,0,True
50,1390,17,0,True
50,1391,17,0,True
50,1392,17,0,True
50,1393,17,0,True
50,1394,17,0,True
50,1395,17,0,True
50,1396,17,0,True
50,1397,17,0,True
50,1398,17,0,True
50,1399,17,0,True
50,1400,17,0,True
50,1401,17,0,True
50,1402,17,0,True
50,1403,17,0,True
50,1404,17,0,True
50,1405,17,0,True
50,1406,17,0,True
50,1407,17,0,True
50,1408,17,0,True
50,1409,17,0,True
50,1410,17,0,True
50,1411,17,0,True
50,1412,17,0,True
50,1413,17,0,True
50,1414,17,0,True
50,1415,17,0,True
50,1416,17,0,True
50,1417,17,0,True
50,1418,17,0,True
50,1419,17,0,True
50,1420,17,0,True
50,1421,17,0,True
50,1422,17,0,True
50,1423,17,0,True
50,1424,17,0,True
50,1425,17,0,True
50,1426,17,0,True
50,1427,17,0,True
50,1428,17,0,True
50,1429,17,0,True
50,1430,17,0,True
50,1431,17,0,True
50,1432,17,0,True
50,1433,17,0,True
50,1434,17,0,True
50,1435,17,0,True
50,1436,17,0,True
50,1437,17,0,True
50,1438,17,0,True
50,1439,17,0,True
50,1440,17,0,True
50,1441,17,0,True
50,1442,17,0,True
50,1443,17,0,True
50,1444,17,0,True
50,1445,17,0,True
50,1446,17,0,True
50,1447,17,0,True
50,1448,17,0,True
50,1449,17,0,True
50,1450,17,0,True
50,1451,17,0,True
50,1452,17,0,True
50,1453,17,0,True
50,1454,17,0,True
50,1455,17,0,True
50,1456,17,0,True
50,1457,17,0,True
50,1458,17,0,True
50,1459,17,0,True
50,1460,17,0,True
50,1461,17,0,True
50,1462,17,0,True
50,1463,17,0,True
50,1464,17,0,True
50,1465,17,0,True
50,1466,17,0,True
50,1467,17,0,True
50,1468,17,0,True
50,1469,17,0,True
50,1470,17,0,True
50,1471,17,0,True
50,1472,17,0,True
50,1473,17,0,True
50,1474,17,0,True
50,1475,17,0,True
50,1476,17,0,True
50,1477,17,0,True
50,1478,17,0,True
50,1479,17,0,True
50,1480,17,0,True
50,1481,17,0,True
50,1482,17,0,True
50,1483,17,0,True
50,1484,17,0,True
50,1485,17,0,True
50,1486,17,0,True
50,1487,17,0,True
50,1488,17,0,True
50,1489,17,0,True
50,1490,17,0,True
50,1491,17,0,True
50,1492,17,0,True
50,1493,17,0,True
50,1494,17,0,True
50,1495,17,0,True
50,1496,17,0,True
50,1497,17,0,True
50,1498,17,0,True
50,1499,17,0,True
50,1500,17,0,True
50,1501,17,0,True
50,1502,17,0,True
50,1503,17,0,True
50,1504,17,0,True
50,1505,17,0,True
50,1506,17,0,True
50,1507,17,0,True
50,1508,17,0,True
50,1509,17,0,True
50,1510,17,0,True
50,1511,17,0,True
50,1512,17,0,True
50,1513,17,0,True
50,1514,17,0,True
50,1515,17,0,True
50,1516,17,0,True
50,1517,17,0,True
50,1518,17,0,True
50,1519,17,0,True
50,1520,17,0,True
50,1521,17,0,True
50,1522,17,0,True
50,1523,17,0,True
50,1524,17,0,True
50,1525,17,0,True
50,1526,17,0,True
50,1527,17,0,True
50,1528,17,0,True
50,1529,17,0,True
50,1530,17,0,True
50,1531,17,0,True
50,1532,17,0,True
50,1533,17,0,True
50,1534,17,0,True
50,1535,17,0,True
50,1536,17,0,True
50,1537,17,0,True
50,1538,17,0,True
50,1539,17,0,True
50,1540,17,0,True
50,1541,17,0,True
50,1542,17,0,True
50,1543,17,0,True
50,1544,17,0,True
50,1545,17,0,True
50,1546,17,0,True
50,1547,17,0,True
50,1548,17,0,True
50,1549,17,0,True
50,1550,17,0,True
50,1551,17,0,True
50,1552,17,0,True
50,1553,17,0,True
50,1554,17,0,True
50,1555,17,0,True
50,1556,17,0,True
50,1557,17,0,True
50,1558,17,0,True
50,1559,17,0,True
50,1560,17,0,True
50,1561,17,0,True
50,1562,17,0,True
50,1563,17,0,True
50,1564,17,0,True
50,1565,17,0,True
50,1566,17,0,True
50,1567,17,0,True
50,1568,17,0,True
50,1569,17,0,True
50,1570,17,0,True
50,1571,17,0,True
50,1572,17,0,True
50,1573,17,0,True
50,1574,17,0,True
50,1575,17,0,True
50,1576,17,0,True
50,1577,17,0,True
50,1578,17,0,True
50,1579,17,0,True
50,1580,17,0,True
50,1581,17,0,True
50,1582,17,0,True
50,1583,17,0,True
50,1584,17,0,True
50,1585,17,0,True
50,1586,17,0,True
50,1587,17,0,True
50,1588,17,0,True
50,1589,17,0,True
50,1590,17,0,True
50,1591,17,0,True
50,1592,17,0,True
50,1593,17,0,True
50,1594,17,0,True
50,1595,17,0,True
50,1596,17,0,True
50,1597,17,0,True
50,1598,17,0,True
50,1599,17,0,True
50,1600,17,0,True
50,1601,17,0,True
50,1602,17,0,True
50,1603,17,0,True
50,1604,17,0,True
50,1605,17,0,True
50,1606,17,0,True
50,1607,17,0,True
50,1608,17,0,True
50,1609,17,0,True
50,1610,17,0,True
50,1611,17,0,True
50,1612,17,0,True
50,1613,17,0,True
50,1614,17,0,True
50,1615,17,0,True
50,1616,17,0,True
50,1617,17,0,True
50,1618,17,0,True
50,1619,17,0,True
50,1620,17,0,True
50,1621,17,0,True
50,1622,17,0,True
50,1623,17,0,True
50,1624,17,0,True
50,1625,17,0,True
50,1626,17,0,True
50,1627,17,0,True
50,1628,17,0,True
50,1629,17,0,True
50,1630,17,0,True
50,1631,17,0,True
50,1632,17,0,True
50,1633,17,0,True
50,1634,17,0,True
50,1635,17,0,True
50,1636,28,8325,False
50,1637,27,8215,False
50,1638,26,8103,False
50,1639,26,7983,False
50,1640,26,7855,False
50,1641,26,7741,False
50,1642,26,7623,False
50,1643,26,7499,False
50,1644,25,7389,False
50,1645,25,7266,False
50,1646,25,7153,False
50,1647,25,7041,False
50,1648,26,6924,False
50,1649,26,6832,False
50,1650,26,6728,False
50,1651,26,6608,False
50,1652,25,6497,False
50,1653,25,6379,False
50,1654,25,6270,False
50,1655,25,6141,False
50,1656,25,6028,False
50,1657,26,5911,False
50,1658,26,5798,False
50,1659,26,5686,False
50,1660,26,5585,False
50,1661,26,5470,False
50,1662,26,5360,False
50,1663,25,5262,False
50,1664,25,5154,False
50,1665,25,5037,False
50,1666,24,4935,False
50,1667,24,4823,False
50,1668,24,4716,False
50,1669,24,4605,False
50,1670,24,4497,False
50,1671,24,4399,False
50,1672,24,4313,False
50,1673,25,4205,False
50,1674,24,4087,False
50,1675,25,4004,False
50,1676,25,3902,False
50,1677,25,3819,False
50,1678,24,3738,False
50,1679,25,3653,False
50,1680,25,3566,False
50,1681,26,3461,False
50,1682,26,3381,False
50,1683,26,3292,False
50,1684,26,3202,False
50,1685,26,3122,False
50,1686,27,3029,False
50,1687,27,2961,False
50,1688,27,2894,False
50,1689,27,2809,False
50,1690,27,2751,False
50,1691,27,2697,False
50,1692,27,2649,False
50,1693,28,2538,False
50,1694,28,2453,False
50,1695,28,2395,False
50,1696,28,2294,False
50,1697,28,2230,False
50,1698,28,2149,False
50,1699,28,2089,False
50,1700,28,2022,False
50,1701,28,1958,False
50,1702,28,1905,False
50,1703,28,1855,False
50,1704,28,1801,False
50,1705,28,1750,False
50,1706,28,1701,False
50,1707,29,1647,False
50,1708,29,1588,False
50,1709,28,1536,False
50,1710,29,1485,False
50,1711,29,1429,False
50,1712,29,1374,False
50,1713,28,1322,False
50,1714,28,1275,False
50,1715,28,1229,False
50,1716,28,1177,False
50,1717,29,1129,False
50,1718,29,1069,False
50,1719,29,1023,False
50,1720,29,977,False
50,1721,29,929,False
50,1722,29,876,False
50,1723,29,825,False
50,1724,30,777,False
100,0,25,8474,False
100,1,25,8361,False
100,2,25,8244,False
100,3,25,8123,False
100,4,25,8002,False
100,5,25,7884,False
100,6,25,7758,False
100,7,25,7640,False
100,8,25,7512,False
100,9,25,7398,False
100,10,25,7283,False
100,11,26,7172,False
100,12,26,7059,False
100,13,26,6938,False
100,14,26,6822,False
100,15,27,6699,False
100,16,27,6577,False
100,17,27,6467,False
100,18,27,6363,False
100,19,27,6253,False
100,20,27,6136,False
100,21,27,6012,False
100,22,27,5908,False
100,23,27,5794,False
100,24,26,5675,False
100,25,26,5577,False
100,26,25,5463,False
100,27,25,5347,False
100,28,26,5235,False
100,29,26,5131,False
100,30,26,5039,False
100,31,26,4934,False
100,32,26,4820,False
100,33,26,4701,False
100,34,26,4580,False
100,35,26,4499,False
100,36,26,4380,False
100,37,27,4271,False
100,38,27,4188,False
100,39,27,4097,False
100,40,27,3985,False
100,41,27,3904,False
100,42,27,3824,False
100,43,27,3711,False
100,44,27,3597,False
100,45,27,3488,False
100,46,27,3388,False
100,47,27,3300,False
100,48,27,3224,False
100,49,27,3159,False
100,50,27,3070,False
100,51,27,2980,False
100,52,27,2901,False
100,53,27,2843,False
100,54,27,2789,False
100,55,27,2739,False
100,56,27,2656,False
100,57,27,2600,False
100,58,27,2523,False
100,59,27,2442,False
100,60,27,2368,False
100,61,27,2311,False
100,62,28,2241,False
100,63,28,2171,False
100,64,28,2114,False
100,65,27,2058,False
100,66,27,2005,False
100,67,27,1952,False
100,68,27,1891,False
100,69,27,1840,False
100,70,27,1785,False
100,71,28,1730,False
100,72,28,1675,False
100,73,28,1621,False
100,74,28,1571,False
100,75,28,1519,False
100,76,28,1465,False
100,77,28,1412,False
100,78,28,1360,False
100,79,28,1305,False
100,80,28,1255,False
100,81,28,1205,False
100,82,28,1144,False
100,83,28,1093,False
100,84,28,1045,False
100,85,28,1001,False
100,86,28,953,False
100,87,28,900,False
100,88,28,855,False
100,89,29,807,False
100,90,29,763,False
100,91,30,719,False
100,92,30,673,False
100,93,30,623,False
100,94,30,575,False
100,95,30,533,False
100,96,30,495,False
100,97,29,448,False
100,98,29,406,False
100,99,29,361,False
100,100,29,322,False
100,101,30,280,False
100,102,30,261,False
100,103,30,246,False
100,104,30,200,False
100,105,30,161,False
100,106,30,126,False
100,107,30,89,False
100,108,30,78,False
100,109,30,72,False
100,110,30,62,False
100,111,30,46,False
100,112,30,37,False
100,113,30,31,False
100,114,30,25,False
100,115,30,19,False
100,116,30,14,False
100,117,30,11,False
100,118,30,7,False
100,119,30,4,False
100,120,30,3,False
100,121,30,2,False
100,122,30,0,True
100,123,30,0,True
100,124,30,0,True
100,125,30,0,True
100,126,30,0,True
100,127,29,0,True
100,128,29,0,True
100,129,29,0,True
100,130,29,0,True
100,131,29,0,True
100,132,29,0,True
100,133,29,0,True
100,134,28,0,True
100,135,28,0,True
100,136,28,0,True
100,137,28,0,True
100,138,28,0,True
100,139,28,0,True
100,140,27,0,True
100,141,27,0,True
100,142,27,0,True
100,143,27,0,True
100,144,27,0,True
100,145,27,0,True
100,146,27,0,True
100,147,27,0,True
100,148,26,0,True
100,149,26,0,True
100,150,26,0,True
100,151,26,0,True
100,152,26,0,True
100,153,26,0,True
100,154,26,0,True
100,155,26,0,True
100,156,26,0,True
100,157,26,0,True
100,158,26,0,True
100,159,26,0,True
100,160,26,0,True
100,161,26,0,True
100,162,26,0,True
100,163,26,0,True
100,164,25,0,True
100,165,25,0,True
100,166,25,0,True
100,167,25,0,True
100,168,25,0,True
100,169,25,0,True
100,170,25,0,True
100,171,25,0,True
100,172,25,0,True
100,173,25,0,True
100,174,25,0,True
100,175,25,0,True
100,176,25,0,True
100,177,25,0,True
100,178,25,0,True
100,179,25,0,True
100,180,25,0,True
100,181,25,0,True
100,182,25,0,True
100,183,25,0,True
100,184,25,0,True
100,185,25,0,True
100,186,25,0,True
100,187,25,0,True
100,188,25,0,True
100,189,25,0,True
100,190,25,0,True
100,191,24,0,True
100,192,24,0,True
100,193,24,0,True
100,194,24,0,True
100,195,24,0,True
100,196,24,0,True
100,197,24,0,True
100,198,24,0,True
100,199,24,0,True
100,200,24,0,True
100,201,24,0,True
100,202,24,0,True
100,203,24,0,True
100,204,24,0,True
100,205,24,0,True
100,206,24,0,True
100,207,24,0,True
100,208,24,0,True
100,209,24,0,True
100,210,24,0,True
100,211,24,0,True
100,212,24,0,True
100,213,24,0,True
100,214,24,0,True
100,215,24,0,True
100,216,24,0,True
100,217,24,0,True
100,218,24,0,True
100,219,24,0,True
100,220,24,0,True
100,221,24,0,True
100,222,24,0,True
100,223,24,0,True
100,224,24,0,True
100,225,24,0,True
100,226,24,0,True
100,227,24,0,True
100,228,24,0,True
100,229,24,0,True
100,230,24,0,True
100,231,24,0,True
100,232,24,0,True
100,233,24,0,True
100,234,24,0,True
100,235,24,0,True
100,236,24,0,True
100,237,23,0,True
100,238,23,0,True
100,239,23,0,True
100,240,23,0,True
100,241,23,0,True
100,242,23,0,True
100,243,23,0,True
100,244,23,0,True
100,245,23,0,True
100,246,23,0,True
100,247,23,0,True
100,248,23,0,True
100,249,23,0,True
100,250,23,0,True
100,251,23,0,True
100,252,23,0,True
100,253,23,0,True
100,254,23,0,True
100,255,23,0,True
100,256,23,0,True
100,257,23,0,True
100,258,23,0,True
100,259,23,0,True
100,260,23,0,True
100,261,23,0,True
100,262,23,0,True
100,263,23,0,True
100,264,23,0,True
100,265,23,0,True
100,266,23,0,True
100,267,23,0,True
100,268,23,0,True
100,269,23,0,True
100,270,23,0,True
100,271,23,0,True
100,272,23,0,True
100,273,23,0,True
100,274,23,0,True
100,275,23,0,True
100,276,23,0,True
100,277,23,0,True
100,278,23,0,True
100,279,23,0,True
100,280,23,0,True
100,281,23,0,True
100,282,23,0,True
100,283,23,0,True
100,284,23,0,True
100,285,23,0,True
100,286,23,0,True
100,287,23,0,True
100,288,23,0,True
100,289,22,0,True
100,290,22,0,True
100,291,22,0,True
100,292,22,0,True
100,293,22,0,True
100,294,22,0,True
100,295,22,0,True
100,296,22,0,True
100,297,22,0,True
100,298,22,0,True
100,299,22,0,True
100,300,22,0,True
100,301,22,0,True
100,302,22,0,True
100,303,22,0,True
100,304,22,0,True
100,305,22,0,True
100,306,22,0,True
100,307,22,0,True
100,308,22,0,True
100,309,22,0,True
100,310,22,0,True
100,311,22,0,True
100,312,22,0,True
100,313,22,0,True
100,314,22,0,True
100,315,22,0,True
100,316,22,0,True
100,317,22,0,True
100,318,22,0,True
100,319,22,0,True
100,320,22,0,True
100,321,22,0,True
100,322,22,0,True
100,323,22,0,True
100,324,22,0,True
100,325,22,0,True
100,326,22,0,True
100,327,22,0,True
100,328,22,0,True
100,329,22,0,True
100,330,22,0,True
100,331,22,0,True
100,332,22,0,True
100,333,22,0,True
100,334,22,0,True
100,335,22,0,True
100,336,22,0,True
100,337,22,0,True
100,338,22,0,True
100,339,22,0,True
100,340,22,0,True
100,341,22,0,True
100,342,22,0,True
100,343,22,0,True
100,344,22,0,True
100,345,22,0,True
100,346,22,0,True
100,347,22,0,True
100,348,22,0,True
100,349,22,0,True
100,350,22,0,True
100,351,22,0,True
100,352,22,0,True
100,353,22,0,True
100,354,22,0,True
100,355,22,0,True
100,356,22,0,True
100,357,22,0,True
100,358,22,0,True
100,359,22,0,True
100,360,22,0,True
100,361,22,0,True
100,362,22,0,True
100,363,22,0,True
100,364,22,0,True
100,365,22,0,True
100,366,22,0,True
100,367,22,0,True
100,368,22,0,True
100,369,22,0,True
100,370,22,0,True
100,371,22,0,True
100,372,22,0,True
100,373,21,0,True
100,374,21,0,True
100,375,21,0,True
100,376,21,0,True
100,377,21,0,True
100,378,21,0,True
100,379,21,0,True
100,380,21,0,True
100,381,21,0,True
100,382,21,0,True
100,383,21,0,True
100,384,21,0,True
100,385,21,0,True
100,386,21,0,True
100,387,21,0,True
100,388,21,0,True
100,389,21,0,True
100,390,21,0,True
100,391,21,0,True
100,392,21,0,True
100,393,21,0,True
100,394,21,0,True
100,395,21,0,True
100,396,21,0,True
100,397,21,0,True
100,398,21,0,True
100,399,21,0,True
100,400,21,0,True
100,401,21,0,True
100,402,21,0,True
100,403,21,0,True
100,404,21,0,True
100,405,21,0,True
100,406,21,0,True
100,407,21,0,True
100,408,21,0,True
100,409,21,0,True
100,410,21,0,True
100,411,21,0,True
100,412,21,0,True
100,413,21,0,True
100,414,21,0,True
100,415,21,0,True
100,416,21,0,True
100,417,21,0,True
100,418,21,0,True
100,419,21,0,True
100,420,21,0,True
100,421,21,0,True
100,422,21,0,True
100,423,21,0,True
100,424,21,0,True
100,425,21,0,True
100,426,21,0,True
100,427,21,0,True
100,428,21,0,True
100,429,21,0,True
100,430,21,0,True
100,431,21,0,True
100,432,21,0,True
100,433,21,0,True
100,434,21,0,True
100,435,21,0,True
100,436,21,0,True
100,437,21,0,True
100,438,21,0,True
100,439,21,0,True
100,440,21,0,True
100,441,21,0,True
100,442,21,0,True
100,443,21,0,True
100,444,21,0,True
100,445,21,0,True
100,446,21,0,True
100,447,21,0,True
100,448,21,0,True
100,449,21,0,True
100,450,21,0,True
100,451,21,0,True
100,452,21,0,True
100,453,21,0,True
100,454,21,0,True
100,455,21,0,True
100,456,21,0,True
100,457,21,0,True
100,458,21,0,True
100,459,21,0,True
100,460,21,0,True
100,461,21,0,True
100,462,21,0,True
100,463,21,0,True
100,464,21,0,True
100,465,21,0,True
100,466,21,0,True
100,467,21,0,True
100,468,21,0,True
100,469,21,0,True
100,470,21,0,True
100,471,21,0,True
100,472,20,0,True
100,473,20,0,True
100,474,20,0,True
100,475,20,0,True
100,476,20,0,True
100,477,20,0,True
100,478,20,0,True
100,479,20,0,True
100,480,20,0,True
100,481,20,0,True
100,482,20,0,True
100,483,20,0,True
100,484,20,0,True
100,485,20,0,True
100,486,20,0,True
100,487,20,0,True
100,488,20,0,True
100,489,20,0,True
100,490,20,0,True
100,491,20,0,True
100,492,20,0,True
100,493,20,0,True
100,494,20,0,True
100,495,20,0,True
100,496,20,0,True
100,497,20,0,True
100,498,20,0,True
100,499,20,0,True
100,500,20,0,True
100,501,20,0,True
100,502,20,0,True
100,503,20,0,True
100,504,20,0,True
100,505,20,0,True
100,506,20,0,True
100,507,20,0,True
100,508,20,0,True
100,509,20,0,True
100,510,20,0,True
100,511,20,0,True
100,512,20,0,True
100,513,20,0,True
100,514,20,0,True
100,515,20,0,True
100,516,20,0,True
100,517,20,0,True
100,518,20,0,True
100,519,20,0,True
100,520,20,0,True
100,521,20,0,True
100,522,20,0,True
100,523,20,0,True
100,524,20,0,True
100,525,20,0,True
100,526,20,0,True
100,527,20,0,True
100,528,20,0,True
100,529,20,0,True
100,530,20,0,True
100,531,20,0,True
100,532,20,0,True
100,533,20,0,True
100,534,20,0,True
100,535,20,0,True
100,536,20,0,True
100,537,20,0,True
100,538,20,0,True
100,539,20,0,True
100,540,20,0,True
100,541,20,0,True
100,542,20,0,True
100,543,20,0,True
100,544,20,0,True
100,545,20,0,True
100,546,20,0,True
100,547,20,0,True
100,548,20,0,True
100,549,20,0,True
100,550,20,0,True
100,551,20,0,True
100,552,20,0,True
100,553,20,0,True
100,554,20,0,True
100,555,20,0,True
100,556,20,0,True
100,557,20,0,True
100,558,20,0,True
100,559,20,0,True
100,560,20,0,True
100,561,20,0,True
100,562,20,0,True
100,563,20,0,True
100,564,20,0,True
100,565,20,0,True
100,566,20,0,True
100,567,20,0,True
100,568,20,0,True
100,569,20,0,True
100,570,20,0,True
100,571,20,0,True
100,572,20,0,True
100,573,20,0,True
100,574,20,0,True
100,575,20,0,True
100,576,20,0,True
100,577,20,0,True
100,578,20,0,True
100,579,20,0,True
100,580,20,0,True
100,581,20,0,True
100,582,20,0,True
100,583,20,0,True
100,584,20,0,True
100,585,20,0,True
100,586,20,0,True
100,587,20,0,True
100,588,20,0,True
100,589,20,0,True
100,590,20,0,True
100,591,20,0,True
100,592,20,0,True
100,593,20,0,True
100,594,20,0,True
100,595,20,0,True
100,596,20,0,True
100,597,20,0,True
100,598,20,0,True
100,599,20,0,True
100,600,20,0,True
100,601,20,0,True
100,602,20,0,True
100,603,20,0,True
100,604,20,0,True
100,605,20,0,True
100,606,20,0,True
100,607,20,0,True
100,608,20,0,True
100,609,20,0,True
100,610,20,0,True
100,611,20,0,True
100,612,20,0,True
100,613,20,0,True
100,614,20,0,True
100,615,20,0,True
100,616,20,0,True
100,617,20,0,True
100,618,20,0,True
100,619,20,0,True
100,620,20,0,True
100,621,20,0,True
100,622,20,0,True
100,623,20,0,True
100,624,20,0,True
100,625,20,0,True
100,626,20,0,True
100,627,20,0,True
100,628,20,0,True
100,629,20,0,True
100,630,20,0,True
100,631,19,0,True
100,632,19,0,True
100,633,19,0,True
100,634,19,0,True
100,635,19,0,True
100,636,19,0,True
100,637,19,0,True
100,638,19,0,True
100,639,19,0,True
100,640,19,0,True
100,641,19,0,True
100,642,19,0,True
100,643,19,0,True
100,644,19,0,True
100,645,19,0,True
100,646,19,0,True
100,647,19,0,True
100,648,19,0,True
100,649,19,0,True
100,650,19,0,True
100,651,19,0,True
100,652,19,0,True
100,653,19,0,True
100,654,19,0,True
100,655,19,0,True
100,656,19,0,True
100,657,19,0,True
100,658,19,0,True
100,659,19,0,True
100,660,19,0,True
100,661,19,0,True
100,662,19,0,True
100,663,19,0,True
100,664,19,0,True
100,665,19,0,True
100,666,19,0,True
100,667,19,0,True
100,668,19,0,True
100,669,19,0,True
100,670,19,0,True
100,671,19,0,True
100,672,19,0,True
100,673,19,0,True
100,674,19,0,True
100,675,19,0,True
100,676,19,0,True
100,677,19,0,True
100,678,19,0,True
100,679,19,0,True
100,680,19,0,True
100,681,19,0,True
100,682,19,0,True
100,683,19,0,True
100,684,19,0,True
100,685,19,0,True
100,686,19,0,True
100,687,19,0,True
100,688,19,0,True
100,689,19,0,True
100,690,19,0,True
100,691,19,0,True
100,692,19,0,True
100,693,19,0,True
100,694,19,0,True
100,695,19,0,True
100,696,19,0,True
100,697,19,0,True
100,698,19,0,True
100,699,19,0,True
100,700,19,0,True
100,701,19,0,True
100,702,19,0,True
100,703,19,0,True
100,704,19,0,True
100,705,19,0,True
100,706,19,0,True
100,707,19,0,True
100,708,19,0,True
100,709,19,0,True
100,710,19,0,True
100,711,19,0,True
100,712,19,0,True
100,713,19,0,True
100,714,19,0,True
100,715,19,0,True
100,716,19,0,True
100,717,19,0,True
100,718,19,0,True
100,719,19,0,True
100,720,19,0,True
100,721,19,0,True
100,722,19,0,True
100,723,19,0,True
100,724,19,0,True
100,725,19,0,True
100,726,19,0,True
100,727,19,0,True
100,728,19,0,True
100,729,19,0,True
100,730,19,0,True
100,731,19,0,True
100,732,19,0,True
100,733,19,0,True
100,734,19,0,True
100,735,19,0,True
100,736,19,0,True
100,737,19,0,True
100,738,19,0,True
100,739,19,0,True
100,740,19,0,True
100,741,19,0,True
100,742,19,0,True
100,743,19,0,True
100,744,19,0,True
100,745,19,0,True
100,746,19,0,True
100,747,19,0,True
100,748,19,0,True
100,749,19,0,True
100,750,19,0,True
100,751,19,0,True
100,752,19,0,True
100,753,19,0,True
100,754,19,0,True
100,755,19,0,True
100,756,19,0,True
100,757,19,0,True
100,758,19,0,True
100,759,19,0,True
100,760,19,0,True
100,761,19,0,True
100,762,19,0,True
100,763,19,0,True
100,764,19,0,True
100,765,19,0,True
100,766,19,0,True
100,767,19,0,True
100,768,19,0,True
100,769,19,0,True
100,770,19,0,True
100,771,19,0,True
100,772,19,0,True
100,773,19,0,True
100,774,19,0,True
100,775,19,0,True
100,776,19,0,True
100,777,19,0,True
100,778,19,0,True
100,779,19,0,True
100,780,19,0,True
100,781,19,0,True
100,782,19,0,True
100,783,19,0,True
100,784,19,0,True
100,785,19,0,True
100,786,19,0,True
100,787,19,0,True
100,788,19,0,True
100,789,19,0,True
100,790,19,0,True
100,791,19,0,True
100,792,19,0,True
100,793,19,0,True
100,794,19,0,True
100,795,19,0,True
100,796,19,0,True
100,797,19,0,True
100,798,19,0,True
100,799,19,0,True
100,800,19,0,True
100,801,19,0,True
100,802,19,0,True
100,803,19,0,True
100,804,19,0,True
100,805,19,0,True
100,806,19,0,True
100,807,19,0,True
100,808,19,0,True
100,809,19,0,True
100,810,19,0,True
100,811,19,0,True
100,812,19,0,True
100,813,19,0,True
100,814,19,0,True
100,815,19,0,True
100,816,19,0,True
100,817,19,0,True
100,818,19,0,True
100,819,19,0,True
100,820,19,0,True
100,821,19,0,True
100,822,19,0,True
100,823,19,0,True
100,824,19,0,True
100,825,19,0,True
100,826,19,0,True
100,827,19,0,True
100,828,19,0,True
100,829,19,0,True
100,830,19,0,True
100,831,19,0,True
100,832,19,0,True
100,833,19,0,True
100,834,19,0,True
100,835,19,0,True
100,836,19,0,True
100,837,19,0,True
100,838,19,0,True
100,839,19,0,True
100,840,19,0,True
100,841,18,0,True
100,842,18,0,True
100,843,18,0,True
100,844,18,0,True
100,845,18,0,True
100,846,18,0,True
100,847,18,0,True
100,848,18,0,True
100,849,18,0,True
100,850,18,0,True
100,851,18,0,True
100,852,18,0,True
100,853,18,0,True
100,854,18,0,True
100,855,18,0,True
100,856,18,0,True
100,857,18,0,True
100,858,18,0,True
100,859,18,0,True
100,860,18,0,True
100,861,18,0,True
100,862,18,0,True
100,863,18,0,True
100,864,18,0,True
100,865,18,0,True
100,866,18,0,True
100,867,18,0,True
100,868,18,0,True
100,869,18,0,True
100,870,18,0,True
100,871,18,0,True
100,872,18,0,True
100,873,18,0,True
100,874,18,0,True
100,875,18,0,True
100,876,18,0,True
100,877,18,0,True
100,878,18,0,True
100,879,18,0,True
100,880,18,0,True
100,881,18,0,True
100,882,18,0,True
100,883,18,0,True
100,884,18,0,True
100,885,18,0,True
100,886,18,0,True
100,887,18,0,True
100,888,18,0,True
100,889,18,0,True
100,890,18,0,True
100,891,18,0,True
100,892,18,0,True
100,893,18,0,True
100,894,18,0,True
100,895,18,0,True
100,896,18,0,True
100,897,18,0,True
100,898,18,0,True
100,899,18,0,True
100,900,18,0,True
100,901,18,0,True
100,902,18,0,True
100,903,18,0,True
100,904,18,0,True
100,905,18,0,True
100,906,18,0,True
100,907,18,0,True
100,908,18,0,True
100,909,18,0,True
100,910,18,0,True
100,911,18,0,True
100,912,18,0,True
100,913,18,0,True
100,914,18,0,True
100,915,18,0,True
100,916,18,0,True
100,917,18,0,True
100,918,18,0,True
100,919,18,0,True
100,920,18,0,True
100,921,18,0,True
100,922,18,0,True
100,923,18,0,True
100,924,18,0,True
100,925,18,0,True
100,926,18,0,True
100,927,18,0,True
100,928,18,0,True
100,929,18,0,True
100,930,18,0,True
100,931,18,0,True
100,932,18,0,True
100,933,18,0,True
100,934,18,0,True
100,935,18,0,True
100,936,18,0,True
100,937,18,0,True
100,938,18,0,True
100,939,18,0,True
100,940,18,0,True
100,941,18,0,True
100,942,18,0,True
100,943,18,0,True
100,944,18,0,True
100,945,18,0,True
100,946,18,0,True
100,947,18,0,True
100,948,18,0,True
100,949,18,0,True
100,950,18,0,True
100,951,18,0,True
100,952,18,0,True
100,953,18,0,True
100,954,18,0,True
100,955,18,0,True
100,956,18,0,True
100,957,18,0,True
100,958,18,0,True
100,959,18,0,True
100,960,18,0,True
100,961,18,0,True
100,962,18,0,True
100,963,18,0,True
100,964,18,0,True
100,965,18,0,True
100,966,18,0,True
100,967,18,0,True
100,968,18,0,True
100,969,18,0,True
100,970,18,0,True
100,971,18,0,True
100,972,18,0,True
100,973,18,0,True
100,974,18,0,True
100,975,18,0,True
100,976,18,0,True
100,977,18,0,True
100,978,18,0,True
100,979,18,0,True
100,980,18,0,True
100,981,18,0,True
100,982,18,0,True
100,983,18,0,True
100,984,18,0,True
100,985,18,0,True
100,986,18,0,True
100,987,18,0,True
100,988,18,0,True
100,989,18,0,True
100,990,18,0,True
100,991,18,0,True
100,992,18,0,True
100,993,18,0,True
100,994,18,0,True
100,995,18,0,True
100,996,18,0,True
100,997,18,0,True
100,998,18,0,True
100,999,18,0,True
100,1000,18,0,True
100,1001,18,0,True
100,1002,18,0,True
100,1003,18,0,True
100,1004,18,0,True
100,1005,18,0,True
100,1006,18,0,True
100,1007,18,0,True
100,1008,18,0,True
100,1009,18,0,True
100,1010,18,0,True
100,1011,18,0,True
100,1012,18,0,True
100,1013,18,0,True
100,1014,18,0,True
100,1015,18,0,True
100,1016,18,0,True
100,1017,18,0,True
100,1018,18,0,True
100,1019,18,0,True
100,1020,18,0,True
100,1021,18,0,True
100,1022,18,0,True
100,1023,18,0,True
100,1024,18,0,True
100,1025,18,0,True
100,1026,18,0,True
100,1027,18,0,True
100,1028,18,0,True
100,1029,18,0,True
100,1030,18,0,True
100,1031,18,0,True
100,1032,18,0,True
100,1033,18,0,True
100,1034,18,0,True
100,1035,18,0,True
100,1036,18,0,True
100,1037,18,0,True
100,1038,18,0,True
100,1039,18,0,True
100,1040,18,0,True
100,1041,18,0,True
100,1042,18,0,True
100,1043,18,0,True
100,1044,18,0,True
100,1045,18,0,True
100,1046,18,0,True
100,1047,18,0,True
100,1048,18,0,True
100,1049,18,0,True
100,1050,18,0,True
100,1051,18,0,True
100,1052,18,0,True
100,1053,18,0,True
100,1054,18,0,True
100,1055,18,0,True
100,1056,18,0,True
100,1057,18,0,True
100,1058,18,0,True
100,1059,18,0,True
100,1060,18,0,True
100,1061,18,0,True
100,1062,18,0,True
100,1063,18,0,True
100,1064,18,0,True
100,1065,18,0,True
100,1066,18,0,True
100,1067,18,0,True
100,1068,18,0,True
100,1069,18,0,True
100,1070,18,0,True
100,1071,18,0,True
100,1072,18,0,True
100,1073,18,0,True
100,1074,18,0,True
100,1075,18,0,True
100,1076,18,0,True
100,1077,18,0,True
100,1078,18,0,True
100,1079,18,0,True
100,1080,18,0,True
100,1081,18,0,True
100,1082,18,0,True
100,1083,18,0,True
100,1084,18,0,True
100,1085,18,0,True
100,1086,18,0,True
100,1087,18,0,True
100,1088,18,0,True
100,1089,18,0,True
100,1090,18,0,True
100,1091,18,0,True
100,1092,18,0,True
100,1093,18,0,True
100,1094,18,0,True
100,1095,18,0,True
100,1096,18,0,True
100,1097,18,0,True
100,1098,18,0,True
100,1099,18,0,True
100,1100,18,0,True
100,1101,18,0,True
100,1102,18,0,True
100,1103,18,0,True
100,1104,18,0,True
100,1105,18,0,True
100,1106,18,0,True
100,1107,18,0,True
100,1108,18,0,True
100,1109,18,0,True
100,1110,18,0,True
100,1111,18,0,True
100,1112,18,0,True
100,1113,18,0,True
100,1114,18,0,True
100,1115,18,0,True
100,1116,18,0,True
100,1117,18,0,True
100,1118,18,0,True
100,1119,18,0,True
100,1120,18,0,True
100,1121,18,0,True
100,1122,18,0,True
100,1123,18,0,True
100,1124,18,0,True
100,1125,18,0,True
100,1126,18,0,True
100,1127,18,0,True
100,1128,18,0,True
100,1129,18,0,True
100,1130,18,0,True
100,1131,18,0,True
100,1132,18,0,True
100,1133,18,0,True
100,1134,18,0,True
100,1135,18,0,True
100,1136,18,0,True
100,1137,18,0,True
100,1138,18,0,True
100,1139,18,0,True
100,1140,18,0,True
100,1141,18,0,True
100,1142,18,0,True
100,1143,18,0,True
100,1144,18,0,True
100,1145,18,0,True
100,1146,18,0,True
100,1147,18,0,True
100,1148,18,0,True
100,1149,18,0,True
100,1150,18,0,True
100,1151,18,0,True
100,1152,18,0,True
100,1153,18,0,True
100,1154,18,0,True
100,1155,18,0,True
100,1156,18,0,True
100,1157,18,0,True
100,1158,18,0,True
100,1159,17,0,True
100,1160,17,0,True
100,1161,17,0,True
100,1162,17,0,True
100,1163,17,0,True
100,1164,17,0,True
100,1165,17,0,True
100,1166,17,0,True
100,1167,17,0,True
100,1168,17,0,True
100,1169,17,0,True
100,1170,17,0,True
100,1171,17,0,True
100,1172,17,0,True
100,1173,17,0,True
100,1174,17,0,True
100,1175,17,0,True
100,1176,17,0,True
100,1177,17,0,True
100,1178,17,0,True
100,1179,17,0,True
100,1180,17,0,True
100,1181,17,0,True
100,1182,17,0,True
100,1183,17,0,True
100,1184,17,0,True
100,1185,17,0,True
100,1186,17,0,True
100,1187,17,0,True
100,1188,17,0,True
100,1189,17,0,True
100,1190,17,0,True
100,1191,17,0,True
100,1192,17,0,True
100,1193,17,0,True
100,1194,17,0,True
100,1195,17,0,True
100,1196,17,0,True
100,1197,17,0,True
100,1198,17,0,True
100,1199,17,0,True
100,1200,17,0,True
100,1201,17,0,True
100,1202,17,0,True
100,1203,17,0,True
100,1204,17,0,True
100,1205,17,0,True
100,1206,17,0,True
100,1207,17,0,True
100,1208,17,0,True
100,1209,17,0,True
100,1210,17,0,True
100,1211,17,0,True
100,1212,17,0,True
100,1213,17,0,True
100,1214,17,0,True
100,1215,17,0,True
100,1216,17,0,True
100,1217,17,0,True
100,1218,17,0,True
100,1219,17,0,True
100,1220,17,0,True
100,1221,17,0,True
100,1222,17,0,True
100,1223,17,0,True
100,1224,17,0,True
100,1225,17,0,True
100,1226,17,0,True
100,1227,17,0,True
100,1228,17,0,True
100,1229,17,0,True
100,1230,17,0,True
100,1231,17,0,True
100,1232,17,0,True
100,1233,17,0,True
100,1234,17,0,True
100,1235,17,0,True
100,1236,17,0,True
100,1237,17,0,True
100,1238,17,0,True
100,1239,17,0,True
100,1240,17,0,True
100,1241,17,0,True
100,1242,17,0,True
100,1243,17,0,True
100,1244,17,0,True
100,1245,17,0,True
100,1246,17,0,True
100,1247,17,0,True
100,1248,17,0,True
100,1249,17,0,True
100,1250,17,0,True
100,1251,17,0,True
100,1252,17,0,True
100,1253,17,0,True
100,1254,17,0,True
100,1255,17,0,True
100,1256,17,0,True
100,1257,17,0,True
100,1258,17,0,True
100,1259,17,0,True
100,1260,17,0,True
100,1261,17,0,True
100,1262,17,0,True
100,1263,17,0,True
100,1264,17,0,True
100,1265,17,0,True
100,1266,17,0,True
100,1267,17,0,True
100,1268,17,0,True
100,1269,17,0,True
100,1270,17,0,True
100,1271,17,0,True
100,1272,17,0,True
100,1273,17,0,True
100,1274,17,0,True
100,1275,17,0,True
100,1276,17,0,True
100,1277,17,0,True
100,1278,17,0,True
100,1279,17,0,True
100,1280,17,0,True
100,1281,17,0,True
100,1282,17,0,True
100,1283,17,0,True
100,1284,17,0,True
100,1285,17,0,True
100,1286,17,0,True
100,1287,17,0,True
100,1288,17,0,True
100,1289,17,0,True
100,1290,17,0,True
100,1291,17,0,True
100,1292,17,0,True
100,1293,17,0,True
100,1294,17,0,True
100,1295,17,0,True
100,1296,17,0,True
100,1297,17,0,True
100,1298,17,0,True
100,1299,17,0,True
100,1300,17,0,True
100,1301,17,0,True
100,1302,17,0,True
100,1303,17,0,True
100,1304,17,0,True
100,1305,17,0,True
100,1306,17,0,True
100,1307,17,0,True
100,1308,17,0,True
100,1309,17,0,True
100,1310,17,0,True
100,1311,17,0,True
100,1312,17,0,True
100,1313,17,0,True
100,1314,17,0,True
100,1315,17,0,True
100,1316,17,0,True
100,1317,17,0,True
100,1318,17,0,True
100,1319,17,0,True
100,1320,17,0,True
100,1321,17,0,True
100,1322,17,0,True
100,1323,17,0,True
100,1324,17,0,True
100,1325,17,0,True
100,1326,17,0,True
100,1327,17,0,True
100,1328,17,0,True
100,1329,17,0,True
100,1330,17,0,True
100,1331,17,0,True
100,1332,17,0,True
100,1333,17,0,True
100,1334,17,0,True
100,1335,17,0,True
100,1336,17,0,True
100,1337,17,0,True
100,1338,17,0,True
100,1339,17,0,True
100,1340,17,0,True
100,1341,17,0,True
100,1342,17,0,True
100,1343,17,0,True
100,1344,17,0,True
100,1345,17,0,True
100,1346,17,0,True
100,1347,17,0,True
100,1348,17,0,True
100,1349,17,0,True
100,1350,17,0,True
100,1351,17,0,True
100,1352,17,0,True
100,1353,17,0,True
100,1354,17,0,True
100,1355,17,0,True
100,1356,17,0,True
100,1357,17,0,True
100,1358,17,0,True
100,1359,17,0,True
100,1360,17,0,True
100,1361,17,0,True
100,1362,17,0,True
100,1363,17,0,True
100,1364,17,0,True
100,1365,17,0,True
100,1366,17,0,True
100,1367,17,0,True
100,1368,17,0,True
100,1369,17,0,True
100,1370,17,0,True
100,1371,17,0,True
100,1372,17,0,True
100,1373,17,0,True
100,1374,17,0,True
100,1375,17,0,True
100,1376,17,0,True
100,1377,17,0,True
100,1378,17,0,True
100,1379,17,0,True
100,1380,17,0,True
100,1381,17,0,True
100,1382,17,0,True
100,1383,17,0,True
100,1384,17,0,True
100,1385,17,0,True
100,1386,17,0,True
100,1387,17,0,True
100,1388,17,0,True
100,1389,17,0,True
100,1390,17,0,True
100,1391,17,0,True
100,1392,17,0,True
100,1393,17,0,True
100,1394,17,0,True
100,1395,17,0,True
100,1396,17,0,True
100,1397,17,0,True
100,1398,17,0,True
100,1399,17,0,True
100,1400,17,0,True
100,1401,17,0,True
100,1402,17,0,True
100,1403,17,0,True
100,1404,17,0,True
100,1405,17,0,True
100,1406,17,0,True
100,1407,17,0,True
100,1408,17,0,True
100,1409,17,0,True
100,1410,17,0,True
100,1411,17,0,True
100,1412,17,0,True
100,1413,17,0,True
100,1414,17,0,True
100,1415,17,0,True
100,1416,17,0,True
100,1417,17,0,True
100,1418,17,0,True
100,1419,17,0,True
100,1420,17,0,True
100,1421,17,0,True
100,1422,17,0,True
100,1423,17,0,True
100,1424,17,0,True
100,1425,17,0,True
100,1426,17,0,True
100,1427,17,0,True
100,1428,17,0,True
100,1429,17,0,True
100,1430,17,0,True
100,1431,17,0,True
100,1432,17,0,True
100,1433,17,0,True
100,1434,17,0,True
100,1435,17,0,True
100,1436,17,0,True
100,1437,17,0,True
100,1438,17,0,True
100,1439,17,0,True
100,1440,17,0,True
100,1441,17,0,True
100,1442,17,0,True
100,1443,17,0,True
100,1444,17,0,True
100,1445,17,0,True
100,1446,17,0,True
100,1447,17,0,True
100,1448,17,0,True
100,1449,17,0,True
100,1450,17,0,True
100,1451,17,0,True
100,1452,17,0,True
100,1453,17,0,True
100,1454,17,0,True
100,1455,17,0,True
100,1456,17,0,True
100,1457,17,0,True
100,1458,17,0,True
100,1459,17,0,True
100,1460,17,0,True
100,1461,17,0,True
100,1462,17,0,True
100,1463,17,0,True
100,1464,17,0,True
100,1465,17,0,True
100,1466,17,0,True
100,1467,17,0,True
100,1468,17,0,True
100,1469,17,0,True
100,1470,17,0,True
100,1471,17,0,True
100,1472,17,0,True
100,1473,17,0,True
100,1474,17,0,True
100,1475,17,0,True
100,1476,17,0,True
100,1477,17,0,True
100,1478,17,0,True
100,1479,17,0,True
100,1480,17,0,True
100,1481,17,0,True
100,1482,17,0,True
100,1483,17,0,True
100,1484,17,0,True
100,1485,17,0,True
100,1486,17,0,True
100,1487,17,0,True
100,1488,17,0,True
100,1489,17,0,True
100,1490,17,0,True
100,1491,17,0,True
100,1492,17,0,True
100,1493,17,0,True
100,1494,17,0,True
100,1495,17,0,True
100,1496,17,0,True
100,1497,17,0,True
100,1498,17,0,True
100,1499,17,0,True
100,1500,17,0,True
100,1501,17,0,True
100,1502,17,0,True
100,1503,17,0,True
100,1504,17,0,True
100,1505,17,0,True
100,1506,17,0,True
100,1507,17,0,True
100,1508,17,0,True
100,1509,17,0,True
100,1510,17,0,True
100,1511,17,0,True
100,1512,17,0,True
100,1513,17,0,True
100,1514,17,0,True
100,1515,17,0,True
100,1516,17,0,True
100,1517,17,0,True
100,1518,17,0,True
100,1519,17,0,True
100,1520,17,0,True
100,1521,17,0,True
100,1522,17,0,True
100,1523,17,0,True
100,1524,17,0,True
100,1525,17,0,True
100,1526,17,0,True
100,1527,17,0,True
100,1528,17,0,True
100,1529,17,0,True
100,1530,17,0,True
100,1531,17,0,True
100,1532,17,0,True
100,1533,17,0,True
100,1534,17,0,True
100,1535,17,0,True
100,1536,17,0,True
100,1537,17,0,True
100,1538,17,0,True
100,1539,17,0,True
100,1540,17,0,True
100,1541,17,0,True
100,1542,17,0,True
100,1543,17,0,True
100,1544,17,0,True
100,1545,17,0,True
100,1546,17,0,True
100,1547,17,0,True
100,1548,17,0,True
100,1549,17,0,True
100,1550,17,0,True
100,1551,17,0,True
100,1552,17,0,True
100,1553,17,0,True
100,1554,17,0,True
100,1555,17,0,True
100,1556,17,0,True
100,1557,17,0,True
100,1558,17,0,True
100,1559,17,0,True
100,1560,17,0,True
100,1561,17,0,True
100,1562,17,0,True
100,1563,17,0,True
100,1564,17,0,True
100,1565,17,0,True
100,1566,17,0,True
100,1567,17,0,True
100,1568,17,0,True
100,1569,17,0,True
100,1570,17,0,True
100,1571,17,0,True
100,1572,17,0,True
100,1573,17,0,True
100,1574,17,0,True
100,1575,17,0,True
100,1576,17,0,True
100,1577,17,0,True
100,1578,17,0,True
100,1579,17,0,True
100,1580,17,0,True
100,1581,17,0,True
100,1582,17,0,True
100,1583,17,0,True
100,1584,17,0,True
100,1585,17,0,True
100,1586,17,0,True
100,1587,17,0,True
100,1588,17,0,True
100,1589,17,0,True
100,1590,17,0,True
100,1591,17,0,True
100,1592,17,0,True
100,1593,17,0,True
100,1594,17,0,True
100,1595,17,0,True
100,1596,17,0,True
100,1597,17,0,True
100,1598,17,0,True
100,1599,17,0,True
100,1600,17,0,True
100,1601,17,0,True
100,1602,17,0,True
100,1603,17,0,True
100,1604,17,0,True
100,1605,17,0,True
100,1606,17,0,True
100,1607,17,0,True
100,1608,17,0,True
100,1609,17,0,True
100,1610,17,0,True
100,1611,17,0,True
100,1612,17,0,True
100,1613,17,0,True
100,1614,17,0,True
100,1615,17,0,True
100,1616,17,0,True
100,1617,17,0,True
100,1618,17,0,True
100,1619,17,0,True
100,1620,17,0,True
100,1621,17,0,True
100,1622,17,0,True
100,1623,17,0,True
100,1624,17,0,True
100,1625,17,0,True
100,1626,17,0,True
100,1627,17,0,True
100,1628,17,0,True
100,1629,17,0,True
100,1630,17,0,True
100,1631,17,0,True
100,1632,17,0,True
100,1633,17,0,True
100,1634,17,0,True
100,1635,17,0,True
100,1636,17,0,True
100,1637,17,0,True
100,1638,17,0,True
100,1639,17,0,True
100,1640,17,0,True
100,1641,17,0,True
100,1642,17,0,True
100,1643,17,0,True
100,1644,17,0,True
100,1645,17,0,True
100,1646,17,0,True
100,1647,17,0,True
100,1648,17,0,True
100,1649,17,0,True
100,1650,17,0,True
100,1651,17,0,True
100,1652,17,0,True
100,1653,17,0,True
100,1654,17,0,True
100,1655,17,0,True
100,1656,17,0,True
100,1657,17,0,True
100,1658,17,0,True
100,1659,17,0,True
100,1660,26,8336,False
100,1661,26,8217,False
100,1662,27,8100,False
100,1663,27,7980,False
100,1664,28,7865,False
100,1665,28,7745,False
100,1666,28,7630,False
100,1667,28,7510,False
100,1668,28,7395,False
100,1669,27,7277,False
100,1670,27,7163,False
100,1671,27,7045,False
100,1672,27,6932,False
100,1673,26,6819,False
100,1674,26,6695,False
100,1675,26,6584,False
100,1676,26,6465,False
100,1677,25,6354,False
100,1678,25,6217,False
100,1679,26,6111,False
100,1680,26,6002,False
100,1681,26,5897,False
100,1682,27,5788,False
100,1683,26,5671,False
100,1684,26,5566,False
100,1685,26,5450,False
100,1686,26,5337,False
100,1687,26,5221,False
100,1688,25,5108,False
100,1689,25,5016,False
100,1690,25,4914,False
100,1691,25,4802,False
100,1692,25,4689,False
100,1693,25,4577,False
100,1694,25,4476,False
100,1695,26,4392,False
100,1696,26,4309,False
100,1697,26,4195,False
100,1698,25,4107,False
100,1699,26,4025,False
100,1700,27,3944,False
100,1701,27,3837,False
100,1702,27,3750,False
100,1703,27,3666,False
100,1704,27,3564,False
100,1705,27,3458,False
100,1706,27,3357,False
100,1707,27,3299,False
100,1708,27,3219,False
100,1709,26,3134,False
100,1710,26,3037,False
100,1711,26,2970,False
100,1712,27,2886,False
100,1713,27,2782,False
100,1714,27,2704,False
100,1715,26,2622,False
100,1716,26,2549,False
100,1717,26,2493,False
100,1718,26,2444,False
100,1719,26,2376,False
100,1720,26,2289,False
100,1721,27,2209,False
100,1722,27,2162,False
100,1723,27,2110,False
100,1724,27,2062,False
100,1725,27,2012,False
100,1726,27,1960,False
100,1727,27,1909,False
100,1728,27,1831,False
100,1729,27,1784,False
100,1730,27,1736,False
100,1731,27,1680,False
100,1732,27,1621,False
100,1733,27,1575,False
100,1734,27,1523,False
100,1735,28,1450,False
100,1736,28,1399,False
100,1737,28,1351,False
100,1738,28,1300,False
100,1739,28,1250,False
100,1740,27,1194,False
100,1741,27,1145,False
100,1742,27,1090,False
100,1743,27,1042,False
100,1744,26,995,False
100,1745,26,940,False
100,1746,26,897,False
100,1747,26,852,False
100,1748,27,804,False
100,1749,27,753,False
100,1750,27,703,False
100,1751,27,653,False
100,1752,27,608,False
100,1753,27,562,False
100,1754,27,519,False
100,1755,27,518,False
100,1756,28,474,False
100,1757,28,427,False
100,1758,29,392,False
100,1759,29,346,False
100,1760,29,306,False
100,1761,29,261,False
100,1762,29,218,False
100,1763,29,183,False
100,1764,29,154,False
100,1765,30,111,False
100,1766,30,110,False
100,1767,30,109,False
100,1768,30,109,False
100,1769,30,102,False
100,1770,30,102,False
100,1771,30,100,False
100,1772,30,99,False
100,1773,30,98,False
100,1774,30,95,False
100,1775,30,94,False
100,1776,30,93,False
100,1777,30,92,False
100,1778,30,91,False
100,1779,30,90,False
100,1780,30,89,False
100,1781,30,88,False
100,1782,30,87,False
100,1783,30,87,False
100,1784,30,86,False
100,1785,30,85,False
100,1786,30,85,False
100,1787,30,85,False
100,1788,30,84,False
100,1789,30,83,False
100,1790,30,79,False
100,1791,30,76,False
100,1792,30,76,False
100,1793,30,75,False
100,1794,30,74,False
100,1795,30,71,False
100,1796,30,71,False
100,1797,30,71,False
100,1798,29,59,False
100,1799,29,59,False
100,1800,29,58,False
100,1801,29,57,False
100,1802,29,57,False
100,1803,29,56,False
100,1804,29,56,False
100,1805,29,56,False
100,1806,29,56,False
100,1807,29,55,False
100,1808,29,54,False
100,1809,29,54,False
100,1810,29,50,False
100,1811,29,49,False
100,1812,29,48,False
100,1813,29,47,False
100,1814,29,46,False
100,1815,29,45,False
100,1816,29,44,False
100,1817,29,43,False
100,1818,29,42,False
100,1819,29,41,False
100,1820,29,41,False
100,1821,29,41,False
100,1822,29,40,False
100,1823,29,31,False
100,1824,29,31,False
100,1825,29,30,False
100,1826,29,29,False
100,1827,29,29,False
100,1828,29,28,False
100,1829,29,28,False
100,1830,29,28,False
100,1831,29,28,False
100,1832,29,28,False
100,1833,29,14,False
100,1834,29,14,False
100,1835,29,13,False
100,1836,29,12,False
100,1837,29,12,False
100,1838,29,12,False
100,1839,29,11,False
100,1840,29,10,False
100,1841,29,10,False
100,1842,29,10,False
100,1843,29,10,False
100,1844,29,10,False
100,1845,29,10,False
100,1846,29,10,False
100,1847,29,9,False
100,1848,29,4,False
100,1849,29,4,False
100,1850,29,4,False
100,1851,29,4,False
100,1852,29,4,False
100,1853,29,4,False
100,1854,29,4,False
100,1855,29,4,False
100,1856,29,4,False
100,1857,29,4,False
100,1858,29,4,False
100,1859,29,4,False
100,1860,29,4,False
100,1861,29,4,False
100,1862,29,4,False
100,1863,29,4,False
100,1864,29,4,False
100,1865,29,4,False
100,1866,29,4,False
100,1867,29,4,False
100,1868,29,4,False
100,1869,29,4,False
100,1870,29,4,False
100,1871,29,4,False
100,1872,29,4,False
100,1873,29,4,False
100,1874,29,4,False
100,1875,29,4,False
100,1876,29,4,False
100,1877,29,4,False
100,1878,29,4,False
100,1879,29,4,False
100,1880,29,4,False
100,1881,29,4,False
100,1882,29,4,False
100,1883,29,4,False
100,1884,29,4,False
100,1885,29,4,False
100,1886,29,4,False
100,1887,29,4,False
100,1888,29,4,False
100,1889,29,4,False
100,1890,29,4,False
100,1891,29,4,False
100,1892,29,4,False
100,1893,29,4,False
100,1894,29,4,False
100,1895,29,4,False
100,1896,29,4,False
100,1897,29,4,False
100,1898,29,4,False
100,1899,29,4,False
100,1900,29,4,False
100,1901,29,4,False
100,1902,29,4,False
100,1903,29,4,False
100,1904,29,4,False
100,1905,29,4,False
100,1906,29,4,False
100,1907,29,4,False
100,1908,29,4,False
100,1909,29,4,False
100,1910,29,4,False
100,1911,29,4,False
100,1912,29,4,False
100,1913,29,4,False
100,1914,29,4,False
100,1915,29,4,False
100,1916,29,4,False
100,1917,29,4,False
100,1918,29,4,False
100,1919,29,4,False
100,1920,29,4,False
100,1921,29,4,False
100,1922,29,4,False
100,1923,29,4,False
100,1924,29,4,False
100,1925,29,4,False
100,1926,29,4,False
100,1927,29,4,False
100,1928,29,4,False
100,1929,29,4,False
100,1930,29,4,False
100,1931,29,4,False
100,1932,29,4,False
100,1933,29,4,False
100,1934,29,4,False
100,1935,29,4,False
100,1936,29,4,False
100,1937,29,4,False
100,1938,29,4,False
100,1939,29,4,False
100,1940,29,4,False
100,1941,29,4,False
100,1942,29,4,False
100,1943,29,4,False
100,1944,29,4,False
100,1945,29,3,False
100,1946,29,3,False
100,1947,29,3,False
100,1948,29,3,False
100,1949,29,3,False
100,1950,29,3,False
100,1951,29,3,False
100,1952,29,3,False
100,1953,29,3,False
100,1954,29,3,False
100,1955,29,3,False
100,1956,29,3,False
100,1957,29,3,False
100,1958,29,3,False
100,1959,29,3,False
100,1960,29,3,False
100,1961,29,3,False
100,1962,29,3,False
100,1963,29,3,False
100,1964,29,3,False
100,1965,29,3,False
100,1966,29,3,False
100,1967,29,3,False
100,1968,29,3,False
100,1969,29,3,False
100,1970,29,3,False
100,1971,29,3,False
100,1972,29,3,False
100,1973,29,3,False
100,1974,29,3,False
100,1975,29,3,False
100,1976,29,3,False
100,1977,29,3,False
100,1978,29,3,False
100,1979,29,3,False
100,1980,29,3,False
100,1981,29,3,False
100,1982,29,3,False
100,1983,29,3,False
100,1984,29,3,False
100,1985,29,3,False
100,1986,29,3,False
100,1987,29,3,False
100,1988,29,3,False
100,1989,29,3,False
100,1990,29,3,False
100,1991,29,3,False
100,1992,29,3,False
100,1993,29,3,False
100,1994,29,3,False
100,1995,29,3,False
100,1996,29,3,False
100,1997,29,3,False
100,1998,29,3,False
100,1999,29,3,False
100,2000,29,3,False
100,2001,29,3,False
100,2002,29,3,False
100,2003,29,3,False
100,2004,29,3,False
100,2005,29,3,False
100,2006,29,3,False
100,2007,29,3,False
100,2008,29,3,False
100,2009,29,3,False
100,2010,29,3,False
100,2011,29,3,False
100,2012,29,3,False
100,2013,29,3,False
100,2014,29,3,False
100,2015,29,3,False
100,2016,29,3,False
100,2017,29,3,False
100,2018,29,3,False
100,2019,29,3,False
100,2020,29,3,False
100,2021,29,3,False
100,2022,29,3,False
100,2023,29,3,False
100,2024,29,3,False
100,2025,29,3,False
100,2026,29,3,False
100,2027,29,3,False
100,2028,29,3,False
100,2029,29,3,False
100,2030,29,3,False
100,2031,29,3,False
100,2032,29,3,False
100,2033,29,3,False
100,2034,29,3,False
100,2035,29,3,False
100,2036,29,3,False
100,2037,29,3,False
100,2038,29,3,False
100,2039,29,3,False
100,2040,29,3,False
100,2041,29,3,False
100,2042,29,3,False
100,2043,29,3,False
100,2044,29,3,False
100,2045,29,3,False
100,2046,29,3,False
100,2047,29,3,False
100,2048,29,3,False
100,2049,29,3,False
100,2050,29,3,False
100,2051,29,3,False
100,2052,29,3,False
100,2053,29,3,False
100,2054,29,3,False
100,2055,29,3,False
100,2056,29,3,False
100,2057,29,3,False
100,2058,29,3,False
100,2059,29,3,False
100,2060,29,3,False
100,2061,29,3,False
100,2062,29,3,False
100,2063,29,3,False
100,2064,29,3,False
100,2065,29,3,False
100,2066,29,3,False
100,2067,29,3,False
100,2068,29,3,False
100,2069,29,3,False
100,2070,29,3,False
100,2071,29,3,False
100,2072,29,3,False
100,2073,29,3,False
100,2074,29,3,False
100,2075,29,3,False
100,2076,29,3,False
100,2077,29,3,False
100,2078,29,3,False
100,2079,29,3,False
100,2080,29,3,False
100,2081,29,3,False
100,2082,29,3,False
100,2083,29,3,False
100,2084,29,3,False
100,2085,29,3,False
100,2086,29,3,False
100,2087,29,3,False
100,2088,29,3,False
100,2089,29,3,False
100,2090,29,3,False
100,2091,29,3,False
100,2092,29,3,False
100,2093,29,3,False
100,2094,29,3,False
100,2095,29,3,False
100,2096,29,3,False
100,2097,29,3,False
100,2098,29,3,False
100,2099,29,3,False
100,2100,29,3,False
100,2101,29,3,False
100,2102,29,3,False
100,2103,29,3,False
100,2104,29,3,False
100,2105,29,3,False
100,2106,29,3,False
100,2107,29,3,False
100,2108,29,3,False
100,2109,29,3,False
100,2110,29,3,False
100,2111,29,3,False
100,2112,29,3,False
100,2113,29,3,False
100,2114,29,3,False
100,2115,29,3,False
100,2116,29,3,False
100,2117,29,3,False
100,2118,29,3,False
100,2119,29,3,False
100,2120,29,3,False
100,2121,29,3,False
100,2122,29,3,False
100,2123,29,3,False
100,2124,29,3,False
100,2125,29,3,False
100,2126,29,3,False
100,2127,29,3,False
100,2128,29,3,False
100,2129,29,3,False
100,2130,29,3,False
100,2131,29,3,False
100,2132,29,3,False
100,2133,29,3,False
100,2134,29,3,False
100,2135,29,3,False
100,2136,29,3,False
100,2137,29,3,False
100,2138,29,3,False
100,2139,29,3,False
100,2140,29,3,False
100,2141,29,3,False
100,2142,29,3,False
100,2143,29,3,False
100,2144,29,3,False
100,2145,29,3,False
100,2146,29,3,False
100,2147,29,3,False
100,2148,29,3,False
100,2149,29,3,False
100,2150,29,3,False
100,2151,29,3,False
100,2152,29,3,False
100,2153,29,3,False
100,2154,29,3,False
100,2155,29,3,False
100,2156,29,3,False
100,2157,29,3,False
100,2158,29,3,False
100,2159,29,3,False
100,2160,29,3,False
100,2161,27,8333,False
100,2162,26,8212,False
100,2163,26,8097,False
100,2164,26,7982,False
100,2165,26,7865,False
100,2166,26,7737,False
100,2167,26,7617,False
100,2168,26,7496,False
100,2169,26,7384,False
100,2170,26,7266,False
100,2171,26,7150,False
100,2172,26,7017,False
100,2173,26,6897,False
100,2174,26,6782,False
100,2175,26,6672,False
100,2176,26,6564,False
100,2177,26,6447,False
100,2178,26,6340,False
100,2179,26,6233,False
100,2180,26,6123,False
100,2181,26,6014,False
100,2182,26,5896,False
100,2183,26,5784,False
100,2184,26,5661,False
100,2185,27,5543,False
100,2186,27,5429,False
100,2187,27,5321,False
100,2188,27,5219,False
100,2189,27,5102,False
100,2190,27,4997,False
100,2191,27,4892,False
100,2192,27,4781,False
100,2193,27,4687,False
100,2194,27,4604,False
100,2195,27,4494,False
100,2196,28,4380,False
100,2197,28,4271,False
100,2198,28,4173,False
100,2199,28,4098,False
100,2200,28,3984,False
100,2201,28,3875,False
100,2202,28,3796,False
100,2203,27,3711,False
100,2204,27,3611,False
100,2205,27,3539,False
100,2206,27,3430,False
100,2207,28,3326,False
100,2208,28,3243,False
100,2209,29,3135,False
100,2210,29,3044,False
100,2211,28,2963,False
100,2212,28,2895,False
100,2213,28,2817,False
100,2214,29,2736,False
100,2215,29,2659,False
100,2216,29,2601,False
100,2217,29,2546,False
100,2218,28,2492,False
100,2219,28,2415,False
100,2220,28,2355,False
100,2221,28,2295,False
100,2222,28,2242,False
100,2223,29,2155,False
100,2224,29,2091,False
100,2225,28,2038,False
100,2226,28,1980,False
100,2227,28,1922,False
100,2228,28,1861,False
100,2229,28,1803,False
100,2230,28,1750,False
100,2231,28,1696,False
100,2232,28,1645,False
100,2233,28,1595,False
100,2234,28,1546,False
100,2235,28,1495,False
100,2236,28,1443,False
100,2237,28,1395,False
100,2238,28,1343,False
100,2239,28,1295,False
100,2240,28,1243,False
100,2241,28,1194,False
100,2242,27,1144,False
100,2243,27,1087,False
100,2244,27,1040,False
100,2245,27,980,False
100,2246,27,931,False
100,2247,27,885,False
100,2248,27,843,False
100,2249,27,797,False
100,2250,27,752,False
100,2251,27,701,False
100,2252,27,657,False
100,2253,26,627,False
100,2254,26,583,False
100,2255,26,539,False
100,2256,26,490,False
100,2257,26,451,False
100,2258,26,410,False
100,2259,27,368,False
100,2260,27,328,False
100,2261,27,286,False
100,2262,27,243,False
100,2263,27,205,False
100,2264,28,164,False
100,2265,28,116,False
100,2266,28,111,False
100,2267,28,110,False
100,2268,28,109,False
100,2269,28,106,False
100,2270,28,105,False
100,2271,28,104,False
100,2272,28,99,False
100,2273,28,98,False
100,2274,28,97,False
100,2275,27,96,False
100,2276,27,95,False
100,2277,27,94,False
100,2278,27,94,False
100,2279,27,93,False
100,2280,27,92,False
100,2281,27,91,False
100,2282,27,90,False
100,2283,27,89,False
100,2284,27,88,False
100,2285,27,87,False
100,2286,27,86,False
100,2287,27,81,False
100,2288,27,80,False
100,2289,27,80,False
100,2290,27,72,False
100,2291,27,71,False
100,2292,27,70,False
100,2293,27,69,False
100,2294,27,69,False
100,2295,27,69,False
100,2296,27,59,False
100,2297,27,58,False
100,2298,27,57,False
100,2299,27,56,False
100,2300,27,55,False
100,2301,27,54,False
100,2302,27,54,False
100,2303,27,53,False
100,2304,27,52,False
100,2305,27,52,False
100,2306,27,52,False
100,2307,27,52,False
100,2308,27,51,False
100,2309,27,50,False
100,2310,27,49,False
100,2311,27,48,False
100,2312,27,44,False
100,2313,28,43,False
100,2314,28,43,False
100,2315,28,42,False
100,2316,28,41,False
100,2317,28,41,False
100,2318,28,41,False
100,2319,28,41,False
100,2320,28,36,False
100,2321,28,35,False
100,2322,28,34,False
100,2323,28,33,False
100,2324,28,32,False
100,2325,29,16,False
100,2326,29,15,False
100,2327,29,14,False
100,2328,29,14,False
100,2329,29,13,False
100,2330,29,12,False
100,2331,29,12,False
100,2332,29,11,False
100,2333,29,10,False
100,2334,29,9,False
100,2335,29,9,False
100,2336,29,9,False
100,2337,29,9,False
100,2338,29,9,False
100,2339,29,9,False
100,2340,29,8,False
