Iteration,Solver,Objective,Violations
0,Hill Climbing,25,8474
1,Hill Climbing,25,8361
2,Hill Climbing,25,8244
3,Hill Climbing,25,8123
4,Hill Climbing,25,8002
5,Hill Climbing,25,7884
6,Hill Climbing,25,7758
7,Hill Climbing,25,7640
8,Hill Climbing,25,7512
9,Hill Climbing,25,7398
10,Hill Climbing,25,7283
11,Hill Climbing,26,7172
12,Hill Climbing,26,7059
13,Hill Climbing,26,6938
14,Hill Climbing,26,6822
15,Hill Climbing,27,6699
16,Hill Climbing,27,6577
17,Hill Climbing,27,6467
18,Hill Climbing,27,6363
19,Hill Climbing,27,6253
20,Hill Climbing,27,6136
21,Hill Climbing,27,6012
22,Hill Climbing,27,5908
23,Hill Climbing,27,5794
24,Hill Climbing,26,5675
25,Hill Climbing,26,5577
26,Hill Climbing,25,5463
27,Hill Climbing,25,5347
28,Hill Climbing,26,5235
29,Hill Climbing,26,5131
30,Hill Climbing,26,5039
31,Hill Climbing,26,4934
32,Hill Climbing,26,4820
33,Hill Climbing,26,4701
34,Hill Climbing,26,4580
35,Hill Climbing,26,4499
36,Hill Climbing,26,4380
37,Hill Climbing,27,4271
38,Hill Climbing,27,4188
39,Hill Climbing,27,4097
40,Hill Climbing,27,3985
41,Hill Climbing,27,3904
42,Hill Climbing,27,3824
43,Hill Climbing,27,3711
44,Hill Climbing,27,3597
45,Hill Climbing,27,3488
46,Hill Climbing,27,3388
47,Hill Climbing,27,3300
48,Hill Climbing,27,3224
49,Hill Climbing,27,3159
50,Hill Climbing,27,3070
51,Hill Climbing,27,2980
52,Hill Climbing,27,2901
53,Hill Climbing,27,2843
54,Hill Climbing,27,2789
55,Hill Climbing,27,2739
56,Hill Climbing,27,2656
57,Hill Climbing,27,2600
58,Hill Climbing,27,2523
59,Hill Climbing,27,2442
60,Hill Climbing,27,2368
61,Hill Climbing,27,2311
62,Hill Climbing,28,2241
63,Hill Climbing,28,2171
64,Hill Climbing,28,2114
65,Hill Climbing,27,2058
66,Hill Climbing,27,2005
67,Hill Climbing,27,1952
68,Hill Climbing,27,1891
69,Hill Climbing,27,1840
70,Hill Climbing,27,1785
71,Hill Climbing,28,1730
72,Hill Climbing,28,1675
73,Hill Climbing,28,1621
74,Hill Climbing,28,1571
75,Hill Climbing,28,1519
76,Hill Climbing,28,1465
77,Hill Climbing,28,1412
78,Hill Climbing,28,1360
79,Hill Climbing,28,1305
80,Hill Climbing,28,1255
81,Hill Climbing,28,1205
82,Hill Climbing,28,1144
83,Hill Climbing,28,1093
84,Hill Climbing,28,1045
85,Hill Climbing,28,1001
86,Hill Climbing,28,953
87,Hill Climbing,28,900
88,Hill Climbing,28,855
89,Hill Climbing,29,807
90,Hill Climbing,29,763
91,Hill Climbing,30,719
92,Hill Climbing,30,673
93,Hill Climbing,30,623
94,Hill Climbing,30,575
95,Hill Climbing,30,533
96,Hill Climbing,30,495
97,Hill Climbing,29,448
98,Hill Climbing,29,406
99,Hill Climbing,29,361
100,Hill Climbing,29,322
101,Hill Climbing,30,280
102,Hill Climbing,30,261
103,Hill Climbing,30,246
104,Hill Climbing,30,200
105,Hill Climbing,30,161
106,Hill Climbing,30,126
107,Hill Climbing,30,89
108,Hill Climbing,30,78
109,Hill Climbing,30,72
110,Hill Climbing,30,62
111,Hill Climbing,30,46
112,Hill Climbing,30,37
113,Hill Climbing,30,31
114,Hill Climbing,30,25
115,Hill Climbing,30,19
116,Hill Climbing,30,14
117,Hill Climbing,30,11
118,Hill Climbing,30,7
119,Hill Climbing,30,4
120,Hill Climbing,30,3
121,Hill Climbing,30,2
122,Hill Climbing,30,0
123,Hill Climbing,30,0
124,Hill Climbing,30,0
125,Hill Climbing,29,0
126,Hill Climbing,29,0
127,Hill Climbing,29,0
128,Hill Climbing,29,0
129,Hill Climbing,28,0
130,Hill Climbing,28,0
131,Hill Climbing,28,0
132,Hill Climbing,28,0
133,Hill Climbing,28,0
134,Hill Climbing,27,0
135,Hill Climbing,27,0
136,Hill Climbing,27,0
137,Hill Climbing,27,0
138,Hill Climbing,27,0
139,Hill Climbing,27,0
140,Hill Climbing,27,0
141,Hill Climbing,26,0
142,Hill Climbing,26,0
143,Hill Climbing,26,0
144,Hill Climbing,26,0
145,Hill Climbing,26,0
146,Hill Climbing,26,0
147,Hill Climbing,26,0
148,Hill Climbing,26,0
149,Hill Climbing,26,0
150,Hill Climbing,26,0
151,Hill Climbing,26,0
152,Hill Climbing,26,0
153,Hill Climbing,26,0
154,Hill Climbing,25,0
155,Hill Climbing,25,0
156,Hill Climbing,25,0
157,Hill Climbing,25,0
158,Hill Climbing,25,0
159,Hill Climbing,25,0
160,Hill Climbing,25,0
161,Hill Climbing,25,0
162,Hill Climbing,25,0
163,Hill Climbing,25,0
164,Hill Climbing,25,0
165,Hill Climbing,25,0
166,Hill Climbing,25,0
167,Hill Climbing,25,0
168,Hill Climbing,25,0
169,Hill Climbing,25,0
170,Hill Climbing,25,0
171,Hill Climbing,25,0
172,Hill Climbing,25,0
173,Hill Climbing,25,0
174,Hill Climbing,25,0
175,Hill Climbing,25,0
176,Hill Climbing,25,0
177,Hill Climbing,25,0
178,Hill Climbing,25,0
179,Hill Climbing,25,0
180,Hill Climbing,24,0
181,Hill Climbing,24,0
182,Hill Climbing,24,0
183,Hill Climbing,24,0
184,Hill Climbing,24,0
185,Hill Climbing,24,0
186,Hill Climbing,24,0
187,Hill Climbing,24,0
188,Hill Climbing,24,0
189,Hill Climbing,24,0
190,Hill Climbing,24,0
191,Hill Climbing,24,0
192,Hill Climbing,24,0
193,Hill Climbing,24,0
194,Hill Climbing,24,0
195,Hill Climbing,24,0
196,Hill Climbing,24,0
197,Hill Climbing,24,0
198,Hill Climbing,24,0
199,Hill Climbing,24,0
200,Hill Climbing,24,0
201,Hill Climbing,24,0
202,Hill Climbing,24,0
203,Hill Climbing,24,0
204,Hill Climbing,24,0
205,Hill Climbing,24,0
206,Hill Climbing,24,0
207,Hill Climbing,24,0
208,Hill Climbing,24,0
209,Hill Climbing,24,0
210,Hill Climbing,24,0
211,Hill Climbing,24,0
212,Hill Climbing,24,0
213,Hill Climbing,24,0
214,Hill Climbing,24,0
215,Hill Climbing,24,0
216,Hill Climbing,24,0
217,Hill Climbing,23,0
218,Hill Climbing,23,0
219,Hill Climbing,23,0
220,Hill Climbing,23,0
221,Hill Climbing,23,0
222,Hill Climbing,23,0
223,Hill Climbing,23,0
224,Hill Climbing,23,0
225,Hill Climbing,23,0
226,Hill Climbing,23,0
227,Hill Climbing,23,0
228,Hill Climbing,23,0
229,Hill Climbing,23,0
230,Hill Climbing,23,0
231,Hill Climbing,23,0
232,Hill Climbing,23,0
233,Hill Climbing,23,0
234,Hill Climbing,23,0
235,Hill Climbing,23,0
236,Hill Climbing,23,0
237,Hill Climbing,23,0
238,Hill Climbing,23,0
239,Hill Climbing,23,0
240,Hill Climbing,23,0
241,Hill Climbing,23,0
242,Hill Climbing,23,0
243,Hill Climbing,23,0
244,Hill Climbing,23,0
245,Hill Climbing,23,0
246,Hill Climbing,23,0
247,Hill Climbing,23,0
248,Hill Climbing,23,0
249,Hill Climbing,23,0
250,Hill Climbing,23,0
251,Hill Climbing,23,0
252,Hill Climbing,23,0
253,Hill Climbing,23,0
254,Hill Climbing,23,0
255,Hill Climbing,23,0
256,Hill Climbing,23,0
257,Hill Climbing,23,0
258,Hill Climbing,23,0
259,Hill Climbing,23,0
260,Hill Climbing,23,0
261,Hill Climbing,23,0
262,Hill Climbing,23,0
263,Hill Climbing,23,0
264,Hill Climbing,22,0
265,Hill Climbing,22,0
266,Hill Climbing,22,0
267,Hill Climbing,22,0
268,Hill Climbing,22,0
269,Hill Climbing,22,0
270,Hill Climbing,22,0
271,Hill Climbing,22,0
272,Hill Climbing,22,0
273,Hill Climbing,22,0
274,Hill Climbing,22,0
275,Hill Climbing,22,0
276,Hill Climbing,22,0
277,Hill Climbing,22,0
278,Hill Climbing,22,0
279,Hill Climbing,22,0
280,Hill Climbing,22,0
281,Hill Climbing,22,0
282,Hill Climbing,22,0
283,Hill Climbing,22,0
284,Hill Climbing,22,0
285,Hill Climbing,22,0
286,Hill Climbing,22,0
287,Hill Climbing,22,0
288,Hill Climbing,22,0
289,Hill Climbing,22,0
290,Hill Climbing,22,0
291,Hill Climbing,22,0
292,Hill Climbing,22,0
293,Hill Climbing,22,0
294,Hill Climbing,22,0
295,Hill Climbing,22,0
296,Hill Climbing,22,0
297,Hill Climbing,22,0
298,Hill Climbing,22,0
299,Hill Climbing,22,0
300,Hill Climbing,22,0
301,Hill Climbing,22,0
302,Hill Climbing,22,0
303,Hill Climbing,22,0
304,Hill Climbing,22,0
305,Hill Climbing,22,0
306,Hill Climbing,22,0
307,Hill Climbing,22,0
308,Hill Climbing,22,0
309,Hill Climbing,22,0
310,Hill Climbing,22,0
311,Hill Climbing,22,0
312,Hill Climbing,22,0
313,Hill Climbing,22,0
314,Hill Climbing,22,0
315,Hill Climbing,22,0
316,Hill Climbing,22,0
317,Hill Climbing,22,0
318,Hill Climbing,22,0
319,Hill Climbing,22,0
320,Hill Climbing,22,0
321,Hill Climbing,22,0
322,Hill Climbing,22,0
323,Hill Climbing,22,0
324,Hill Climbing,22,0
325,Hill Climbing,22,0
326,Hill Climbing,21,0
327,Hill Climbing,21,0
328,Hill Climbing,21,0
329,Hill Climbing,21,0
330,Hill Climbing,21,0
331,Hill Climbing,21,0
332,Hill Climbing,21,0
333,Hill Climbing,21,0
334,Hill Climbing,21,0
335,Hill Climbing,21,0
336,Hill Climbing,21,0
337,Hill Climbing,21,0
338,Hill Climbing,21,0
339,Hill Climbing,21,0
340,Hill Climbing,21,0
341,Hill Climbing,21,0
342,Hill Climbing,21,0
343,Hill Climbing,21,0
344,Hill Climbing,21,0
345,Hill Climbing,21,0
346,Hill Climbing,21,0
347,Hill Climbing,21,0
348,Hill Climbing,21,0
349,Hill Climbing,21,0
350,Hill Climbing,21,0
351,Hill Climbing,21,0
352,Hill Climbing,21,0
353,Hill Climbing,21,0
354,Hill Climbing,21,0
355,Hill Climbing,21,0
356,Hill Climbing,21,0
357,Hill Climbing,21,0
358,Hill Climbing,21,0
359,Hill Climbing,21,0
360,Hill Climbing,21,0
361,Hill Climbing,21,0
362,Hill Climbing,21,0
363,Hill Climbing,21,0
364,Hill Climbing,21,0
365,Hill Climbing,21,0
366,Hill Climbing,21,0
367,Hill Climbing,21,0
368,Hill Climbing,21,0
369,Hill Climbing,21,0
370,Hill Climbing,21,0
371,Hill Climbing,21,0
372,Hill Climbing,21,0
373,Hill Climbing,21,0
374,Hill Climbing,21,0
375,Hill Climbing,21,0
376,Hill Climbing,21,0
377,Hill Climbing,21,0
378,Hill Climbing,21,0
379,Hill Climbing,21,0
380,Hill Climbing,21,0
381,Hill Climbing,21,0
382,Hill Climbing,21,0
383,Hill Climbing,21,0
384,Hill Climbing,21,0
385,Hill Climbing,21,0
386,Hill Climbing,21,0
387,Hill Climbing,21,0
388,Hill Climbing,21,0
389,Hill Climbing,21,0
390,Hill Climbing,21,0
391,Hill Climbing,21,0
392,Hill Climbing,21,0
393,Hill Climbing,21,0
394,Hill Climbing,21,0
395,Hill Climbing,21,0
396,Hill Climbing,21,0
397,Hill Climbing,21,0
398,Hill Climbing,21,0
399,Hill Climbing,21,0
400,Hill Climbing,21,0
401,Hill Climbing,21,0
402,Hill Climbing,21,0
403,Hill Climbing,21,0
404,Hill Climbing,21,0
405,Hill Climbing,21,0
406,Hill Climbing,21,0
407,Hill Climbing,21,0
408,Hill Climbing,21,0
409,Hill Climbing,21,0
410,Hill Climbing,20,0
411,Hill Climbing,20,0
412,Hill Climbing,20,0
413,Hill Climbing,20,0
414,Hill Climbing,20,0
415,Hill Climbing,20,0
416,Hill Climbing,20,0
417,Hill Climbing,20,0
418,Hill Climbing,20,0
419,Hill Climbing,20,0
420,Hill Climbing,20,0
421,Hill Climbing,20,0
422,Hill Climbing,20,0
423,Hill Climbing,20,0
424,Hill Climbing,20,0
425,Hill Climbing,20,0
426,Hill Climbing,20,0
427,Hill Climbing,20,0
428,Hill Climbing,20,0
429,Hill Climbing,20,0
430,Hill Climbing,20,0
431,Hill Climbing,20,0
432,Hill Climbing,20,0
433,Hill Climbing,20,0
434,Hill Climbing,20,0
435,Hill Climbing,20,0
436,Hill Climbing,20,0
437,Hill Climbing,20,0
438,Hill Climbing,20,0
439,Hill Climbing,20,0
440,Hill Climbing,20,0
441,Hill Climbing,20,0
442,Hill Climbing,20,0
443,Hill Climbing,20,0
444,Hill Climbing,20,0
445,Hill Climbing,20,0
446,Hill Climbing,20,0
447,Hill Climbing,20,0
448,Hill Climbing,20,0
449,Hill Climbing,20,0
450,Hill Climbing,20,0
451,Hill Climbing,20,0
452,Hill Climbing,20,0
453,Hill Climbing,20,0
454,Hill Climbing,20,0
455,Hill Climbing,20,0
456,Hill Climbing,20,0
457,Hill Climbing,20,0
458,Hill Climbing,20,0
459,Hill Climbing,20,0
460,Hill Climbing,20,0
461,Hill Climbing,20,0
462,Hill Climbing,20,0
463,Hill Climbing,20,0
464,Hill Climbing,20,0
465,Hill Climbing,20,0
466,Hill Climbing,20,0
467,Hill Climbing,20,0
468,Hill Climbing,20,0
469,Hill Climbing,20,0
470,Hill Climbing,20,0
471,Hill Climbing,20,0
472,Hill Climbing,20,0
473,Hill Climbing,20,0
474,Hill Climbing,20,0
475,Hill Climbing,20,0
476,Hill Climbing,20,0
477,Hill Climbing,20,0
478,Hill Climbing,20,0
479,Hill Climbing,20,0
480,Hill Climbing,20,0
481,Hill Climbing,20,0
482,Hill Climbing,20,0
483,Hill Climbing,20,0
484,Hill Climbing,20,0
485,Hill Climbing,20,0
486,Hill Climbing,20,0
487,Hill Climbing,20,0
488,Hill Climbing,20,0
489,Hill Climbing,20,0
490,Hill Climbing,20,0
491,Hill Climbing,20,0
492,Hill Climbing,20,0
493,Hill Climbing,20,0
494,Hill Climbing,20,0
495,Hill Climbing,20,0
496,Hill Climbing,20,0
497,Hill Climbing,20,0
498,Hill Climbing,20,0
499,Hill Climbing,20,0
500,Hill Climbing,20,0
501,Hill Climbing,20,0
502,Hill Climbing,20,0
503,Hill Climbing,20,0
504,Hill Climbing,20,0
505,Hill Climbing,20,0
506,Hill Climbing,20,0
507,Hill Climbing,20,0
508,Hill Climbing,20,0
509,Hill Climbing,20,0
510,Hill Climbing,20,0
511,Hill Climbing,20,0
512,Hill Climbing,20,0
513,Hill Climbing,20,0
514,Hill Climbing,19,0
515,Hill Climbing,19,0
516,Hill Climbing,19,0
517,Hill Climbing,19,0
518,Hill Climbing,19,0
519,Hill Climbing,19,0
520,Hill Climbing,19,0
521,Hill Climbing,19,0
522,Hill Climbing,19,0
523,Hill Climbing,19,0
524,Hill Climbing,19,0
525,Hill Climbing,19,0
526,Hill Climbing,19,0
527,Hill Climbing,19,0
528,Hill Climbing,19,0
529,Hill Climbing,19,0
530,Hill Climbing,19,0
531,Hill Climbing,19,0
532,Hill Climbing,19,0
533,Hill Climbing,19,0
534,Hill Climbing,19,0
535,Hill Climbing,19,0
536,Hill Climbing,19,0
537,Hill Climbing,19,0
538,Hill Climbing,19,0
539,Hill Climbing,19,0
540,Hill Climbing,19,0
541,Hill Climbing,19,0
542,Hill Climbing,19,0
543,Hill Climbing,19,0
544,Hill Climbing,19,0
545,Hill Climbing,19,0
546,Hill Climbing,19,0
547,Hill Climbing,19,0
548,Hill Climbing,19,0
549,Hill Climbing,19,0
550,Hill Climbing,19,0
551,Hill Climbing,19,0
552,Hill Climbing,19,0
553,Hill Climbing,19,0
554,Hill Climbing,19,0
555,Hill Climbing,19,0
556,Hill Climbing,19,0
557,Hill Climbing,19,0
558,Hill Climbing,19,0
559,Hill Climbing,19,0
560,Hill Climbing,19,0
561,Hill Climbing,19,0
562,Hill Climbing,19,0
563,Hill Climbing,19,0
564,Hill Climbing,19,0
565,Hill Climbing,19,0
566,Hill Climbing,19,0
567,Hill Climbing,19,0
568,Hill Climbing,19,0
569,Hill Climbing,19,0
570,Hill Climbing,19,0
571,Hill Climbing,19,0
572,Hill Climbing,19,0
573,Hill Climbing,19,0
574,Hill Climbing,19,0
575,Hill Climbing,19,0
576,Hill Climbing,19,0
577,Hill Climbing,19,0
578,Hill Climbing,19,0
579,Hill Climbing,19,0
580,Hill Climbing,19,0
581,Hill Climbing,19,0
582,Hill Climbing,19,0
583,Hill Climbing,19,0
584,Hill Climbing,19,0
585,Hill Climbing,19,0
586,Hill Climbing,19,0
587,Hill Climbing,19,0
588,Hill Climbing,19,0
589,Hill Climbing,19,0
590,Hill Climbing,19,0
591,Hill Climbing,19,0
592,Hill Climbing,19,0
593,Hill Climbing,19,0
594,Hill Climbing,19,0
595,Hill Climbing,19,0
596,Hill Climbing,19,0
597,Hill Climbing,19,0
598,Hill Climbing,19,0
599,Hill Climbing,19,0
600,Hill Climbing,19,0
601,Hill Climbing,19,0
602,Hill Climbing,19,0
603,Hill Climbing,19,0
604,Hill Climbing,19,0
605,Hill Climbing,19,0
606,Hill Climbing,19,0
607,Hill Climbing,19,0
608,Hill Climbing,19,0
609,Hill Climbing,19,0
610,Hill Climbing,19,0
611,Hill Climbing,19,0
612,Hill Climbing,19,0
613,Hill Climbing,19,0
614,Hill Climbing,19,0
615,Hill Climbing,19,0
616,Hill Climbing,19,0
617,Hill Climbing,19,0
618,Hill Climbing,19,0
619,Hill Climbing,19,0
620,Hill Climbing,19,0
621,Hill Climbing,19,0
622,Hill Climbing,19,0
623,Hill Climbing,19,0
624,Hill Climbing,19,0
625,Hill Climbing,19,0
626,Hill Climbing,19,0
627,Hill Climbing,19,0
628,Hill Climbing,19,0
629,Hill Climbing,19,0
630,Hill Climbing,19,0
631,Hill Climbing,19,0
632,Hill Climbing,19,0
633,Hill Climbing,19,0
634,Hill Climbing,19,0
635,Hill Climbing,19,0
636,Hill Climbing,19,0
637,Hill Climbing,19,0
638,Hill Climbing,19,0
639,Hill Climbing,19,0
640,Hill Climbing,19,0
641,Hill Climbing,19,0
642,Hill Climbing,19,0
643,Hill Climbing,19,0
644,Hill Climbing,18,0
645,Hill Climbing,18,0
646,Hill Climbing,18,0
647,Hill Climbing,18,0
648,Hill Climbing,18,0
649,Hill Climbing,18,0
650,Hill Climbing,18,0
651,Hill Climbing,18,0
652,Hill Climbing,18,0
653,Hill Climbing,18,0
654,Hill Climbing,18,0
655,Hill Climbing,18,0
656,Hill Climbing,18,0
657,Hill Climbing,18,0
658,Hill Climbing,18,0
659,Hill Climbing,18,0
660,Hill Climbing,18,0
661,Hill Climbing,18,0
662,Hill Climbing,18,0
663,Hill Climbing,18,0
664,Hill Climbing,18,0
665,Hill Climbing,18,0
666,Hill Climbing,18,0
667,Hill Climbing,18,0
668,Hill Climbing,18,0
669,Hill Climbing,18,0
670,Hill Climbing,18,0
671,Hill Climbing,18,0
672,Hill Climbing,18,0
673,Hill Climbing,18,0
674,Hill Climbing,18,0
675,Hill Climbing,18,0
676,Hill Climbing,18,0
677,Hill Climbing,18,0
678,Hill Climbing,18,0
679,Hill Climbing,18,0
680,Hill Climbing,18,0
681,Hill Climbing,18,0
682,Hill Climbing,18,0
683,Hill Climbing,18,0
684,Hill Climbing,18,0
685,Hill Climbing,18,0
686,Hill Climbing,18,0
687,Hill Climbing,18,0
688,Hill Climbing,18,0
689,Hill Climbing,18,0
690,Hill Climbing,18,0
691,Hill Climbing,18,0
692,Hill Climbing,18,0
693,Hill Climbing,18,0
694,Hill Climbing,18,0
695,Hill Climbing,18,0
696,Hill Climbing,18,0
697,Hill Climbing,18,0
698,Hill Climbing,18,0
699,Hill Climbing,18,0
700,Hill Climbing,18,0
701,Hill Climbing,18,0
702,Hill Climbing,18,0
703,Hill Climbing,18,0
704,Hill Climbing,18,0
705,Hill Climbing,18,0
706,Hill Climbing,18,0
707,Hill Climbing,18,0
708,Hill Climbing,18,0
709,Hill Climbing,18,0
710,Hill Climbing,18,0
711,Hill Climbing,18,0
712,Hill Climbing,18,0
713,Hill Climbing,18,0
714,Hill Climbing,18,0
715,Hill Climbing,18,0
716,Hill Climbing,18,0
717,Hill Climbing,18,0
718,Hill Climbing,18,0
719,Hill Climbing,18,0
720,Hill Climbing,18,0
721,Hill Climbing,18,0
722,Hill Climbing,18,0
723,Hill Climbing,18,0
724,Hill Climbing,18,0
725,Hill Climbing,18,0
726,Hill Climbing,18,0
727,Hill Climbing,18,0
728,Hill Climbing,18,0
729,Hill Climbing,18,0
730,Hill Climbing,18,0
731,Hill Climbing,18,0
732,Hill Climbing,18,0
733,Hill Climbing,18,0
734,Hill Climbing,18,0
735,Hill Climbing,18,0
736,Hill Climbing,18,0
737,Hill Climbing,18,0
738,Hill Climbing,18,0
739,Hill Climbing,18,0
740,Hill Climbing,18,0
741,Hill Climbing,18,0
742,Hill Climbing,18,0
743,Hill Climbing,18,0
744,Hill Climbing,18,0
745,Hill Climbing,18,0
746,Hill Climbing,18,0
747,Hill Climbing,18,0
748,Hill Climbing,18,0
749,Hill Climbing,18,0
750,Hill Climbing,18,0
751,Hill Climbing,18,0
752,Hill Climbing,18,0
753,Hill Climbing,18,0
754,Hill Climbing,18,0
755,Hill Climbing,18,0
756,Hill Climbing,18,0
757,Hill Climbing,18,0
758,Hill Climbing,18,0
759,Hill Climbing,18,0
760,Hill Climbing,18,0
761,Hill Climbing,18,0
762,Hill Climbing,18,0
763,Hill Climbing,18,0
764,Hill Climbing,18,0
765,Hill Climbing,18,0
766,Hill Climbing,18,0
767,Hill Climbing,18,0
768,Hill Climbing,18,0
769,Hill Climbing,18,0
770,Hill Climbing,18,0
771,Hill Climbing,18,0
772,Hill Climbing,18,0
773,Hill Climbing,18,0
774,Hill Climbing,18,0
775,Hill Climbing,18,0
776,Hill Climbing,18,0
777,Hill Climbing,18,0
778,Hill Climbing,18,0
779,Hill Climbing,18,0
780,Hill Climbing,18,0
781,Hill Climbing,18,0
782,Hill Climbing,18,0
783,Hill Climbing,18,0
784,Hill Climbing,18,0
785,Hill Climbing,18,0
786,Hill Climbing,18,0
787,Hill Climbing,18,0
788,Hill Climbing,18,0
789,Hill Climbing,18,0
790,Hill Climbing,18,0
791,Hill Climbing,18,0
792,Hill Climbing,18,0
793,Hill Climbing,18,0
794,Hill Climbing,18,0
795,Hill Climbing,17,0
796,Hill Climbing,17,0
797,Hill Climbing,17,0
798,Hill Climbing,17,0
799,Hill Climbing,17,0
800,Hill Climbing,17,0
801,Hill Climbing,17,0
802,Hill Climbing,17,0
803,Hill Climbing,17,0
804,Hill Climbing,17,0
805,Hill Climbing,17,0
806,Hill Climbing,17,0
807,Hill Climbing,17,0
808,Hill Climbing,17,0
809,Hill Climbing,17,0
810,Hill Climbing,17,0
811,Hill Climbing,17,0
812,Hill Climbing,17,0
813,Hill Climbing,17,0
814,Hill Climbing,17,0
815,Hill Climbing,17,0
816,Hill Climbing,17,0
817,Hill Climbing,17,0
818,Hill Climbing,17,0
819,Hill Climbing,17,0
820,Hill Climbing,17,0
821,Hill Climbing,17,0
822,Hill Climbing,17,0
823,Hill Climbing,17,0
824,Hill Climbing,17,0
825,Hill Climbing,17,0
826,Hill Climbing,17,0
827,Hill Climbing,17,0
828,Hill Climbing,17,0
829,Hill Climbing,17,0
830,Hill Climbing,17,0
831,Hill Climbing,17,0
832,Hill Climbing,17,0
833,Hill Climbing,17,0
834,Hill Climbing,17,0
835,Hill Climbing,17,0
836,Hill Climbing,17,0
837,Hill Climbing,17,0
838,Hill Climbing,17,0
839,Hill Climbing,17,0
840,Hill Climbing,17,0
841,Hill Climbing,17,0
842,Hill Climbing,17,0
843,Hill Climbing,17,0
844,Hill Climbing,17,0
845,Hill Climbing,17,0
846,Hill Climbing,17,0
847,Hill Climbing,17,0
848,Hill Climbing,17,0
849,Hill Climbing,17,0
850,Hill Climbing,17,0
851,Hill Climbing,17,0
852,Hill Climbing,17,0
853,Hill Climbing,17,0
854,Hill Climbing,17,0
855,Hill Climbing,17,0
856,Hill Climbing,17,0
857,Hill Climbing,17,0
858,Hill Climbing,17,0
859,Hill Climbing,17,0
860,Hill Climbing,17,0
861,Hill Climbing,17,0
862,Hill Climbing,17,0
863,Hill Climbing,17,0
864,Hill Climbing,17,0
865,Hill Climbing,17,0
866,Hill Climbing,17,0
867,Hill Climbing,17,0
868,Hill Climbing,17,0
869,Hill Climbing,17,0
870,Hill Climbing,17,0
871,Hill Climbing,17,0
872,Hill Climbing,17,0
873,Hill Climbing,17,0
874,Hill Climbing,17,0
875,Hill Climbing,17,0
876,Hill Climbing,17,0
877,Hill Climbing,17,0
878,Hill Climbing,17,0
879,Hill Climbing,17,0
880,Hill Climbing,17,0
881,Hill Climbing,17,0
882,Hill Climbing,17,0
883,Hill Climbing,17,0
884,Hill Climbing,17,0
885,Hill Climbing,17,0
886,Hill Climbing,17,0
887,Hill Climbing,17,0
888,Hill Climbing,17,0
889,Hill Climbing,17,0
890,Hill Climbing,17,0
891,Hill Climbing,17,0
892,Hill Climbing,17,0
893,Hill Climbing,17,0
894,Hill Climbing,17,0
895,Hill Climbing,17,0
896,Hill Climbing,17,0
897,Hill Climbing,17,0
898,Hill Climbing,17,0
899,Hill Climbing,17,0
900,Hill Climbing,17,0
901,Hill Climbing,17,0
902,Hill Climbing,17,0
903,Hill Climbing,17,0
904,Hill Climbing,17,0
905,Hill Climbing,17,0
906,Hill Climbing,17,0
907,Hill Climbing,17,0
908,Hill Climbing,17,0
909,Hill Climbing,17,0
910,Hill Climbing,17,0
911,Hill Climbing,17,0
912,Hill Climbing,17,0
913,Hill Climbing,17,0
914,Hill Climbing,17,0
915,Hill Climbing,17,0
916,Hill Climbing,17,0
917,Hill Climbing,17,0
918,Hill Climbing,17,0
919,Hill Climbing,17,0
920,Hill Climbing,17,0
921,Hill Climbing,17,0
922,Hill Climbing,17,0
923,Hill Climbing,17,0
924,Hill Climbing,17,0
925,Hill Climbing,17,0
926,Hill Climbing,17,0
927,Hill Climbing,17,0
928,Hill Climbing,17,0
929,Hill Climbing,17,0
930,Hill Climbing,17,0
931,Hill Climbing,17,0
932,Hill Climbing,17,0
933,Hill Climbing,17,0
934,Hill Climbing,17,0
935,Hill Climbing,17,0
936,Hill Climbing,17,0
937,Hill Climbing,17,0
938,Hill Climbing,17,0
939,Hill Climbing,17,0
940,Hill Climbing,17,0
941,Hill Climbing,17,0
942,Hill Climbing,17,0
943,Hill Climbing,17,0
944,Hill Climbing,17,0
945,Hill Climbing,17,0
946,Hill Climbing,17,0
947,Hill Climbing,17,0
948,Hill Climbing,17,0
949,Hill Climbing,17,0
950,Hill Climbing,17,0
951,Hill Climbing,17,0
952,Hill Climbing,17,0
953,Hill Climbing,17,0
954,Hill Climbing,17,0
955,Hill Climbing,17,0
956,Hill Climbing,17,0
957,Hill Climbing,17,0
958,Hill Climbing,17,0
959,Hill Climbing,17,0
960,Hill Climbing,17,0
961,Hill Climbing,17,0
962,Hill Climbing,17,0
963,Hill Climbing,17,0
964,Hill Climbing,17,0
965,Hill Climbing,17,0
966,Hill Climbing,17,0
967,Hill Climbing,17,0
968,Hill Climbing,17,0
969,Hill Climbing,17,0
970,Hill Climbing,16,0
0,Tabu Search,25,8474
1,Tabu Search,25,8361
2,Tabu Search,25,8244
3,Tabu Search,25,8123
4,Tabu Search,25,8002
5,Tabu Search,25,7884
6,Tabu Search,25,7758
7,Tabu Search,25,7640
8,Tabu Search,25,7512
9,Tabu Search,25,7398
10,Tabu Search,25,7283
11,Tabu Search,26,7172
12,Tabu Search,26,7059
13,Tabu Search,26,6938
14,Tabu Search,26,6822
15,Tabu Search,27,6699
16,Tabu Search,27,6577
17,Tabu Search,27,6467
18,Tabu Search,27,6363
19,Tabu Search,27,6253
20,Tabu Search,27,6136
21,Tabu Search,27,6012
22,Tabu Search,27,5908
23,Tabu Search,27,5794
24,Tabu Search,26,5675
25,Tabu Search,26,5577
26,Tabu Search,25,5463
27,Tabu Search,25,5347
28,Tabu Search,26,5235
29,Tabu Search,26,5131
30,Tabu Search,26,5039
31,Tabu Search,26,4934
32,Tabu Search,26,4820
33,Tabu Search,26,4701
34,Tabu Search,26,4580
35,Tabu Search,26,4499
36,Tabu Search,26,4380
37,Tabu Search,27,4271
38,Tabu Search,27,4188
39,Tabu Search,27,4097
40,Tabu Search,27,3985
41,Tabu Search,27,3904
42,Tabu Search,27,3824
43,Tabu Search,27,3711
44,Tabu Search,27,3597
45,Tabu Search,27,3488
46,Tabu Search,27,3388
47,Tabu Search,27,3300
48,Tabu Search,27,3224
49,Tabu Search,27,3159
50,Tabu Search,27,3070
51,Tabu Search,27,2980
52,Tabu Search,27,2901
53,Tabu Search,27,2843
54,Tabu Search,27,2789
55,Tabu Search,27,2739
56,Tabu Search,27,2656
57,Tabu Search,27,2600
58,Tabu Search,27,2523
59,Tabu Search,27,2442
60,Tabu Search,27,2368
61,Tabu Search,27,2311
62,Tabu Search,28,2241
63,Tabu Search,28,2171
64,Tabu Search,28,2114
65,Tabu Search,27,2058
66,Tabu Search,27,2005
67,Tabu Search,27,1952
68,Tabu Search,27,1891
69,Tabu Search,27,1840
70,Tabu Search,27,1785
71,Tabu Search,28,1730
72,Tabu Search,28,1675
73,Tabu Search,28,1621
74,Tabu Search,28,1571
75,Tabu Search,28,1519
76,Tabu Search,28,1465
77,Tabu Search,28,1412
78,Tabu Search,28,1360
79,Tabu Search,28,1305
80,Tabu Search,28,1255
81,Tabu Search,28,1205
82,Tabu Search,28,1144
83,Tabu Search,28,1093
84,Tabu Search,28,1045
85,Tabu Search,28,1001
86,Tabu Search,28,953
87,Tabu Search,28,900
88,Tabu Search,28,855
89,Tabu Search,29,807
90,Tabu Search,29,763
91,Tabu Search,30,719
92,Tabu Search,30,673
93,Tabu Search,30,623
94,Tabu Search,30,575
95,Tabu Search,30,533
96,Tabu Search,30,495
97,Tabu Search,29,448
98,Tabu Search,29,406
99,Tabu Search,29,361
100,Tabu Search,29,322
101,Tabu Search,30,280
102,Tabu Search,30,261
103,Tabu Search,30,246
104,Tabu Search,30,200
105,Tabu Search,30,161
106,Tabu Search,30,126
107,Tabu Search,30,89
108,Tabu Search,30,78
109,Tabu Search,30,72
110,Tabu Search,30,62
111,Tabu Search,30,46
112,Tabu Search,30,37
113,Tabu Search,30,31
114,Tabu Search,30,25
115,Tabu Search,30,19
116,Tabu Search,30,14
117,Tabu Search,30,11
118,Tabu Search,30,7
119,Tabu Search,30,4
120,Tabu Search,30,3
121,Tabu Search,30,2
122,Tabu Search,30,0
123,Tabu Search,30,0
124,Tabu Search,30,0
125,Tabu Search,30,0
126,Tabu Search,30,0
127,Tabu Search,29,0
128,Tabu Search,29,0
129,Tabu Search,29,0
130,Tabu Search,29,0
131,Tabu Search,29,0
132,Tabu Search,29,0
133,Tabu Search,29,0
134,Tabu Search,28,0
135,Tabu Search,28,0
136,Tabu Search,28,0
137,Tabu Search,28,0
138,Tabu Search,28,0
139,Tabu Search,28,0
140,Tabu Search,27,0
141,Tabu Search,27,0
142,Tabu Search,27,0
143,Tabu Search,27,0
144,Tabu Search,27,0
145,Tabu Search,27,0
146,Tabu Search,27,0
147,Tabu Search,27,0
148,Tabu Search,26,0
149,Tabu Search,26,0
150,Tabu Search,26,0
151,Tabu Search,26,0
152,Tabu Search,26,0
153,Tabu Search,26,0
154,Tabu Search,26,0
155,Tabu Search,26,0
156,Tabu Search,26,0
157,Tabu Search,26,0
158,Tabu Search,26,0
159,Tabu Search,26,0
160,Tabu Search,26,0
161,Tabu Search,26,0
162,Tabu Search,26,0
163,Tabu Search,26,0
164,Tabu Search,25,0
165,Tabu Search,25,0
166,Tabu Search,25,0
167,Tabu Search,25,0
168,Tabu Search,25,0
169,Tabu Search,25,0
170,Tabu Search,25,0
171,Tabu Search,25,0
172,Tabu Search,25,0
173,Tabu Search,25,0
174,Tabu Search,25,0
175,Tabu Search,25,0
176,Tabu Search,25,0
177,Tabu Search,25,0
178,Tabu Search,25,0
179,Tabu Search,25,0
180,Tabu Search,25,0
181,Tabu Search,25,0
182,Tabu Search,25,0
183,Tabu Search,25,0
184,Tabu Search,25,0
185,Tabu Search,25,0
186,Tabu Search,25,0
187,Tabu Search,25,0
188,Tabu Search,25,0
189,Tabu Search,25,0
190,Tabu Search,25,0
191,Tabu Search,24,0
192,Tabu Search,24,0
193,Tabu Search,24,0
194,Tabu Search,24,0
195,Tabu Search,24,0
196,Tabu Search,24,0
197,Tabu Search,24,0
198,Tabu Search,24,0
199,Tabu Search,24,0
200,Tabu Search,24,0
201,Tabu Search,24,0
202,Tabu Search,24,0
203,Tabu Search,24,0
204,Tabu Search,24,0
205,Tabu Search,24,0
206,Tabu Search,24,0
207,Tabu Search,24,0
208,Tabu Search,24,0
209,Tabu Search,24,0
210,Tabu Search,24,0
211,Tabu Search,24,0
212,Tabu Search,24,0
213,Tabu Search,24,0
214,Tabu Search,24,0
215,Tabu Search,24,0
216,Tabu Search,24,0
217,Tabu Search,24,0
218,Tabu Search,24,0
219,Tabu Search,24,0
220,Tabu Search,24,0
221,Tabu Search,24,0
222,Tabu Search,24,0
223,Tabu Search,24,0
224,Tabu Search,24,0
225,Tabu Search,24,0
226,Tabu Search,24,0
227,Tabu Search,24,0
228,Tabu Search,24,0
229,Tabu Search,24,0
230,Tabu Search,24,0
231,Tabu Search,24,0
232,Tabu Search,24,0
233,Tabu Search,24,0
234,Tabu Search,24,0
235,Tabu Search,24,0
236,Tabu Search,23,0
237,Tabu Search,23,0
238,Tabu Search,23,0
239,Tabu Search,23,0
240,Tabu Search,23,0
241,Tabu Search,23,0
242,Tabu Search,23,0
243,Tabu Search,23,0
244,Tabu Search,23,0
245,Tabu Search,23,0
246,Tabu Search,23,0
247,Tabu Search,23,0
248,Tabu Search,23,0
249,Tabu Search,23,0
250,Tabu Search,23,0
251,Tabu Search,23,0
252,Tabu Search,23,0
253,Tabu Search,23,0
254,Tabu Search,23,0
255,Tabu Search,23,0
256,Tabu Search,23,0
257,Tabu Search,23,0
258,Tabu Search,23,0
259,Tabu Search,23,0
260,Tabu Search,23,0
261,Tabu Search,23,0
262,Tabu Search,23,0
263,Tabu Search,23,0
264,Tabu Search,23,0
265,Tabu Search,23,0
266,Tabu Search,23,0
267,Tabu Search,23,0
268,Tabu Search,23,0
269,Tabu Search,23,0
270,Tabu Search,23,0
271,Tabu Search,23,0
272,Tabu Search,23,0
273,Tabu Search,23,0
274,Tabu Search,23,0
275,Tabu Search,23,0
276,Tabu Search,23,0
277,Tabu Search,23,0
278,Tabu Search,23,0
279,Tabu Search,23,0
280,Tabu Search,23,0
281,Tabu Search,23,0
282,Tabu Search,23,0
283,Tabu Search,23,0
284,Tabu Search,23,0
285,Tabu Search,23,0
286,Tabu Search,23,0
287,Tabu Search,23,0
288,Tabu Search,23,0
289,Tabu Search,23,0
290,Tabu Search,23,0
291,Tabu Search,23,0
292,Tabu Search,23,0
293,Tabu Search,22,0
294,Tabu Search,22,0
295,Tabu Search,22,0
296,Tabu Search,22,0
297,Tabu Search,22,0
298,Tabu Search,22,0
299,Tabu Search,22,0
300,Tabu Search,22,0
301,Tabu Search,22,0
302,Tabu Search,22,0
303,Tabu Search,22,0
304,Tabu Search,22,0
305,Tabu Search,22,0
306,Tabu Search,22,0
307,Tabu Search,22,0
308,Tabu Search,22,0
309,Tabu Search,22,0
310,Tabu Search,22,0
311,Tabu Search,22,0
312,Tabu Search,22,0
313,Tabu Search,22,0
314,Tabu Search,22,0
315,Tabu Search,22,0
316,Tabu Search,22,0
317,Tabu Search,22,0
318,Tabu Search,22,0
319,Tabu Search,22,0
320,Tabu Search,22,0
321,Tabu Search,22,0
322,Tabu Search,22,0
323,Tabu Search,22,0
324,Tabu Search,22,0
325,Tabu Search,22,0
326,Tabu Search,22,0
327,Tabu Search,22,0
328,Tabu Search,22,0
329,Tabu Search,22,0
330,Tabu Search,22,0
331,Tabu Search,22,0
332,Tabu Search,22,0
333,Tabu Search,22,0
334,Tabu Search,22,0
335,Tabu Search,22,0
336,Tabu Search,22,0
337,Tabu Search,22,0
338,Tabu Search,22,0
339,Tabu Search,22,0
340,Tabu Search,22,0
341,Tabu Search,22,0
342,Tabu Search,22,0
343,Tabu Search,22,0
344,Tabu Search,22,0
345,Tabu Search,22,0
346,Tabu Search,22,0
347,Tabu Search,22,0
348,Tabu Search,22,0
349,Tabu Search,22,0
350,Tabu Search,22,0
351,Tabu Search,22,0
352,Tabu Search,22,0
353,Tabu Search,22,0
354,Tabu Search,22,0
355,Tabu Search,22,0
356,Tabu Search,22,0
357,Tabu Search,22,0
358,Tabu Search,22,0
359,Tabu Search,22,0
360,Tabu Search,22,0
361,Tabu Search,22,0
362,Tabu Search,22,0
363,Tabu Search,22,0
364,Tabu Search,22,0
365,Tabu Search,22,0
366,Tabu Search,22,0
367,Tabu Search,22,0
368,Tabu Search,22,0
369,Tabu Search,22,0
370,Tabu Search,22,0
371,Tabu Search,22,0
372,Tabu Search,22,0
373,Tabu Search,22,0
374,Tabu Search,22,0
375,Tabu Search,22,0
376,Tabu Search,22,0
377,Tabu Search,22,0
378,Tabu Search,22,0
379,Tabu Search,21,0
380,Tabu Search,21,0
381,Tabu Search,21,0
382,Tabu Search,21,0
383,Tabu Search,21,0
384,Tabu Search,21,0
385,Tabu Search,21,0
386,Tabu Search,21,0
387,Tabu Search,21,0
388,Tabu Search,21,0
389,Tabu Search,21,0
390,Tabu Search,21,0
391,Tabu Search,21,0
392,Tabu Search,21,0
393,Tabu Search,21,0
394,Tabu Search,21,0
395,Tabu Search,21,0
396,Tabu Search,21,0
397,Tabu Search,21,0
398,Tabu Search,21,0
399,Tabu Search,21,0
400,Tabu Search,21,0
401,Tabu Search,21,0
402,Tabu Search,21,0
403,Tabu Search,21,0
404,Tabu Search,21,0
405,Tabu Search,21,0
406,Tabu Search,21,0
407,Tabu Search,21,0
408,Tabu Search,21,0
409,Tabu Search,21,0
410,Tabu Search,21,0
411,Tabu Search,21,0
412,Tabu Search,21,0
413,Tabu Search,21,0
414,Tabu Search,21,0
415,Tabu Search,21,0
416,Tabu Search,21,0
417,Tabu Search,21,0
418,Tabu Search,21,0
419,Tabu Search,21,0
420,Tabu Search,21,0
421,Tabu Search,21,0
422,Tabu Search,21,0
423,Tabu Search,21,0
424,Tabu Search,21,0
425,Tabu Search,21,0
426,Tabu Search,21,0
427,Tabu Search,21,0
428,Tabu Search,21,0
429,Tabu Search,21,0
430,Tabu Search,21,0
431,Tabu Search,21,0
432,Tabu Search,21,0
433,Tabu Search,21,0
434,Tabu Search,21,0
435,Tabu Search,21,0
436,Tabu Search,21,0
437,Tabu Search,21,0
438,Tabu Search,21,0
439,Tabu Search,21,0
440,Tabu Search,21,0
441,Tabu Search,21,0
442,Tabu Search,21,0
443,Tabu Search,21,0
444,Tabu Search,21,0
445,Tabu Search,21,0
446,Tabu Search,21,0
447,Tabu Search,21,0
448,Tabu Search,21,0
449,Tabu Search,21,0
450,Tabu Search,21,0
451,Tabu Search,21,0
452,Tabu Search,21,0
453,Tabu Search,21,0
454,Tabu Search,21,0
455,Tabu Search,21,0
456,Tabu Search,21,0
457,Tabu Search,21,0
458,Tabu Search,21,0
459,Tabu Search,21,0
460,Tabu Search,21,0
461,Tabu Search,21,0
462,Tabu Search,21,0
463,Tabu Search,21,0
464,Tabu Search,21,0
465,Tabu Search,21,0
466,Tabu Search,21,0
467,Tabu Search,21,0
468,Tabu Search,21,0
469,Tabu Search,21,0
470,Tabu Search,21,0
471,Tabu Search,21,0
472,Tabu Search,21,0
473,Tabu Search,21,0
474,Tabu Search,21,0
475,Tabu Search,21,0
476,Tabu Search,21,0
477,Tabu Search,21,0
478,Tabu Search,21,0
479,Tabu Search,21,0
480,Tabu Search,21,0
481,Tabu Search,20,0
482,Tabu Search,20,0
483,Tabu Search,20,0
484,Tabu Search,20,0
485,Tabu Search,20,0
486,Tabu Search,20,0
487,Tabu Search,20,0
488,Tabu Search,20,0
489,Tabu Search,20,0
490,Tabu Search,20,0
491,Tabu Search,20,0
492,Tabu Search,20,0
493,Tabu Search,20,0
494,Tabu Search,20,0
495,Tabu Search,20,0
496,Tabu Search,20,0
497,Tabu Search,20,0
498,Tabu Search,20,0
499,Tabu Search,20,0
500,Tabu Search,20,0
501,Tabu Search,20,0
502,Tabu Search,20,0
503,Tabu Search,20,0
504,Tabu Search,20,0
505,Tabu Search,20,0
506,Tabu Search,20,0
507,Tabu Search,20,0
508,Tabu Search,20,0
509,Tabu Search,20,0
510,Tabu Search,20,0
511,Tabu Search,20,0
512,Tabu Search,20,0
513,Tabu Search,20,0
514,Tabu Search,20,0
515,Tabu Search,20,0
516,Tabu Search,20,0
517,Tabu Search,20,0
518,Tabu Search,20,0
519,Tabu Search,20,0
520,Tabu Search,20,0
521,Tabu Search,20,0
522,Tabu Search,20,0
523,Tabu Search,20,0
524,Tabu Search,20,0
525,Tabu Search,20,0
526,Tabu Search,20,0
527,Tabu Search,20,0
528,Tabu Search,20,0
529,Tabu Search,20,0
530,Tabu Search,20,0
531,Tabu Search,20,0
532,Tabu Search,20,0
533,Tabu Search,20,0
534,Tabu Search,20,0
535,Tabu Search,20,0
536,Tabu Search,20,0
537,Tabu Search,20,0
538,Tabu Search,20,0
539,Tabu Search,20,0
540,Tabu Search,20,0
541,Tabu Search,20,0
542,Tabu Search,20,0
543,Tabu Search,20,0
544,Tabu Search,20,0
545,Tabu Search,20,0
546,Tabu Search,20,0
547,Tabu Search,20,0
548,Tabu Search,20,0
549,Tabu Search,20,0
550,Tabu Search,20,0
551,Tabu Search,20,0
552,Tabu Search,20,0
553,Tabu Search,20,0
554,Tabu Search,20,0
555,Tabu Search,20,0
556,Tabu Search,20,0
557,Tabu Search,20,0
558,Tabu Search,20,0
559,Tabu Search,20,0
560,Tabu Search,20,0
561,Tabu Search,20,0
562,Tabu Search,20,0
563,Tabu Search,20,0
564,Tabu Search,20,0
565,Tabu Search,20,0
566,Tabu Search,20,0
567,Tabu Search,20,0
568,Tabu Search,20,0
569,Tabu Search,20,0
570,Tabu Search,20,0
571,Tabu Search,20,0
572,Tabu Search,20,0
573,Tabu Search,20,0
574,Tabu Search,20,0
575,Tabu Search,20,0
576,Tabu Search,20,0
577,Tabu Search,20,0
578,Tabu Search,20,0
579,Tabu Search,20,0
580,Tabu Search,20,0
581,Tabu Search,20,0
582,Tabu Search,20,0
583,Tabu Search,20,0
584,Tabu Search,20,0
585,Tabu Search,20,0
586,Tabu Search,20,0
587,Tabu Search,20,0
588,Tabu Search,20,0
589,Tabu Search,20,0
590,Tabu Search,20,0
591,Tabu Search,20,0
592,Tabu Search,20,0
593,Tabu Search,20,0
594,Tabu Search,20,0
595,Tabu Search,20,0
596,Tabu Search,20,0
597,Tabu Search,20,0
598,Tabu Search,20,0
599,Tabu Search,20,0
600,Tabu Search,20,0
601,Tabu Search,20,0
602,Tabu Search,20,0
603,Tabu Search,20,0
604,Tabu Search,20,0
605,Tabu Search,20,0
606,Tabu Search,20,0
607,Tabu Search,20,0
608,Tabu Search,20,0
609,Tabu Search,20,0
610,Tabu Search,20,0
611,Tabu Search,20,0
612,Tabu Search,20,0
613,Tabu Search,20,0
614,Tabu Search,20,0
615,Tabu Search,20,0
616,Tabu Search,20,0
617,Tabu Search,20,0
618,Tabu Search,20,0
619,Tabu Search,20,0
620,Tabu Search,20,0
621,Tabu Search,20,0
622,Tabu Search,19,0
623,Tabu Search,19,0
624,Tabu Search,19,0
625,Tabu Search,19,0
626,Tabu Search,19,0
627,Tabu Search,19,0
628,Tabu Search,19,0
629,Tabu Search,19,0
630,Tabu Search,19,0
631,Tabu Search,19,0
632,Tabu Search,19,0
633,Tabu Search,19,0
634,Tabu Search,19,0
635,Tabu Search,19,0
636,Tabu Search,19,0
637,Tabu Search,19,0
638,Tabu Search,19,0
639,Tabu Search,19,0
640,Tabu Search,19,0
641,Tabu Search,19,0
642,Tabu Search,19,0
643,Tabu Search,19,0
644,Tabu Search,19,0
645,Tabu Search,19,0
646,Tabu Search,19,0
647,Tabu Search,19,0
648,Tabu Search,19,0
649,Tabu Search,19,0
650,Tabu Search,19,0
651,Tabu Search,19,0
652,Tabu Search,19,0
653,Tabu Search,19,0
654,Tabu Search,19,0
655,Tabu Search,19,0
656,Tabu Search,19,0
657,Tabu Search,19,0
658,Tabu Search,19,0
659,Tabu Search,19,0
660,Tabu Search,19,0
661,Tabu Search,19,0
662,Tabu Search,19,0
663,Tabu Search,19,0
664,Tabu Search,19,0
665,Tabu Search,19,0
666,Tabu Search,19,0
667,Tabu Search,19,0
668,Tabu Search,19,0
669,Tabu Search,19,0
670,Tabu Search,19,0
671,Tabu Search,19,0
672,Tabu Search,19,0
673,Tabu Search,19,0
674,Tabu Search,19,0
675,Tabu Search,19,0
676,Tabu Search,19,0
677,Tabu Search,19,0
678,Tabu Search,19,0
679,Tabu Search,19,0
680,Tabu Search,19,0
681,Tabu Search,19,0
682,Tabu Search,19,0
683,Tabu Search,19,0
684,Tabu Search,19,0
685,Tabu Search,19,0
686,Tabu Search,19,0
687,Tabu Search,19,0
688,Tabu Search,19,0
689,Tabu Search,19,0
690,Tabu Search,19,0
691,Tabu Search,19,0
692,Tabu Search,19,0
693,Tabu Search,19,0
694,Tabu Search,19,0
695,Tabu Search,19,0
696,Tabu Search,19,0
697,Tabu Search,19,0
698,Tabu Search,19,0
699,Tabu Search,19,0
700,Tabu Search,19,0
701,Tabu Search,19,0
702,Tabu Search,19,0
703,Tabu Search,19,0
704,Tabu Search,19,0
705,Tabu Search,19,0
706,Tabu Search,19,0
707,Tabu Search,19,0
708,Tabu Search,19,0
709,Tabu Search,19,0
710,Tabu Search,19,0
711,Tabu Search,19,0
712,Tabu Search,19,0
713,Tabu Search,19,0
714,Tabu Search,19,0
715,Tabu Search,19,0
716,Tabu Search,19,0
717,Tabu Search,19,0
718,Tabu Search,19,0
719,Tabu Search,19,0
720,Tabu Search,19,0
721,Tabu Search,19,0
722,Tabu Search,19,0
723,Tabu Search,19,0
724,Tabu Search,19,0
725,Tabu Search,19,0
726,Tabu Search,19,0
727,Tabu Search,19,0
728,Tabu Search,19,0
729,Tabu Search,19,0
730,Tabu Search,19,0
731,Tabu Search,19,0
732,Tabu Search,19,0
733,Tabu Search,19,0
734,Tabu Search,19,0
735,Tabu Search,19,0
736,Tabu Search,19,0
737,Tabu Search,19,0
738,Tabu Search,19,0
739,Tabu Search,19,0
740,Tabu Search,19,0
741,Tabu Search,19,0
742,Tabu Search,19,0
743,Tabu Search,19,0
744,Tabu Search,19,0
745,Tabu Search,19,0
746,Tabu Search,19,0
747,Tabu Search,19,0
748,Tabu Search,19,0
749,Tabu Search,19,0
750,Tabu Search,19,0
751,Tabu Search,19,0
752,Tabu Search,19,0
753,Tabu Search,19,0
754,Tabu Search,19,0
755,Tabu Search,19,0
756,Tabu Search,19,0
757,Tabu Search,19,0
758,Tabu Search,19,0
759,Tabu Search,19,0
760,Tabu Search,19,0
761,Tabu Search,19,0
762,Tabu Search,19,0
763,Tabu Search,19,0
764,Tabu Search,19,0
765,Tabu Search,19,0
766,Tabu Search,19,0
767,Tabu Search,19,0
768,Tabu Search,19,0
769,Tabu Search,19,0
770,Tabu Search,19,0
771,Tabu Search,19,0
772,Tabu Search,19,0
773,Tabu Search,19,0
774,Tabu Search,19,0
775,Tabu Search,19,0
776,Tabu Search,19,0
777,Tabu Search,19,0
778,Tabu Search,19,0
779,Tabu Search,19,0
780,Tabu Search,19,0
781,Tabu Search,19,0
782,Tabu Search,19,0
783,Tabu Search,19,0
784,Tabu Search,19,0
785,Tabu Search,19,0
786,Tabu Search,19,0
787,Tabu Search,19,0
788,Tabu Search,19,0
789,Tabu Search,19,0
790,Tabu Search,19,0
791,Tabu Search,19,0
792,Tabu Search,19,0
793,Tabu Search,19,0
794,Tabu Search,19,0
795,Tabu Search,19,0
796,Tabu Search,19,0
797,Tabu Search,19,0
798,Tabu Search,19,0
799,Tabu Search,19,0
800,Tabu Search,19,0
801,Tabu Search,19,0
802,Tabu Search,19,0
803,Tabu Search,19,0
804,Tabu Search,19,0
805,Tabu Search,19,0
806,Tabu Search,19,0
807,Tabu Search,19,0
808,Tabu Search,19,0
809,Tabu Search,19,0
810,Tabu Search,19,0
811,Tabu Search,19,0
812,Tabu Search,19,0
813,Tabu Search,19,0
814,Tabu Search,19,0
815,Tabu Search,19,0
816,Tabu Search,19,0
817,Tabu Search,19,0
818,Tabu Search,19,0
819,Tabu Search,19,0
820,Tabu Search,19,0
821,Tabu Search,19,0
822,Tabu Search,19,0
823,Tabu Search,19,0
824,Tabu Search,19,0
825,Tabu Search,19,0
826,Tabu Search,19,0
827,Tabu Search,19,0
828,Tabu Search,19,0
829,Tabu Search,19,0
830,Tabu Search,19,0
831,Tabu Search,18,0
832,Tabu Search,18,0
833,Tabu Search,18,0
834,Tabu Search,18,0
835,Tabu Search,18,0
836,Tabu Search,18,0
837,Tabu Search,18,0
838,Tabu Search,18,0
839,Tabu Search,18,0
840,Tabu Search,18,0
841,Tabu Search,18,0
842,Tabu Search,18,0
843,Tabu Search,18,0
844,Tabu Search,18,0
845,Tabu Search,18,0
846,Tabu Search,18,0
847,Tabu Search,18,0
848,Tabu Search,18,0
849,Tabu Search,18,0
850,Tabu Search,18,0
851,Tabu Search,18,0
852,Tabu Search,18,0
853,Tabu Search,18,0
854,Tabu Search,18,0
855,Tabu Search,18,0
856,Tabu Search,18,0
857,Tabu Search,18,0
858,Tabu Search,18,0
859,Tabu Search,18,0
860,Tabu Search,18,0
861,Tabu Search,18,0
862,Tabu Search,18,0
863,Tabu Search,18,0
864,Tabu Search,18,0
865,Tabu Search,18,0
866,Tabu Search,18,0
867,Tabu Search,18,0
868,Tabu Search,18,0
869,Tabu Search,18,0
870,Tabu Search,18,0
871,Tabu Search,18,0
872,Tabu Search,18,0
873,Tabu Search,18,0
874,Tabu Search,18,0
875,Tabu Search,18,0
876,Tabu Search,18,0
877,Tabu Search,18,0
878,Tabu Search,18,0
879,Tabu Search,18,0
880,Tabu Search,18,0
881,Tabu Search,18,0
882,Tabu Search,18,0
883,Tabu Search,18,0
884,Tabu Search,18,0
885,Tabu Search,18,0
886,Tabu Search,18,0
887,Tabu Search,18,0
888,Tabu Search,18,0
889,Tabu Search,18,0
890,Tabu Search,18,0
891,Tabu Search,18,0
892,Tabu Search,18,0
893,Tabu Search,18,0
894,Tabu Search,18,0
895,Tabu Search,18,0
896,Tabu Search,18,0
897,Tabu Search,18,0
898,Tabu Search,18,0
899,Tabu Search,18,0
900,Tabu Search,18,0
901,Tabu Search,18,0
902,Tabu Search,18,0
903,Tabu Search,18,0
904,Tabu Search,18,0
905,Tabu Search,18,0
906,Tabu Search,18,0
907,Tabu Search,18,0
908,Tabu Search,18,0
909,Tabu Search,18,0
910,Tabu Search,18,0
911,Tabu Search,18,0
912,Tabu Search,18,0
913,Tabu Search,18,0
914,Tabu Search,18,0
915,Tabu Search,18,0
916,Tabu Search,18,0
917,Tabu Search,18,0
918,Tabu Search,18,0
919,Tabu Search,18,0
920,Tabu Search,18,0
921,Tabu Search,18,0
922,Tabu Search,18,0
923,Tabu Search,18,0
924,Tabu Search,18,0
925,Tabu Search,18,0
926,Tabu Search,18,0
927,Tabu Search,18,0
928,Tabu Search,18,0
929,Tabu Search,18,0
930,Tabu Search,18,0
931,Tabu Search,18,0
932,Tabu Search,18,0
933,Tabu Search,18,0
934,Tabu Search,18,0
935,Tabu Search,18,0
936,Tabu Search,18,0
937,Tabu Search,18,0
938,Tabu Search,18,0
939,Tabu Search,18,0
940,Tabu Search,18,0
941,Tabu Search,18,0
942,Tabu Search,18,0
943,Tabu Search,18,0
944,Tabu Search,18,0
945,Tabu Search,18,0
946,Tabu Search,18,0
947,Tabu Search,18,0
948,Tabu Search,18,0
949,Tabu Search,18,0
950,Tabu Search,18,0
951,Tabu Search,18,0
952,Tabu Search,18,0
953,Tabu Search,18,0
954,Tabu Search,18,0
955,Tabu Search,18,0
956,Tabu Search,18,0
957,Tabu Search,18,0
958,Tabu Search,18,0
959,Tabu Search,18,0
960,Tabu Search,18,0
961,Tabu Search,18,0
962,Tabu Search,18,0
963,Tabu Search,18,0
964,Tabu Search,18,0
965,Tabu Search,18,0
966,Tabu Search,18,0
967,Tabu Search,18,0
968,Tabu Search,18,0
969,Tabu Search,18,0
970,Tabu Search,18,0
971,Tabu Search,18,0
972,Tabu Search,18,0
973,Tabu Search,18,0
974,Tabu Search,18,0
975,Tabu Search,18,0
976,Tabu Search,18,0
977,Tabu Search,18,0
978,Tabu Search,18,0
979,Tabu Search,18,0
980,Tabu Search,18,0
981,Tabu Search,18,0
982,Tabu Search,18,0
983,Tabu Search,18,0
984,Tabu Search,18,0
985,Tabu Search,18,0
986,Tabu Search,18,0
987,Tabu Search,18,0
988,Tabu Search,18,0
989,Tabu Search,18,0
990,Tabu Search,18,0
991,Tabu Search,18,0
992,Tabu Search,18,0
993,Tabu Search,18,0
994,Tabu Search,18,0
995,Tabu Search,18,0
996,Tabu Search,18,0
997,Tabu Search,18,0
998,Tabu Search,18,0
999,Tabu Search,18,0
1000,Tabu Search,18,0
1001,Tabu Search,18,0
1002,Tabu Search,18,0
1003,Tabu Search,18,0
1004,Tabu Search,18,0
1005,Tabu Search,18,0
1006,Tabu Search,18,0
1007,Tabu Search,18,0
1008,Tabu Search,18,0
1009,Tabu Search,18,0
1010,Tabu Search,18,0
1011,Tabu Search,18,0
1012,Tabu Search,18,0
1013,Tabu Search,18,0
1014,Tabu Search,18,0
1015,Tabu Search,18,0
1016,Tabu Search,18,0
1017,Tabu Search,18,0
1018,Tabu Search,18,0
1019,Tabu Search,18,0
1020,Tabu Search,18,0
1021,Tabu Search,18,0
1022,Tabu Search,18,0
1023,Tabu Search,18,0
1024,Tabu Search,18,0
1025,Tabu Search,18,0
1026,Tabu Search,18,0
1027,Tabu Search,18,0
1028,Tabu Search,18,0
1029,Tabu Search,18,0
1030,Tabu Search,18,0
1031,Tabu Search,18,0
1032,Tabu Search,18,0
1033,Tabu Search,18,0
1034,Tabu Search,18,0
1035,Tabu Search,18,0
1036,Tabu Search,18,0
1037,Tabu Search,18,0
1038,Tabu Search,18,0
1039,Tabu Search,18,0
1040,Tabu Search,18,0
1041,Tabu Search,18,0
1042,Tabu Search,18,0
1043,Tabu Search,18,0
1044,Tabu Search,18,0
1045,Tabu Search,18,0
1046,Tabu Search,18,0
1047,Tabu Search,18,0
1048,Tabu Search,18,0
1049,Tabu Search,18,0
1050,Tabu Search,18,0
1051,Tabu Search,18,0
1052,Tabu Search,18,0
1053,Tabu Search,18,0
1054,Tabu Search,18,0
1055,Tabu Search,18,0
1056,Tabu Search,18,0
1057,Tabu Search,18,0
1058,Tabu Search,18,0
1059,Tabu Search,18,0
1060,Tabu Search,18,0
1061,Tabu Search,18,0
1062,Tabu Search,18,0
1063,Tabu Search,18,0
1064,Tabu Search,18,0
1065,Tabu Search,18,0
1066,Tabu Search,18,0
1067,Tabu Search,18,0
1068,Tabu Search,18,0
1069,Tabu Search,18,0
1070,Tabu Search,18,0
1071,Tabu Search,18,0
1072,Tabu Search,18,0
1073,Tabu Search,18,0
1074,Tabu Search,18,0
1075,Tabu Search,18,0
1076,Tabu Search,18,0
1077,Tabu Search,18,0
1078,Tabu Search,18,0
1079,Tabu Search,18,0
1080,Tabu Search,18,0
1081,Tabu Search,18,0
1082,Tabu Search,18,0
1083,Tabu Search,18,0
1084,Tabu Search,18,0
1085,Tabu Search,18,0
1086,Tabu Search,18,0
1087,Tabu Search,18,0
1088,Tabu Search,18,0
1089,Tabu Search,18,0
1090,Tabu Search,18,0
1091,Tabu Search,18,0
1092,Tabu Search,18,0
1093,Tabu Search,18,0
1094,Tabu Search,18,0
1095,Tabu Search,18,0
1096,Tabu Search,18,0
1097,Tabu Search,18,0
1098,Tabu Search,18,0
1099,Tabu Search,18,0
1100,Tabu Search,18,0
1101,Tabu Search,18,0
1102,Tabu Search,18,0
1103,Tabu Search,18,0
1104,Tabu Search,18,0
1105,Tabu Search,18,0
1106,Tabu Search,18,0
1107,Tabu Search,18,0
1108,Tabu Search,18,0
1109,Tabu Search,18,0
1110,Tabu Search,18,0
1111,Tabu Search,18,0
1112,Tabu Search,18,0
1113,Tabu Search,18,0
1114,Tabu Search,18,0
1115,Tabu Search,18,0
1116,Tabu Search,18,0
1117,Tabu Search,18,0
1118,Tabu Search,18,0
1119,Tabu Search,18,0
1120,Tabu Search,18,0
1121,Tabu Search,18,0
1122,Tabu Search,18,0
1123,Tabu Search,18,0
1124,Tabu Search,18,0
1125,Tabu Search,18,0
1126,Tabu Search,18,0
1127,Tabu Search,18,0
1128,Tabu Search,18,0
1129,Tabu Search,18,0
1130,Tabu Search,18,0
1131,Tabu Search,18,0
1132,Tabu Search,18,0
1133,Tabu Search,18,0
1134,Tabu Search,18,0
1135,Tabu Search,18,0
1136,Tabu Search,18,0
1137,Tabu Search,18,0
1138,Tabu Search,18,0
1139,Tabu Search,18,0
1140,Tabu Search,17,0
1141,Tabu Search,17,0
1142,Tabu Search,17,0
1143,Tabu Search,17,0
1144,Tabu Search,17,0
1145,Tabu Search,17,0
1146,Tabu Search,17,0
1147,Tabu Search,17,0
1148,Tabu Search,17,0
1149,Tabu Search,17,0
1150,Tabu Search,17,0
1151,Tabu Search,17,0
1152,Tabu Search,17,0
1153,Tabu Search,17,0
1154,Tabu Search,17,0
1155,Tabu Search,17,0
1156,Tabu Search,17,0
1157,Tabu Search,17,0
1158,Tabu Search,17,0
1159,Tabu Search,17,0
1160,Tabu Search,17,0
1161,Tabu Search,17,0
1162,Tabu Search,17,0
1163,Tabu Search,17,0
1164,Tabu Search,17,0
1165,Tabu Search,18,0
1166,Tabu Search,17,0
1167,Tabu Search,17,0
1168,Tabu Search,17,0
1169,Tabu Search,17,0
1170,Tabu Search,17,0
1171,Tabu Search,17,0
1172,Tabu Search,17,0
1173,Tabu Search,17,0
1174,Tabu Search,17,0
1175,Tabu Search,17,0
1176,Tabu Search,17,0
1177,Tabu Search,17,0
1178,Tabu Search,17,0
1179,Tabu Search,17,0
1180,Tabu Search,17,0
1181,Tabu Search,17,0
1182,Tabu Search,17,0
1183,Tabu Search,17,0
1184,Tabu Search,17,0
1185,Tabu Search,17,0
1186,Tabu Search,17,0
1187,Tabu Search,17,0
1188,Tabu Search,17,0
1189,Tabu Search,17,0
1190,Tabu Search,17,0
1191,Tabu Search,17,0
1192,Tabu Search,17,0
1193,Tabu Search,17,0
1194,Tabu Search,17,0
1195,Tabu Search,17,0
1196,Tabu Search,17,0
1197,Tabu Search,17,0
1198,Tabu Search,17,0
1199,Tabu Search,17,0
1200,Tabu Search,17,0
1201,Tabu Search,17,0
1202,Tabu Search,17,0
1203,Tabu Search,17,0
1204,Tabu Search,17,0
1205,Tabu Search,17,0
1206,Tabu Search,17,0
1207,Tabu Search,17,0
1208,Tabu Search,17,0
1209,Tabu Search,17,0
1210,Tabu Search,17,0
1211,Tabu Search,17,0
1212,Tabu Search,17,0
1213,Tabu Search,17,0
1214,Tabu Search,17,0
1215,Tabu Search,17,0
1216,Tabu Search,17,0
1217,Tabu Search,17,0
1218,Tabu Search,17,0
1219,Tabu Search,17,0
1220,Tabu Search,17,0
1221,Tabu Search,17,0
1222,Tabu Search,17,0
1223,Tabu Search,17,0
1224,Tabu Search,17,0
1225,Tabu Search,17,0
1226,Tabu Search,17,0
1227,Tabu Search,17,0
1228,Tabu Search,17,0
1229,Tabu Search,17,0
1230,Tabu Search,17,0
1231,Tabu Search,17,0
1232,Tabu Search,17,0
1233,Tabu Search,17,0
1234,Tabu Search,17,0
1235,Tabu Search,17,0
1236,Tabu Search,17,0
1237,Tabu Search,17,0
1238,Tabu Search,17,0
1239,Tabu Search,17,0
1240,Tabu Search,17,0
1241,Tabu Search,17,0
1242,Tabu Search,17,0
1243,Tabu Search,17,0
1244,Tabu Search,17,0
1245,Tabu Search,17,0
1246,Tabu Search,17,0
1247,Tabu Search,17,0
1248,Tabu Search,17,0
1249,Tabu Search,17,0
1250,Tabu Search,17,0
1251,Tabu Search,17,0
1252,Tabu Search,17,0
1253,Tabu Search,17,0
1254,Tabu Search,17,0
1255,Tabu Search,17,0
1256,Tabu Search,17,0
1257,Tabu Search,17,0
1258,Tabu Search,17,0
1259,Tabu Search,17,0
1260,Tabu Search,17,0
1261,Tabu Search,17,0
1262,Tabu Search,17,0
1263,Tabu Search,17,0
1264,Tabu Search,17,0
1265,Tabu Search,17,0
1266,Tabu Search,17,0
1267,Tabu Search,17,0
1268,Tabu Search,17,0
1269,Tabu Search,17,0
1270,Tabu Search,17,0
1271,Tabu Search,17,0
1272,Tabu Search,17,0
1273,Tabu Search,17,0
1274,Tabu Search,17,0
1275,Tabu Search,17,0
1276,Tabu Search,17,0
1277,Tabu Search,17,0
1278,Tabu Search,17,0
1279,Tabu Search,17,0
1280,Tabu Search,17,0
1281,Tabu Search,17,0
1282,Tabu Search,17,0
1283,Tabu Search,17,0
1284,Tabu Search,17,0
1285,Tabu Search,17,0
1286,Tabu Search,17,0
1287,Tabu Search,17,0
1288,Tabu Search,17,0
1289,Tabu Search,17,0
1290,Tabu Search,17,0
1291,Tabu Search,17,0
1292,Tabu Search,17,0
1293,Tabu Search,17,0
1294,Tabu Search,17,0
1295,Tabu Search,17,0
1296,Tabu Search,17,0
1297,Tabu Search,17,0
1298,Tabu Search,17,0
1299,Tabu Search,17,0
1300,Tabu Search,17,0
1301,Tabu Search,17,0
1302,Tabu Search,17,0
1303,Tabu Search,17,0
1304,Tabu Search,17,0
1305,Tabu Search,17,0
1306,Tabu Search,17,0
1307,Tabu Search,17,0
1308,Tabu Search,17,0
1309,Tabu Search,17,0
1310,Tabu Search,17,0
1311,Tabu Search,17,0
1312,Tabu Search,17,0
1313,Tabu Search,17,0
1314,Tabu Search,17,0
1315,Tabu Search,17,0
1316,Tabu Search,17,0
1317,Tabu Search,17,0
1318,Tabu Search,17,0
1319,Tabu Search,17,0
1320,Tabu Search,17,0
1321,Tabu Search,17,0
1322,Tabu Search,17,0
1323,Tabu Search,17,0
1324,Tabu Search,17,0
1325,Tabu Search,17,0
1326,Tabu Search,17,0
1327,Tabu Search,17,0
1328,Tabu Search,17,0
1329,Tabu Search,17,0
1330,Tabu Search,17,0
1331,Tabu Search,17,0
1332,Tabu Search,17,0
1333,Tabu Search,17,0
1334,Tabu Search,17,0
1335,Tabu Search,17,0
1336,Tabu Search,17,0
1337,Tabu Search,17,0
1338,Tabu Search,17,0
1339,Tabu Search,17,0
1340,Tabu Search,17,0
1341,Tabu Search,17,0
1342,Tabu Search,17,0
1343,Tabu Search,17,0
1344,Tabu Search,17,0
1345,Tabu Search,17,0
1346,Tabu Search,17,0
1347,Tabu Search,17,0
1348,Tabu Search,17,0
1349,Tabu Search,17,0
1350,Tabu Search,17,0
1351,Tabu Search,17,0
1352,Tabu Search,17,0
1353,Tabu Search,17,0
1354,Tabu Search,17,0
1355,Tabu Search,17,0
1356,Tabu Search,17,0
1357,Tabu Search,17,0
1358,Tabu Search,17,0
1359,Tabu Search,17,0
1360,Tabu Search,17,0
1361,Tabu Search,17,0
1362,Tabu Search,17,0
1363,Tabu Search,17,0
1364,Tabu Search,17,0
1365,Tabu Search,17,0
1366,Tabu Search,17,0
1367,Tabu Search,17,0
1368,Tabu Search,17,0
1369,Tabu Search,17,0
1370,Tabu Search,17,0
1371,Tabu Search,17,0
1372,Tabu Search,17,0
1373,Tabu Search,17,0
1374,Tabu Search,17,0
1375,Tabu Search,17,0
1376,Tabu Search,17,0
1377,Tabu Search,17,0
1378,Tabu Search,17,0
1379,Tabu Search,17,0
1380,Tabu Search,17,0
1381,Tabu Search,17,0
1382,Tabu Search,17,0
1383,Tabu Search,17,0
1384,Tabu Search,17,0
1385,Tabu Search,17,0
1386,Tabu Search,17,0
1387,Tabu Search,17,0
1388,Tabu Search,17,0
1389,Tabu Search,17,0
1390,Tabu Search,17,0
1391,Tabu Search,17,0
1392,Tabu Search,17,0
1393,Tabu Search,17,0
1394,Tabu Search,17,0
1395,Tabu Search,17,0
1396,Tabu Search,17,0
1397,Tabu Search,17,0
1398,Tabu Search,17,0
1399,Tabu Search,17,0
1400,Tabu Search,17,0
1401,Tabu Search,17,0
1402,Tabu Search,17,0
1403,Tabu Search,17,0
1404,Tabu Search,17,0
1405,Tabu Search,17,0
1406,Tabu Search,17,0
1407,Tabu Search,17,0
1408,Tabu Search,17,0
1409,Tabu Search,17,0
1410,Tabu Search,17,0
1411,Tabu Search,17,0
1412,Tabu Search,17,0
1413,Tabu Search,17,0
1414,Tabu Search,17,0
1415,Tabu Search,17,0
1416,Tabu Search,17,0
1417,Tabu Search,17,0
1418,Tabu Search,17,0
1419,Tabu Search,17,0
1420,Tabu Search,17,0
1421,Tabu Search,17,0
1422,Tabu Search,17,0
1423,Tabu Search,17,0
1424,Tabu Search,17,0
1425,Tabu Search,17,0
1426,Tabu Search,17,0
1427,Tabu Search,17,0
1428,Tabu Search,17,0
1429,Tabu Search,17,0
1430,Tabu Search,17,0
1431,Tabu Search,17,0
1432,Tabu Search,17,0
1433,Tabu Search,17,0
1434,Tabu Search,17,0
1435,Tabu Search,17,0
1436,Tabu Search,17,0
1437,Tabu Search,17,0
1438,Tabu Search,17,0
1439,Tabu Search,17,0
1440,Tabu Search,17,0
1441,Tabu Search,17,0
1442,Tabu Search,17,0
1443,Tabu Search,17,0
1444,Tabu Search,17,0
1445,Tabu Search,17,0
1446,Tabu Search,17,0
1447,Tabu Search,17,0
1448,Tabu Search,17,0
1449,Tabu Search,17,0
1450,Tabu Search,17,0
1451,Tabu Search,17,0
1452,Tabu Search,17,0
1453,Tabu Search,17,0
1454,Tabu Search,17,0
1455,Tabu Search,17,0
1456,Tabu Search,17,0
1457,Tabu Search,17,0
1458,Tabu Search,17,0
1459,Tabu Search,17,0
1460,Tabu Search,17,0
1461,Tabu Search,17,0
1462,Tabu Search,17,0
1463,Tabu Search,17,0
1464,Tabu Search,17,0
1465,Tabu Search,17,0
1466,Tabu Search,17,0
1467,Tabu Search,17,0
1468,Tabu Search,17,0
1469,Tabu Search,17,0
1470,Tabu Search,17,0
1471,Tabu Search,17,0
1472,Tabu Search,17,0
1473,Tabu Search,17,0
1474,Tabu Search,17,0
1475,Tabu Search,17,0
1476,Tabu Search,17,0
1477,Tabu Search,17,0
1478,Tabu Search,17,0
1479,Tabu Search,17,0
1480,Tabu Search,17,0
1481,Tabu Search,17,0
1482,Tabu Search,17,0
1483,Tabu Search,17,0
1484,Tabu Search,17,0
1485,Tabu Search,17,0
1486,Tabu Search,17,0
1487,Tabu Search,17,0
1488,Tabu Search,17,0
1489,Tabu Search,17,0
1490,Tabu Search,17,0
1491,Tabu Search,17,0
1492,Tabu Search,17,0
1493,Tabu Search,17,0
1494,Tabu Search,17,0
1495,Tabu Search,17,0
1496,Tabu Search,17,0
1497,Tabu Search,17,0
1498,Tabu Search,17,0
1499,Tabu Search,17,0
1500,Tabu Search,17,0
1501,Tabu Search,17,0
1502,Tabu Search,17,0
1503,Tabu Search,17,0
1504,Tabu Search,17,0
1505,Tabu Search,17,0
1506,Tabu Search,17,0
1507,Tabu Search,17,0
1508,Tabu Search,17,0
1509,Tabu Search,17,0
1510,Tabu Search,17,0
1511,Tabu Search,17,0
1512,Tabu Search,17,0
1513,Tabu Search,17,0
1514,Tabu Search,17,0
1515,Tabu Search,17,0
1516,Tabu Search,17,0
1517,Tabu Search,17,0
1518,Tabu Search,17,0
1519,Tabu Search,17,0
1520,Tabu Search,17,0
1521,Tabu Search,17,0
1522,Tabu Search,17,0
1523,Tabu Search,17,0
1524,Tabu Search,17,0
1525,Tabu Search,17,0
1526,Tabu Search,17,0
1527,Tabu Search,17,0
1528,Tabu Search,17,0
1529,Tabu Search,17,0
1530,Tabu Search,17,0
1531,Tabu Search,17,0
1532,Tabu Search,17,0
1533,Tabu Search,17,0
1534,Tabu Search,17,0
1535,Tabu Search,17,0
1536,Tabu Search,17,0
1537,Tabu Search,17,0
1538,Tabu Search,17,0
1539,Tabu Search,17,0
1540,Tabu Search,17,0
1541,Tabu Search,17,0
1542,Tabu Search,17,0
1543,Tabu Search,17,0
1544,Tabu Search,17,0
1545,Tabu Search,17,0
1546,Tabu Search,17,0
1547,Tabu Search,17,0
1548,Tabu Search,17,0
1549,Tabu Search,17,0
1550,Tabu Search,17,0
1551,Tabu Search,17,0
1552,Tabu Search,17,0
1553,Tabu Search,17,0
1554,Tabu Search,17,0
1555,Tabu Search,17,0
1556,Tabu Search,17,0
1557,Tabu Search,17,0
1558,Tabu Search,17,0
1559,Tabu Search,17,0
1560,Tabu Search,17,0
1561,Tabu Search,17,0
1562,Tabu Search,17,0
1563,Tabu Search,17,0
1564,Tabu Search,17,0
1565,Tabu Search,17,0
1566,Tabu Search,17,0
1567,Tabu Search,17,0
1568,Tabu Search,17,0
1569,Tabu Search,17,0
1570,Tabu Search,17,0
1571,Tabu Search,17,0
1572,Tabu Search,17,0
1573,Tabu Search,17,0
1574,Tabu Search,17,0
1575,Tabu Search,17,0
1576,Tabu Search,17,0
1577,Tabu Search,17,0
1578,Tabu Search,17,0
1579,Tabu Search,17,0
1580,Tabu Search,17,0
1581,Tabu Search,17,0
1582,Tabu Search,17,0
1583,Tabu Search,17,0
1584,Tabu Search,17,0
1585,Tabu Search,17,0
1586,Tabu Search,17,0
1587,Tabu Search,17,0
1588,Tabu Search,17,0
1589,Tabu Search,17,0
1590,Tabu Search,17,0
1591,Tabu Search,17,0
1592,Tabu Search,17,0
1593,Tabu Search,17,0
1594,Tabu Search,17,0
1595,Tabu Search,17,0
1596,Tabu Search,17,0
1597,Tabu Search,17,0
1598,Tabu Search,17,0
1599,Tabu Search,17,0
1600,Tabu Search,17,0
1601,Tabu Search,17,0
1602,Tabu Search,17,0
1603,Tabu Search,17,0
1604,Tabu Search,17,0
1605,Tabu Search,17,0
1606,Tabu Search,17,0
1607,Tabu Search,17,0
1608,Tabu Search,17,0
1609,Tabu Search,17,0
1610,Tabu Search,17,0
1611,Tabu Search,17,0
1612,Tabu Search,17,0
1613,Tabu Search,17,0
1614,Tabu Search,17,0
1615,Tabu Search,17,0
1616,Tabu Search,17,0
1617,Tabu Search,17,0
1618,Tabu Search,17,0
1619,Tabu Search,17,0
1620,Tabu Search,17,0
1621,Tabu Search,17,0
1622,Tabu Search,17,0
1623,Tabu Search,17,0
1624,Tabu Search,17,0
1625,Tabu Search,17,0
1626,Tabu Search,17,0
1627,Tabu Search,17,0
1628,Tabu Search,17,0
1629,Tabu Search,17,0
1630,Tabu Search,17,0
1631,Tabu Search,17,0
1632,Tabu Search,17,0
1633,Tabu Search,17,0
1634,Tabu Search,17,0
1635,Tabu Search,17,0
1636,Tabu Search,17,0
1637,Tabu Search,17,0
1638,Tabu Search,17,0
1639,Tabu Search,17,0
1640,Tabu Search,17,0
1641,Tabu Search,24,8358
1642,Tabu Search,25,8238
1643,Tabu Search,25,8113
1644,Tabu Search,25,7996
1645,Tabu Search,25,7876
1646,Tabu Search,25,7756
1647,Tabu Search,25,7636
1648,Tabu Search,25,7518
1649,Tabu Search,25,7405
1650,Tabu Search,25,7287
1651,Tabu Search,26,7161
1652,Tabu Search,26,7051
1653,Tabu Search,27,6937
1654,Tabu Search,27,6834
1655,Tabu Search,26,6703
1656,Tabu Search,25,6597
1657,Tabu Search,25,6483
1658,Tabu Search,25,6373
1659,Tabu Search,26,6261
1660,Tabu Search,25,6154
1661,Tabu Search,26,6040
1662,Tabu Search,26,5931
1663,Tabu Search,26,5823
1664,Tabu Search,26,5707
1665,Tabu Search,26,5598
1666,Tabu Search,26,5484
1667,Tabu Search,26,5372
1668,Tabu Search,25,5255
1669,Tabu Search,25,5163
1670,Tabu Search,25,5048
1671,Tabu Search,24,4945
1672,Tabu Search,24,4839
1673,Tabu Search,24,4751
1674,Tabu Search,24,4645
1675,Tabu Search,24,4564
1676,Tabu Search,24,4481
1677,Tabu Search,24,4377
1678,Tabu Search,25,4274
1679,Tabu Search,25,4180
1680,Tabu Search,24,4078
1681,Tabu Search,25,3982
1682,Tabu Search,25,3906
1683,Tabu Search,25,3816
1684,Tabu Search,25,3705
1685,Tabu Search,26,3602
1686,Tabu Search,26,3492
1687,Tabu Search,26,3436
1688,Tabu Search,26,3347
1689,Tabu Search,26,3253
1690,Tabu Search,26,3163
1691,Tabu Search,26,3088
1692,Tabu Search,27,3013
1693,Tabu Search,27,2946
1694,Tabu Search,27,2865
1695,Tabu Search,27,2772
1696,Tabu Search,28,2696
1697,Tabu Search,28,2617
1698,Tabu Search,28,2557
1699,Tabu Search,28,2491
1700,Tabu Search,28,2420
1701,Tabu Search,28,2363
1702,Tabu Search,28,2290
1703,Tabu Search,28,2229
1704,Tabu Search,28,2178
1705,Tabu Search,28,2124
1706,Tabu Search,28,2050
1707,Tabu Search,28,1998
1708,Tabu Search,28,1945
1709,Tabu Search,28,1885
1710,Tabu Search,28,1824
1711,Tabu Search,28,1765
1712,Tabu Search,28,1711
1713,Tabu Search,28,1657
1714,Tabu Search,28,1604
1715,Tabu Search,28,1547
1716,Tabu Search,28,1492
1717,Tabu Search,28,1438
1718,Tabu Search,28,1392
1719,Tabu Search,28,1345
1720,Tabu Search,28,1292
1721,Tabu Search,28,1242
1722,Tabu Search,28,1194
1723,Tabu Search,28,1143
1724,Tabu Search,28,1098
1725,Tabu Search,28,1047
1726,Tabu Search,28,1002
1727,Tabu Search,28,950
1728,Tabu Search,28,906
1729,Tabu Search,28,859
1730,Tabu Search,28,807
1731,Tabu Search,28,762
1732,Tabu Search,28,711
1733,Tabu Search,28,669
1734,Tabu Search,28,627
1735,Tabu Search,28,577
1736,Tabu Search,27,534
1737,Tabu Search,27,497
1738,Tabu Search,27,449
1739,Tabu Search,27,415
1740,Tabu Search,27,395
1741,Tabu Search,27,385
1742,Tabu Search,26,336
1743,Tabu Search,26,293
1744,Tabu Search,27,251
1745,Tabu Search,27,244
1746,Tabu Search,27,216
1747,Tabu Search,27,208
1748,Tabu Search,27,200
1749,Tabu Search,27,157
1750,Tabu Search,27,151
1751,Tabu Search,27,109
1752,Tabu Search,27,99
1753,Tabu Search,28,92
1754,Tabu Search,29,87
1755,Tabu Search,29,81
1756,Tabu Search,29,78
1757,Tabu Search,29,72
1758,Tabu Search,29,68
1759,Tabu Search,29,59
1760,Tabu Search,28,55
1761,Tabu Search,28,52
1762,Tabu Search,29,48
1763,Tabu Search,29,44
1764,Tabu Search,29,41
1765,Tabu Search,29,38
1766,Tabu Search,29,36
1767,Tabu Search,29,34
1768,Tabu Search,28,33
1769,Tabu Search,28,32
1770,Tabu Search,28,14
1771,Tabu Search,28,10
1772,Tabu Search,29,9
1773,Tabu Search,29,9
1774,Tabu Search,28,8
1775,Tabu Search,28,7
1776,Tabu Search,28,7
1777,Tabu Search,28,7
1778,Tabu Search,29,6
1779,Tabu Search,29,5
1780,Tabu Search,29,4
1781,Tabu Search,29,4
1782,Tabu Search,29,4
1783,Tabu Search,29,3
1784,Tabu Search,29,3
1785,Tabu Search,29,3
1786,Tabu Search,29,3
1787,Tabu Search,29,2
1788,Tabu Search,29,2
1789,Tabu Search,29,2
1790,Tabu Search,29,2
1791,Tabu Search,29,1
1792,Tabu Search,29,1
1793,Tabu Search,29,1
1794,Tabu Search,29,1
1795,Tabu Search,29,1
1796,Tabu Search,29,0
1797,Tabu Search,28,0
1798,Tabu Search,28,0
1799,Tabu Search,28,0
1800,Tabu Search,28,0
1801,Tabu Search,28,0
1802,Tabu Search,28,0
1803,Tabu Search,27,0
1804,Tabu Search,27,0
1805,Tabu Search,27,0
1806,Tabu Search,27,0
1807,Tabu Search,27,0
1808,Tabu Search,27,0
1809,Tabu Search,27,0
1810,Tabu Search,27,0
1811,Tabu Search,27,0
1812,Tabu Search,27,0
1813,Tabu Search,27,0
1814,Tabu Search,26,0
1815,Tabu Search,26,0
1816,Tabu Search,26,0
1817,Tabu Search,26,0
1818,Tabu Search,26,0
1819,Tabu Search,26,0
1820,Tabu Search,26,0
1821,Tabu Search,26,0
1822,Tabu Search,26,0
1823,Tabu Search,26,0
1824,Tabu Search,26,0
1825,Tabu Search,26,0
1826,Tabu Search,26,0
1827,Tabu Search,26,0
1828,Tabu Search,26,0
1829,Tabu Search,26,0
1830,Tabu Search,26,0
1831,Tabu Search,25,0
1832,Tabu Search,25,0
1833,Tabu Search,25,0
1834,Tabu Search,25,0
1835,Tabu Search,25,0
1836,Tabu Search,25,0
1837,Tabu Search,25,0
1838,Tabu Search,25,0
1839,Tabu Search,25,0
1840,Tabu Search,25,0
1841,Tabu Search,25,0
1842,Tabu Search,25,0
1843,Tabu Search,25,0
1844,Tabu Search,25,0
1845,Tabu Search,25,0
1846,Tabu Search,25,0
1847,Tabu Search,25,0
1848,Tabu Search,25,0
1849,Tabu Search,25,0
1850,Tabu Search,25,0
1851,Tabu Search,25,0
1852,Tabu Search,25,0
1853,Tabu Search,25,0
1854,Tabu Search,25,0
1855,Tabu Search,25,0
1856,Tabu Search,25,0
1857,Tabu Search,25,0
1858,Tabu Search,25,0
1859,Tabu Search,25,0
1860,Tabu Search,25,0
1861,Tabu Search,25,0
1862,Tabu Search,24,0
1863,Tabu Search,24,0
1864,Tabu Search,24,0
1865,Tabu Search,24,0
1866,Tabu Search,24,0
1867,Tabu Search,24,0
1868,Tabu Search,24,0
1869,Tabu Search,24,0
1870,Tabu Search,24,0
1871,Tabu Search,24,0
1872,Tabu Search,24,0
1873,Tabu Search,24,0
1874,Tabu Search,24,0
1875,Tabu Search,24,0
1876,Tabu Search,24,0
1877,Tabu Search,24,0
1878,Tabu Search,24,0
1879,Tabu Search,24,0
1880,Tabu Search,24,0
1881,Tabu Search,24,0
1882,Tabu Search,24,0
1883,Tabu Search,24,0
1884,Tabu Search,24,0
1885,Tabu Search,24,0
1886,Tabu Search,24,0
1887,Tabu Search,24,0
1888,Tabu Search,24,0
1889,Tabu Search,24,0
1890,Tabu Search,24,0
1891,Tabu Search,24,0
1892,Tabu Search,24,0
1893,Tabu Search,24,0
1894,Tabu Search,24,0
1895,Tabu Search,24,0
1896,Tabu Search,24,0
1897,Tabu Search,24,0
1898,Tabu Search,24,0
1899,Tabu Search,24,0
1900,Tabu Search,24,0
1901,Tabu Search,24,0
1902,Tabu Search,24,0
1903,Tabu Search,24,0
1904,Tabu Search,24,0
1905,Tabu Search,24,0
1906,Tabu Search,24,0
1907,Tabu Search,24,0
1908,Tabu Search,24,0
1909,Tabu Search,24,0
1910,Tabu Search,23,0
1911,Tabu Search,23,0
1912,Tabu Search,23,0
1913,Tabu Search,23,0
1914,Tabu Search,23,0
1915,Tabu Search,23,0
1916,Tabu Search,23,0
1917,Tabu Search,23,0
1918,Tabu Search,23,0
1919,Tabu Search,23,0
1920,Tabu Search,23,0
1921,Tabu Search,23,0
1922,Tabu Search,23,0
1923,Tabu Search,23,0
1924,Tabu Search,23,0
1925,Tabu Search,23,0
1926,Tabu Search,23,0
1927,Tabu Search,23,0
1928,Tabu Search,23,0
1929,Tabu Search,23,0
1930,Tabu Search,23,0
1931,Tabu Search,23,0
1932,Tabu Search,23,0
1933,Tabu Search,23,0
1934,Tabu Search,23,0
1935,Tabu Search,23,0
1936,Tabu Search,23,0
1937,Tabu Search,23,0
1938,Tabu Search,23,0
1939,Tabu Search,23,0
1940,Tabu Search,23,0
1941,Tabu Search,23,0
1942,Tabu Search,23,0
1943,Tabu Search,23,0
1944,Tabu Search,23,0
1945,Tabu Search,23,0
1946,Tabu Search,23,0
1947,Tabu Search,23,0
1948,Tabu Search,23,0
1949,Tabu Search,23,0
1950,Tabu Search,23,0
1951,Tabu Search,23,0
1952,Tabu Search,23,0
1953,Tabu Search,23,0
1954,Tabu Search,23,0
1955,Tabu Search,23,0
1956,Tabu Search,23,0
1957,Tabu Search,23,0
1958,Tabu Search,23,0
1959,Tabu Search,23,0
1960,Tabu Search,23,0
1961,Tabu Search,23,0
1962,Tabu Search,23,0
1963,Tabu Search,23,0
1964,Tabu Search,23,0
1965,Tabu Search,23,0
1966,Tabu Search,23,0
1967,Tabu Search,23,0
1968,Tabu Search,23,0
1969,Tabu Search,23,0
1970,Tabu Search,23,0
1971,Tabu Search,23,0
1972,Tabu Search,23,0
1973,Tabu Search,23,0
1974,Tabu Search,23,0
1975,Tabu Search,23,0
1976,Tabu Search,23,0
1977,Tabu Search,23,0
1978,Tabu Search,22,0
1979,Tabu Search,22,0
1980,Tabu Search,22,0
1981,Tabu Search,22,0
1982,Tabu Search,22,0
1983,Tabu Search,22,0
1984,Tabu Search,22,0
1985,Tabu Search,22,0
1986,Tabu Search,22,0
1987,Tabu Search,22,0
1988,Tabu Search,22,0
1989,Tabu Search,22,0
1990,Tabu Search,22,0
1991,Tabu Search,22,0
1992,Tabu Search,22,0
1993,Tabu Search,22,0
1994,Tabu Search,22,0
1995,Tabu Search,22,0
1996,Tabu Search,22,0
1997,Tabu Search,22,0
1998,Tabu Search,22,0
1999,Tabu Search,22,0
2000,Tabu Search,22,0
2001,Tabu Search,22,0
2002,Tabu Search,22,0
2003,Tabu Search,22,0
2004,Tabu Search,22,0
2005,Tabu Search,22,0
2006,Tabu Search,22,0
2007,Tabu Search,22,0
2008,Tabu Search,22,0
2009,Tabu Search,22,0
2010,Tabu Search,22,0
2011,Tabu Search,22,0
2012,Tabu Search,22,0
2013,Tabu Search,22,0
2014,Tabu Search,22,0
2015,Tabu Search,22,0
2016,Tabu Search,22,0
2017,Tabu Search,22,0
2018,Tabu Search,22,0
2019,Tabu Search,22,0
2020,Tabu Search,22,0
2021,Tabu Search,22,0
2022,Tabu Search,22,0
2023,Tabu Search,22,0
2024,Tabu Search,22,0
2025,Tabu Search,22,0
2026,Tabu Search,22,0
2027,Tabu Search,22,0
2028,Tabu Search,22,0
2029,Tabu Search,22,0
2030,Tabu Search,22,0
2031,Tabu Search,22,0
2032,Tabu Search,22,0
2033,Tabu Search,22,0
2034,Tabu Search,22,0
2035,Tabu Search,22,0
2036,Tabu Search,22,0
2037,Tabu Search,22,0
2038,Tabu Search,22,0
2039,Tabu Search,22,0
2040,Tabu Search,22,0
2041,Tabu Search,22,0
2042,Tabu Search,22,0
2043,Tabu Search,22,0
2044,Tabu Search,22,0
2045,Tabu Search,22,0
2046,Tabu Search,22,0
2047,Tabu Search,22,0
2048,Tabu Search,22,0
2049,Tabu Search,22,0
2050,Tabu Search,22,0
2051,Tabu Search,22,0
2052,Tabu Search,22,0
2053,Tabu Search,22,0
2054,Tabu Search,22,0
2055,Tabu Search,22,0
2056,Tabu Search,22,0
2057,Tabu Search,22,0
2058,Tabu Search,22,0
2059,Tabu Search,22,0
2060,Tabu Search,22,0
2061,Tabu Search,22,0
2062,Tabu Search,22,0
2063,Tabu Search,22,0
2064,Tabu Search,22,0
2065,Tabu Search,22,0
2066,Tabu Search,22,0
2067,Tabu Search,22,0
2068,Tabu Search,21,0
2069,Tabu Search,21,0
2070,Tabu Search,21,0
2071,Tabu Search,21,0
2072,Tabu Search,21,0
2073,Tabu Search,21,0
2074,Tabu Search,21,0
2075,Tabu Search,21,0
2076,Tabu Search,21,0
2077,Tabu Search,21,0
2078,Tabu Search,21,0
2079,Tabu Search,21,0
2080,Tabu Search,21,0
2081,Tabu Search,21,0
2082,Tabu Search,21,0
2083,Tabu Search,21,0
2084,Tabu Search,21,0
2085,Tabu Search,21,0
2086,Tabu Search,21,0
2087,Tabu Search,21,0
2088,Tabu Search,21,0
2089,Tabu Search,21,0
2090,Tabu Search,21,0
2091,Tabu Search,21,0
2092,Tabu Search,21,0
2093,Tabu Search,21,0
2094,Tabu Search,21,0
2095,Tabu Search,21,0
2096,Tabu Search,21,0
2097,Tabu Search,21,0
2098,Tabu Search,21,0
2099,Tabu Search,21,0
2100,Tabu Search,21,0
2101,Tabu Search,21,0
2102,Tabu Search,21,0
2103,Tabu Search,21,0
2104,Tabu Search,21,0
2105,Tabu Search,21,0
2106,Tabu Search,21,0
2107,Tabu Search,21,0
2108,Tabu Search,21,0
2109,Tabu Search,21,0
2110,Tabu Search,21,0
2111,Tabu Search,21,0
2112,Tabu Search,21,0
2113,Tabu Search,21,0
2114,Tabu Search,21,0
2115,Tabu Search,21,0
2116,Tabu Search,21,0
2117,Tabu Search,21,0
2118,Tabu Search,21,0
2119,Tabu Search,21,0
2120,Tabu Search,21,0
2121,Tabu Search,21,0
2122,Tabu Search,21,0
2123,Tabu Search,21,0
2124,Tabu Search,21,0
2125,Tabu Search,21,0
2126,Tabu Search,21,0
2127,Tabu Search,21,0
2128,Tabu Search,21,0
2129,Tabu Search,21,0
2130,Tabu Search,21,0
2131,Tabu Search,21,0
2132,Tabu Search,21,0
2133,Tabu Search,21,0
2134,Tabu Search,21,0
2135,Tabu Search,21,0
2136,Tabu Search,21,0
2137,Tabu Search,21,0
2138,Tabu Search,21,0
2139,Tabu Search,21,0
2140,Tabu Search,21,0
2141,Tabu Search,21,0
2142,Tabu Search,21,0
2143,Tabu Search,21,0
2144,Tabu Search,21,0
2145,Tabu Search,21,0
2146,Tabu Search,21,0
2147,Tabu Search,21,0
2148,Tabu Search,21,0
2149,Tabu Search,21,0
2150,Tabu Search,21,0
2151,Tabu Search,21,0
2152,Tabu Search,21,0
2153,Tabu Search,21,0
2154,Tabu Search,21,0
2155,Tabu Search,21,0
2156,Tabu Search,21,0
2157,Tabu Search,21,0
2158,Tabu Search,21,0
2159,Tabu Search,21,0
2160,Tabu Search,21,0
2161,Tabu Search,21,0
2162,Tabu Search,21,0
2163,Tabu Search,21,0
2164,Tabu Search,21,0
2165,Tabu Search,21,0
2166,Tabu Search,21,0
2167,Tabu Search,21,0
2168,Tabu Search,21,0
2169,Tabu Search,21,0
2170,Tabu Search,21,0
2171,Tabu Search,21,0
2172,Tabu Search,21,0
2173,Tabu Search,21,0
2174,Tabu Search,21,0
2175,Tabu Search,21,0
2176,Tabu Search,21,0
2177,Tabu Search,21,0
2178,Tabu Search,21,0
2179,Tabu Search,21,0
2180,Tabu Search,21,0
2181,Tabu Search,21,0
2182,Tabu Search,21,0
2183,Tabu Search,20,0
2184,Tabu Search,20,0
2185,Tabu Search,20,0
2186,Tabu Search,20,0
2187,Tabu Search,20,0
2188,Tabu Search,20,0
2189,Tabu Search,20,0
2190,Tabu Search,20,0
2191,Tabu Search,20,0
2192,Tabu Search,20,0
2193,Tabu Search,20,0
2194,Tabu Search,20,0
2195,Tabu Search,20,0
2196,Tabu Search,20,0
2197,Tabu Search,20,0
2198,Tabu Search,20,0
2199,Tabu Search,20,0
2200,Tabu Search,20,0
2201,Tabu Search,20,0
2202,Tabu Search,20,0
2203,Tabu Search,20,0
2204,Tabu Search,20,0
2205,Tabu Search,20,0
2206,Tabu Search,20,0
2207,Tabu Search,20,0
2208,Tabu Search,20,0
2209,Tabu Search,20,0
2210,Tabu Search,20,0
2211,Tabu Search,20,0
2212,Tabu Search,20,0
2213,Tabu Search,20,0
2214,Tabu Search,20,0
2215,Tabu Search,20,0
2216,Tabu Search,20,0
2217,Tabu Search,20,0
2218,Tabu Search,20,0
2219,Tabu Search,20,0
2220,Tabu Search,20,0
2221,Tabu Search,20,0
2222,Tabu Search,20,0
2223,Tabu Search,20,0
2224,Tabu Search,20,0
2225,Tabu Search,20,0
2226,Tabu Search,20,0
2227,Tabu Search,20,0
2228,Tabu Search,20,0
2229,Tabu Search,20,0
2230,Tabu Search,20,0
2231,Tabu Search,20,0
2232,Tabu Search,20,0
2233,Tabu Search,20,0
2234,Tabu Search,20,0
2235,Tabu Search,20,0
2236,Tabu Search,20,0
2237,Tabu Search,20,0
2238,Tabu Search,20,0
2239,Tabu Search,20,0
2240,Tabu Search,20,0
2241,Tabu Search,20,0
2242,Tabu Search,20,0
2243,Tabu Search,20,0
2244,Tabu Search,20,0
2245,Tabu Search,20,0
2246,Tabu Search,20,0
2247,Tabu Search,20,0
2248,Tabu Search,20,0
2249,Tabu Search,20,0
2250,Tabu Search,20,0
2251,Tabu Search,20,0
2252,Tabu Search,20,0
2253,Tabu Search,20,0
2254,Tabu Search,20,0
2255,Tabu Search,20,0
2256,Tabu Search,20,0
2257,Tabu Search,20,0
2258,Tabu Search,20,0
2259,Tabu Search,20,0
2260,Tabu Search,20,0
2261,Tabu Search,20,0
2262,Tabu Search,20,0
2263,Tabu Search,20,0
2264,Tabu Search,20,0
2265,Tabu Search,20,0
2266,Tabu Search,20,0
2267,Tabu Search,20,0
2268,Tabu Search,20,0
2269,Tabu Search,20,0
2270,Tabu Search,20,0
2271,Tabu Search,20,0
2272,Tabu Search,20,0
2273,Tabu Search,20,0
2274,Tabu Search,20,0
2275,Tabu Search,20,0
2276,Tabu Search,20,0
2277,Tabu Search,20,0
2278,Tabu Search,20,0
2279,Tabu Search,20,0
2280,Tabu Search,20,0
2281,Tabu Search,20,0
2282,Tabu Search,20,0
2283,Tabu Search,20,0
2284,Tabu Search,20,0
2285,Tabu Search,20,0
2286,Tabu Search,20,0
2287,Tabu Search,20,0
2288,Tabu Search,20,0
2289,Tabu Search,20,0
2290,Tabu Search,20,0
2291,Tabu Search,20,0
2292,Tabu Search,20,0
2293,Tabu Search,20,0
2294,Tabu Search,20,0
2295,Tabu Search,20,0
2296,Tabu Search,20,0
2297,Tabu Search,20,0
2298,Tabu Search,20,0
2299,Tabu Search,20,0
2300,Tabu Search,20,0
2301,Tabu Search,20,0
2302,Tabu Search,20,0
2303,Tabu Search,20,0
2304,Tabu Search,20,0
2305,Tabu Search,20,0
2306,Tabu Search,20,0
2307,Tabu Search,20,0
2308,Tabu Search,20,0
2309,Tabu Search,20,0
2310,Tabu Search,20,0
2311,Tabu Search,20,0
2312,Tabu Search,20,0
2313,Tabu Search,20,0
2314,Tabu Search,20,0
2315,Tabu Search,20,0
2316,Tabu Search,20,0
2317,Tabu Search,20,0
2318,Tabu Search,20,0
2319,Tabu Search,20,0
2320,Tabu Search,20,0
2321,Tabu Search,20,0
2322,Tabu Search,20,0
2323,Tabu Search,20,0
2324,Tabu Search,20,0
2325,Tabu Search,20,0
2326,Tabu Search,20,0
2327,Tabu Search,20,0
2328,Tabu Search,20,0
2329,Tabu Search,20,0
2330,Tabu Search,20,0
2331,Tabu Search,20,0
2332,Tabu Search,20,0
2333,Tabu Search,20,0
2334,Tabu Search,20,0
2335,Tabu Search,20,0
2336,Tabu Search,20,0
2337,Tabu Search,20,0
2338,Tabu Search,20,0
2339,Tabu Search,20,0
2340,Tabu Search,19,0
2341,Tabu Search,19,0
2342,Tabu Search,19,0
2343,Tabu Search,19,0
2344,Tabu Search,19,0
2345,Tabu Search,19,0
2346,Tabu Search,19,0
2347,Tabu Search,19,0
2348,Tabu Search,19,0
2349,Tabu Search,19,0
2350,Tabu Search,19,0
2351,Tabu Search,19,0
2352,Tabu Search,19,0
2353,Tabu Search,19,0
2354,Tabu Search,19,0
2355,Tabu Search,19,0
2356,Tabu Search,19,0
2357,Tabu Search,19,0
2358,Tabu Search,19,0
2359,Tabu Search,19,0
2360,Tabu Search,19,0
2361,Tabu Search,19,0
2362,Tabu Search,19,0
2363,Tabu Search,19,0
2364,Tabu Search,19,0
2365,Tabu Search,19,0
2366,Tabu Search,19,0
2367,Tabu Search,19,0
2368,Tabu Search,19,0
2369,Tabu Search,19,0
2370,Tabu Search,19,0
2371,Tabu Search,19,0
2372,Tabu Search,19,0
2373,Tabu Search,19,0
2374,Tabu Search,19,0
2375,Tabu Search,19,0
2376,Tabu Search,19,0
2377,Tabu Search,19,0
2378,Tabu Search,19,0
2379,Tabu Search,19,0
2380,Tabu Search,19,0
2381,Tabu Search,19,0
2382,Tabu Search,19,0
2383,Tabu Search,19,0
2384,Tabu Search,19,0
2385,Tabu Search,19,0
2386,Tabu Search,19,0
2387,Tabu Search,19,0
2388,Tabu Search,19,0
2389,Tabu Search,19,0
2390,Tabu Search,19,0
2391,Tabu Search,19,0
2392,Tabu Search,19,0
2393,Tabu Search,19,0
2394,Tabu Search,19,0
2395,Tabu Search,19,0
2396,Tabu Search,19,0
2397,Tabu Search,19,0
2398,Tabu Search,19,0
2399,Tabu Search,19,0
2400,Tabu Search,19,0
2401,Tabu Search,19,0
2402,Tabu Search,19,0
2403,Tabu Search,19,0
2404,Tabu Search,19,0
2405,Tabu Search,19,0
2406,Tabu Search,19,0
2407,Tabu Search,19,0
2408,Tabu Search,19,0
2409,Tabu Search,19,0
2410,Tabu Search,19,0
2411,Tabu Search,19,0
2412,Tabu Search,19,0
2413,Tabu Search,19,0
2414,Tabu Search,19,0
2415,Tabu Search,19,0
2416,Tabu Search,19,0
2417,Tabu Search,19,0
2418,Tabu Search,19,0
2419,Tabu Search,19,0
2420,Tabu Search,19,0
2421,Tabu Search,19,0
2422,Tabu Search,19,0
2423,Tabu Search,19,0
2424,Tabu Search,19,0
2425,Tabu Search,19,0
2426,Tabu Search,19,0
2427,Tabu Search,19,0
2428,Tabu Search,19,0
2429,Tabu Search,19,0
2430,Tabu Search,19,0
2431,Tabu Search,19,0
2432,Tabu Search,19,0
2433,Tabu Search,19,0
2434,Tabu Search,19,0
2435,Tabu Search,19,0
2436,Tabu Search,19,0
2437,Tabu Search,19,0
2438,Tabu Search,19,0
2439,Tabu Search,19,0
2440,Tabu Search,19,0
2441,Tabu Search,19,0
2442,Tabu Search,19,0
2443,Tabu Search,19,0
2444,Tabu Search,19,0
2445,Tabu Search,19,0
2446,Tabu Search,19,0
2447,Tabu Search,19,0
2448,Tabu Search,19,0
2449,Tabu Search,19,0
2450,Tabu Search,19,0
2451,Tabu Search,19,0
2452,Tabu Search,19,0
2453,Tabu Search,19,0
2454,Tabu Search,19,0
2455,Tabu Search,19,0
2456,Tabu Search,19,0
2457,Tabu Search,19,0
2458,Tabu Search,19,0
2459,Tabu Search,19,0
2460,Tabu Search,19,0
2461,Tabu Search,19,0
2462,Tabu Search,19,0
2463,Tabu Search,19,0
2464,Tabu Search,19,0
2465,Tabu Search,19,0
2466,Tabu Search,19,0
2467,Tabu Search,19,0
2468,Tabu Search,19,0
2469,Tabu Search,19,0
2470,Tabu Search,19,0
2471,Tabu Search,19,0
2472,Tabu Search,19,0
2473,Tabu Search,19,0
2474,Tabu Search,19,0
2475,Tabu Search,19,0
2476,Tabu Search,19,0
2477,Tabu Search,19,0
2478,Tabu Search,19,0
2479,Tabu Search,19,0
2480,Tabu Search,19,0
2481,Tabu Search,19,0
2482,Tabu Search,19,0
2483,Tabu Search,19,0
2484,Tabu Search,19,0
2485,Tabu Search,19,0
2486,Tabu Search,19,0
2487,Tabu Search,19,0
2488,Tabu Search,19,0
2489,Tabu Search,19,0
2490,Tabu Search,19,0
2491,Tabu Search,19,0
2492,Tabu Search,19,0
2493,Tabu Search,19,0
2494,Tabu Search,19,0
2495,Tabu Search,19,0
2496,Tabu Search,19,0
2497,Tabu Search,19,0
2498,Tabu Search,19,0
2499,Tabu Search,19,0
2500,Tabu Search,19,0
2501,Tabu Search,19,0
2502,Tabu Search,19,0
2503,Tabu Search,19,0
2504,Tabu Search,19,0
2505,Tabu Search,19,0
2506,Tabu Search,19,0
2507,Tabu Search,19,0
2508,Tabu Search,19,0
2509,Tabu Search,19,0
2510,Tabu Search,19,0
2511,Tabu Search,19,0
2512,Tabu Search,19,0
2513,Tabu Search,19,0
2514,Tabu Search,19,0
2515,Tabu Search,19,0
2516,Tabu Search,19,0
2517,Tabu Search,19,0
2518,Tabu Search,19,0
2519,Tabu Search,19,0
2520,Tabu Search,19,0
2521,Tabu Search,19,0
2522,Tabu Search,19,0
2523,Tabu Search,19,0
2524,Tabu Search,19,0
2525,Tabu Search,19,0
2526,Tabu Search,19,0
2527,Tabu Search,19,0
2528,Tabu Search,19,0
2529,Tabu Search,19,0
2530,Tabu Search,19,0
2531,Tabu Search,19,0
2532,Tabu Search,19,0
2533,Tabu Search,19,0
2534,Tabu Search,19,0
2535,Tabu Search,19,0
2536,Tabu Search,19,0
2537,Tabu Search,19,0
2538,Tabu Search,19,0
2539,Tabu Search,19,0
2540,Tabu Search,19,0
2541,Tabu Search,19,0
2542,Tabu Search,18,0
2543,Tabu Search,18,0
2544,Tabu Search,18,0
2545,Tabu Search,18,0
2546,Tabu Search,18,0
2547,Tabu Search,18,0
2548,Tabu Search,18,0
2549,Tabu Search,18,0
2550,Tabu Search,18,0
2551,Tabu Search,18,0
2552,Tabu Search,18,0
2553,Tabu Search,18,0
2554,Tabu Search,18,0
2555,Tabu Search,18,0
2556,Tabu Search,18,0
2557,Tabu Search,18,0
2558,Tabu Search,18,0
2559,Tabu Search,18,0
2560,Tabu Search,18,0
2561,Tabu Search,18,0
2562,Tabu Search,18,0
2563,Tabu Search,18,0
2564,Tabu Search,18,0
2565,Tabu Search,18,0
2566,Tabu Search,18,0
2567,Tabu Search,18,0
2568,Tabu Search,18,0
2569,Tabu Search,18,0
2570,Tabu Search,18,0
2571,Tabu Search,18,0
2572,Tabu Search,18,0
2573,Tabu Search,18,0
2574,Tabu Search,18,0
2575,Tabu Search,18,0
2576,Tabu Search,18,0
2577,Tabu Search,18,0
2578,Tabu Search,18,0
2579,Tabu Search,18,0
2580,Tabu Search,18,0
2581,Tabu Search,18,0
2582,Tabu Search,18,0
2583,Tabu Search,18,0
2584,Tabu Search,18,0
2585,Tabu Search,18,0
2586,Tabu Search,18,0
2587,Tabu Search,18,0
2588,Tabu Search,18,0
2589,Tabu Search,18,0
2590,Tabu Search,18,0
2591,Tabu Search,18,0
2592,Tabu Search,18,0
2593,Tabu Search,18,0
2594,Tabu Search,18,0
2595,Tabu Search,18,0
2596,Tabu Search,18,0
2597,Tabu Search,18,0
2598,Tabu Search,18,0
2599,Tabu Search,18,0
2600,Tabu Search,18,0
2601,Tabu Search,18,0
2602,Tabu Search,18,0
2603,Tabu Search,18,0
2604,Tabu Search,18,0
2605,Tabu Search,18,0
2606,Tabu Search,18,0
2607,Tabu Search,18,0
2608,Tabu Search,18,0
2609,Tabu Search,18,0
2610,Tabu Search,18,0
2611,Tabu Search,18,0
2612,Tabu Search,18,0
2613,Tabu Search,18,0
2614,Tabu Search,18,0
2615,Tabu Search,18,0
2616,Tabu Search,18,0
2617,Tabu Search,18,0
2618,Tabu Search,18,0
2619,Tabu Search,18,0
2620,Tabu Search,18,0
2621,Tabu Search,18,0
2622,Tabu Search,18,0
2623,Tabu Search,18,0
2624,Tabu Search,18,0
2625,Tabu Search,18,0
2626,Tabu Search,18,0
2627,Tabu Search,18,0
2628,Tabu Search,18,0
2629,Tabu Search,18,0
2630,Tabu Search,18,0
2631,Tabu Search,18,0
2632,Tabu Search,18,0
2633,Tabu Search,18,0
2634,Tabu Search,18,0
2635,Tabu Search,18,0
2636,Tabu Search,18,0
2637,Tabu Search,18,0
2638,Tabu Search,18,0
2639,Tabu Search,18,0
2640,Tabu Search,18,0
2641,Tabu Search,18,0
2642,Tabu Search,18,0
2643,Tabu Search,18,0
2644,Tabu Search,18,0
2645,Tabu Search,18,0
2646,Tabu Search,18,0
2647,Tabu Search,18,0
2648,Tabu Search,18,0
2649,Tabu Search,18,0
2650,Tabu Search,18,0
2651,Tabu Search,18,0
2652,Tabu Search,18,0
2653,Tabu Search,18,0
2654,Tabu Search,18,0
2655,Tabu Search,18,0
2656,Tabu Search,18,0
2657,Tabu Search,18,0
2658,Tabu Search,18,0
2659,Tabu Search,18,0
2660,Tabu Search,18,0
2661,Tabu Search,18,0
2662,Tabu Search,18,0
2663,Tabu Search,18,0
2664,Tabu Search,18,0
2665,Tabu Search,18,0
2666,Tabu Search,18,0
2667,Tabu Search,18,0
2668,Tabu Search,18,0
2669,Tabu Search,18,0
2670,Tabu Search,18,0
2671,Tabu Search,18,0
2672,Tabu Search,18,0
2673,Tabu Search,18,0
2674,Tabu Search,18,0
2675,Tabu Search,18,0
2676,Tabu Search,18,0
2677,Tabu Search,18,0
2678,Tabu Search,18,0
2679,Tabu Search,18,0
2680,Tabu Search,18,0
2681,Tabu Search,18,0
2682,Tabu Search,18,0
2683,Tabu Search,18,0
2684,Tabu Search,18,0
2685,Tabu Search,18,0
2686,Tabu Search,18,0
2687,Tabu Search,18,0
2688,Tabu Search,18,0
2689,Tabu Search,18,0
2690,Tabu Search,18,0
2691,Tabu Search,18,0
2692,Tabu Search,18,0
2693,Tabu Search,18,0
2694,Tabu Search,18,0
2695,Tabu Search,18,0
2696,Tabu Search,18,0
2697,Tabu Search,18,0
2698,Tabu Search,18,0
2699,Tabu Search,18,0
2700,Tabu Search,18,0
2701,Tabu Search,18,0
2702,Tabu Search,18,0
2703,Tabu Search,18,0
2704,Tabu Search,18,0
2705,Tabu Search,18,0
2706,Tabu Search,18,0
2707,Tabu Search,18,0
2708,Tabu Search,18,0
2709,Tabu Search,18,0
2710,Tabu Search,18,0
2711,Tabu Search,18,0
2712,Tabu Search,18,0
2713,Tabu Search,18,0
2714,Tabu Search,18,0
2715,Tabu Search,18,0
2716,Tabu Search,18,0
2717,Tabu Search,18,0
2718,Tabu Search,18,0
2719,Tabu Search,18,0
2720,Tabu Search,18,0
2721,Tabu Search,18,0
2722,Tabu Search,18,0
2723,Tabu Search,18,0
2724,Tabu Search,18,0
2725,Tabu Search,18,0
2726,Tabu Search,18,0
2727,Tabu Search,18,0
2728,Tabu Search,18,0
2729,Tabu Search,18,0
2730,Tabu Search,18,0
2731,Tabu Search,18,0
2732,Tabu Search,18,0
2733,Tabu Search,18,0
2734,Tabu Search,18,0
2735,Tabu Search,18,0
2736,Tabu Search,18,0
2737,Tabu Search,18,0
2738,Tabu Search,18,0
2739,Tabu Search,18,0
2740,Tabu Search,18,0
2741,Tabu Search,18,0
2742,Tabu Search,18,0
2743,Tabu Search,18,0
2744,Tabu Search,18,0
2745,Tabu Search,18,0
2746,Tabu Search,18,0
2747,Tabu Search,18,0
2748,Tabu Search,18,0
2749,Tabu Search,18,0
2750,Tabu Search,18,0
2751,Tabu Search,18,0
2752,Tabu Search,18,0
2753,Tabu Search,18,0
2754,Tabu Search,18,0
2755,Tabu Search,18,0
2756,Tabu Search,18,0
2757,Tabu Search,18,0
2758,Tabu Search,18,0
2759,Tabu Search,18,0
2760,Tabu Search,18,0
2761,Tabu Search,18,0
2762,Tabu Search,18,0
2763,Tabu Search,18,0
2764,Tabu Search,18,0
2765,Tabu Search,18,0
2766,Tabu Search,18,0
2767,Tabu Search,18,0
2768,Tabu Search,18,0
2769,Tabu Search,18,0
2770,Tabu Search,18,0
2771,Tabu Search,18,0
2772,Tabu Search,18,0
2773,Tabu Search,18,0
2774,Tabu Search,18,0
2775,Tabu Search,18,0
2776,Tabu Search,18,0
2777,Tabu Search,18,0
2778,Tabu Search,18,0
2779,Tabu Search,18,0
2780,Tabu Search,18,0
2781,Tabu Search,18,0
2782,Tabu Search,18,0
2783,Tabu Search,18,0
2784,Tabu Search,18,0
2785,Tabu Search,18,0
2786,Tabu Search,18,0
2787,Tabu Search,18,0
2788,Tabu Search,18,0
2789,Tabu Search,18,0
2790,Tabu Search,18,0
2791,Tabu Search,18,0
2792,Tabu Search,18,0
2793,Tabu Search,18,0
2794,Tabu Search,18,0
2795,Tabu Search,18,0
2796,Tabu Search,18,0
2797,Tabu Search,18,0
2798,Tabu Search,18,0
2799,Tabu Search,18,0
2800,Tabu Search,18,0
2801,Tabu Search,17,0
2802,Tabu Search,17,0
2803,Tabu Search,17,0
2804,Tabu Search,17,0
2805,Tabu Search,17,0
2806,Tabu Search,17,0
2807,Tabu Search,17,0
2808,Tabu Search,17,0
2809,Tabu Search,17,0
2810,Tabu Search,17,0
2811,Tabu Search,17,0
2812,Tabu Search,17,0
2813,Tabu Search,17,0
2814,Tabu Search,17,0
2815,Tabu Search,17,0
2816,Tabu Search,17,0
2817,Tabu Search,17,0
2818,Tabu Search,17,0
2819,Tabu Search,17,0
2820,Tabu Search,17,0
2821,Tabu Search,17,0
2822,Tabu Search,17,0
2823,Tabu Search,17,0
2824,Tabu Search,17,0
2825,Tabu Search,17,0
2826,Tabu Search,17,0
2827,Tabu Search,17,0
2828,Tabu Search,17,0
2829,Tabu Search,17,0
2830,Tabu Search,17,0
2831,Tabu Search,17,0
2832,Tabu Search,17,0
2833,Tabu Search,17,0
2834,Tabu Search,17,0
2835,Tabu Search,17,0
2836,Tabu Search,17,0
2837,Tabu Search,17,0
2838,Tabu Search,17,0
2839,Tabu Search,17,0
2840,Tabu Search,17,0
2841,Tabu Search,17,0
2842,Tabu Search,17,0
2843,Tabu Search,17,0
2844,Tabu Search,17,0
2845,Tabu Search,17,0
2846,Tabu Search,17,0
2847,Tabu Search,17,0
2848,Tabu Search,17,0
2849,Tabu Search,17,0
2850,Tabu Search,17,0
2851,Tabu Search,17,0
2852,Tabu Search,17,0
2853,Tabu Search,17,0
2854,Tabu Search,17,0
2855,Tabu Search,17,0
2856,Tabu Search,17,0
2857,Tabu Search,17,0
2858,Tabu Search,17,0
2859,Tabu Search,17,0
2860,Tabu Search,17,0
2861,Tabu Search,17,0
2862,Tabu Search,17,0
2863,Tabu Search,17,0
2864,Tabu Search,17,0
2865,Tabu Search,17,0
2866,Tabu Search,17,0
2867,Tabu Search,17,0
2868,Tabu Search,17,0
2869,Tabu Search,17,0
2870,Tabu Search,17,0
2871,Tabu Search,17,0
2872,Tabu Search,17,0
2873,Tabu Search,17,0
2874,Tabu Search,17,0
2875,Tabu Search,17,0
2876,Tabu Search,17,0
2877,Tabu Search,17,0
2878,Tabu Search,17,0
2879,Tabu Search,17,0
2880,Tabu Search,17,0
2881,Tabu Search,17,0
2882,Tabu Search,17,0
2883,Tabu Search,17,0
2884,Tabu Search,17,0
2885,Tabu Search,17,0
2886,Tabu Search,17,0
2887,Tabu Search,17,0
2888,Tabu Search,17,0
2889,Tabu Search,17,0
2890,Tabu Search,17,0
2891,Tabu Search,17,0
2892,Tabu Search,17,0
2893,Tabu Search,17,0
2894,Tabu Search,17,0
2895,Tabu Search,17,0
2896,Tabu Search,17,0
2897,Tabu Search,17,0
2898,Tabu Search,17,0
2899,Tabu Search,17,0
2900,Tabu Search,17,0
2901,Tabu Search,17,0
2902,Tabu Search,17,0
2903,Tabu Search,17,0
2904,Tabu Search,17,0
2905,Tabu Search,17,0
2906,Tabu Search,17,0
2907,Tabu Search,17,0
2908,Tabu Search,17,0
2909,Tabu Search,17,0
2910,Tabu Search,17,0
2911,Tabu Search,17,0
2912,Tabu Search,17,0
2913,Tabu Search,17,0
2914,Tabu Search,17,0
2915,Tabu Search,17,0
2916,Tabu Search,17,0
2917,Tabu Search,17,0
2918,Tabu Search,17,0
2919,Tabu Search,17,0
2920,Tabu Search,17,0
2921,Tabu Search,17,0
2922,Tabu Search,17,0
2923,Tabu Search,17,0
2924,Tabu Search,17,0
2925,Tabu Search,17,0
2926,Tabu Search,17,0
2927,Tabu Search,17,0
2928,Tabu Search,17,0
2929,Tabu Search,17,0
2930,Tabu Search,17,0
2931,Tabu Search,17,0
2932,Tabu Search,17,0
2933,Tabu Search,17,0
2934,Tabu Search,17,0
2935,Tabu Search,17,0
2936,Tabu Search,17,0
2937,Tabu Search,17,0
2938,Tabu Search,17,0
2939,Tabu Search,17,0
2940,Tabu Search,17,0
2941,Tabu Search,17,0
2942,Tabu Search,17,0
2943,Tabu Search,17,0
2944,Tabu Search,17,0
2945,Tabu Search,17,0
2946,Tabu Search,17,0
2947,Tabu Search,17,0
2948,Tabu Search,17,0
2949,Tabu Search,17,0
2950,Tabu Search,17,0
2951,Tabu Search,17,0
2952,Tabu Search,17,0
2953,Tabu Search,17,0
2954,Tabu Search,17,0
2955,Tabu Search,17,0
2956,Tabu Search,17,0
2957,Tabu Search,17,0
2958,Tabu Search,17,0
2959,Tabu Search,17,0
2960,Tabu Search,17,0
2961,Tabu Search,17,0
2962,Tabu Search,17,0
2963,Tabu Search,17,0
2964,Tabu Search,17,0
2965,Tabu Search,17,0
2966,Tabu Search,17,0
2967,Tabu Search,17,0
2968,Tabu Search,17,0
2969,Tabu Search,17,0
2970,Tabu Search,17,0
2971,Tabu Search,17,0
2972,Tabu Search,17,0
2973,Tabu Search,17,0
2974,Tabu Search,17,0
2975,Tabu Search,17,0
2976,Tabu Search,17,0
2977,Tabu Search,17,0
2978,Tabu Search,17,0
2979,Tabu Search,17,0
2980,Tabu Search,17,0
2981,Tabu Search,17,0
2982,Tabu Search,17,0
2983,Tabu Search,17,0
2984,Tabu Search,17,0
2985,Tabu Search,17,0
2986,Tabu Search,17,0
2987,Tabu Search,17,0
2988,Tabu Search,17,0
2989,Tabu Search,17,0
2990,Tabu Search,17,0
2991,Tabu Search,17,0
2992,Tabu Search,17,0
2993,Tabu Search,17,0
2994,Tabu Search,17,0
2995,Tabu Search,17,0
2996,Tabu Search,17,0
2997,Tabu Search,17,0
2998,Tabu Search,17,0
2999,Tabu Search,17,0
3000,Tabu Search,17,0
3001,Tabu Search,17,0
3002,Tabu Search,17,0
3003,Tabu Search,17,0
3004,Tabu Search,17,0
3005,Tabu Search,17,0
3006,Tabu Search,17,0
3007,Tabu Search,17,0
3008,Tabu Search,17,0
3009,Tabu Search,17,0
3010,Tabu Search,17,0
3011,Tabu Search,17,0
3012,Tabu Search,17,0
3013,Tabu Search,17,0
3014,Tabu Search,17,0
3015,Tabu Search,17,0
3016,Tabu Search,17,0
3017,Tabu Search,17,0
3018,Tabu Search,17,0
3019,Tabu Search,17,0
3020,Tabu Search,17,0
3021,Tabu Search,17,0
3022,Tabu Search,17,0
3023,Tabu Search,17,0
3024,Tabu Search,17,0
3025,Tabu Search,17,0
3026,Tabu Search,17,0
3027,Tabu Search,17,0
3028,Tabu Search,17,0
3029,Tabu Search,17,0
3030,Tabu Search,17,0
3031,Tabu Search,17,0
3032,Tabu Search,17,0
3033,Tabu Search,17,0
3034,Tabu Search,17,0
3035,Tabu Search,17,0
3036,Tabu Search,17,0
3037,Tabu Search,17,0
3038,Tabu Search,17,0
3039,Tabu Search,17,0
3040,Tabu Search,17,0
3041,Tabu Search,17,0
3042,Tabu Search,17,0
3043,Tabu Search,17,0
3044,Tabu Search,17,0
3045,Tabu Search,17,0
3046,Tabu Search,17,0
3047,Tabu Search,17,0
3048,Tabu Search,17,0
3049,Tabu Search,17,0
3050,Tabu Search,17,0
3051,Tabu Search,17,0
3052,Tabu Search,17,0
3053,Tabu Search,17,0
3054,Tabu Search,17,0
3055,Tabu Search,17,0
3056,Tabu Search,17,0
3057,Tabu Search,17,0
3058,Tabu Search,17,0
3059,Tabu Search,17,0
3060,Tabu Search,17,0
3061,Tabu Search,17,0
3062,Tabu Search,17,0
3063,Tabu Search,17,0
3064,Tabu Search,17,0
3065,Tabu Search,17,0
3066,Tabu Search,17,0
3067,Tabu Search,17,0
3068,Tabu Search,17,0
3069,Tabu Search,17,0
3070,Tabu Search,17,0
3071,Tabu Search,17,0
3072,Tabu Search,17,0
3073,Tabu Search,17,0
3074,Tabu Search,17,0
3075,Tabu Search,17,0
3076,Tabu Search,17,0
3077,Tabu Search,17,0
3078,Tabu Search,17,0
3079,Tabu Search,17,0
3080,Tabu Search,17,0
3081,Tabu Search,17,0
3082,Tabu Search,17,0
3083,Tabu Search,17,0
3084,Tabu Search,17,0
3085,Tabu Search,17,0
3086,Tabu Search,17,0
3087,Tabu Search,17,0
3088,Tabu Search,17,0
3089,Tabu Search,17,0
3090,Tabu Search,17,0
3091,Tabu Search,17,0
3092,Tabu Search,17,0
3093,Tabu Search,17,0
3094,Tabu Search,17,0
3095,Tabu Search,17,0
3096,Tabu Search,17,0
3097,Tabu Search,17,0
3098,Tabu Search,17,0
3099,Tabu Search,17,0
3100,Tabu Search,17,0
3101,Tabu Search,17,0
3102,Tabu Search,17,0
3103,Tabu Search,17,0
3104,Tabu Search,17,0
3105,Tabu Search,17,0
3106,Tabu Search,17,0
3107,Tabu Search,17,0
3108,Tabu Search,17,0
3109,Tabu Search,17,0
3110,Tabu Search,17,0
3111,Tabu Search,17,0
3112,Tabu Search,17,0
3113,Tabu Search,17,0
3114,Tabu Search,17,0
3115,Tabu Search,17,0
3116,Tabu Search,17,0
3117,Tabu Search,17,0
3118,Tabu Search,17,0
3119,Tabu Search,17,0
3120,Tabu Search,17,0
3121,Tabu Search,17,0
3122,Tabu Search,17,0
3123,Tabu Search,17,0
3124,Tabu Search,17,0
3125,Tabu Search,17,0
3126,Tabu Search,17,0
3127,Tabu Search,17,0
3128,Tabu Search,17,0
3129,Tabu Search,17,0
3130,Tabu Search,17,0
3131,Tabu Search,17,0
3132,Tabu Search,17,0
3133,Tabu Search,17,0
3134,Tabu Search,17,0
3135,Tabu Search,17,0
3136,Tabu Search,17,0
3137,Tabu Search,17,0
3138,Tabu Search,17,0
3139,Tabu Search,17,0
3140,Tabu Search,17,0
3141,Tabu Search,17,0
3142,Tabu Search,17,0
3143,Tabu Search,17,0
3144,Tabu Search,17,0
3145,Tabu Search,17,0
3146,Tabu Search,17,0
3147,Tabu Search,17,0
3148,Tabu Search,17,0
3149,Tabu Search,17,0
3150,Tabu Search,17,0
3151,Tabu Search,17,0
3152,Tabu Search,17,0
3153,Tabu Search,17,0
3154,Tabu Search,17,0
3155,Tabu Search,17,0
3156,Tabu Search,17,0
3157,Tabu Search,17,0
3158,Tabu Search,17,0
3159,Tabu Search,17,0
3160,Tabu Search,17,0
3161,Tabu Search,17,0
3162,Tabu Search,17,0
3163,Tabu Search,17,0
3164,Tabu Search,17,0
3165,Tabu Search,17,0
3166,Tabu Search,17,0
3167,Tabu Search,17,0
3168,Tabu Search,17,0
3169,Tabu Search,17,0
3170,Tabu Search,17,0
3171,Tabu Search,17,0
3172,Tabu Search,17,0
3173,Tabu Search,17,0
3174,Tabu Search,17,0
3175,Tabu Search,17,0
3176,Tabu Search,17,0
3177,Tabu Search,17,0
3178,Tabu Search,17,0
3179,Tabu Search,17,0
3180,Tabu Search,17,0
3181,Tabu Search,17,0
3182,Tabu Search,17,0
3183,Tabu Search,17,0
3184,Tabu Search,17,0
3185,Tabu Search,17,0
3186,Tabu Search,17,0
3187,Tabu Search,17,0
3188,Tabu Search,17,0
3189,Tabu Search,17,0
3190,Tabu Search,17,0
3191,Tabu Search,17,0
3192,Tabu Search,17,0
3193,Tabu Search,17,0
3194,Tabu Search,17,0
3195,Tabu Search,17,0
3196,Tabu Search,17,0
3197,Tabu Search,17,0
3198,Tabu Search,17,0
3199,Tabu Search,17,0
3200,Tabu Search,17,0
3201,Tabu Search,17,0
3202,Tabu Search,17,0
3203,Tabu Search,17,0
3204,Tabu Search,17,0
3205,Tabu Search,17,0
3206,Tabu Search,17,0
3207,Tabu Search,17,0
3208,Tabu Search,17,0
3209,Tabu Search,17,0
3210,Tabu Search,17,0
3211,Tabu Search,17,0
3212,Tabu Search,17,0
3213,Tabu Search,17,0
3214,Tabu Search,17,0
3215,Tabu Search,17,0
3216,Tabu Search,17,0
3217,Tabu Search,17,0
3218,Tabu Search,17,0
3219,Tabu Search,17,0
3220,Tabu Search,17,0
3221,Tabu Search,17,0
3222,Tabu Search,17,0
3223,Tabu Search,17,0
3224,Tabu Search,17,0
3225,Tabu Search,17,0
3226,Tabu Search,17,0
3227,Tabu Search,17,0
3228,Tabu Search,17,0
3229,Tabu Search,17,0
3230,Tabu Search,17,0
3231,Tabu Search,17,0
3232,Tabu Search,17,0
3233,Tabu Search,17,0
3234,Tabu Search,17,0
3235,Tabu Search,17,0
3236,Tabu Search,17,0
3237,Tabu Search,17,0
3238,Tabu Search,17,0
3239,Tabu Search,17,0
3240,Tabu Search,17,0
3241,Tabu Search,17,0
3242,Tabu Search,17,0
3243,Tabu Search,17,0
3244,Tabu Search,17,0
3245,Tabu Search,17,0
3246,Tabu Search,17,0
3247,Tabu Search,17,0
3248,Tabu Search,17,0
3249,Tabu Search,17,0
3250,Tabu Search,17,0
3251,Tabu Search,17,0
3252,Tabu Search,17,0
3253,Tabu Search,17,0
3254,Tabu Search,17,0
3255,Tabu Search,17,0
3256,Tabu Search,17,0
3257,Tabu Search,17,0
3258,Tabu Search,17,0
3259,Tabu Search,17,0
3260,Tabu Search,17,0
3261,Tabu Search,17,0
3262,Tabu Search,17,0
3263,Tabu Search,17,0
3264,Tabu Search,17,0
3265,Tabu Search,17,0
3266,Tabu Search,17,0
3267,Tabu Search,17,0
3268,Tabu Search,17,0
3269,Tabu Search,17,0
3270,Tabu Search,17,0
3271,Tabu Search,17,0
3272,Tabu Search,17,0
3273,Tabu Search,17,0
3274,Tabu Search,17,0
3275,Tabu Search,17,0
3276,Tabu Search,17,0
3277,Tabu Search,17,0
3278,Tabu Search,17,0
3279,Tabu Search,17,0
3280,Tabu Search,17,0
3281,Tabu Search,17,0
3282,Tabu Search,17,0
3283,Tabu Search,17,0
3284,Tabu Search,17,0
3285,Tabu Search,17,0
3286,Tabu Search,17,0
3287,Tabu Search,17,0
3288,Tabu Search,17,0
3289,Tabu Search,17,0
3290,Tabu Search,17,0
3291,Tabu Search,17,0
3292,Tabu Search,17,0
3293,Tabu Search,17,0
3294,Tabu Search,17,0
3295,Tabu Search,17,0
3296,Tabu Search,17,0
3297,Tabu Search,17,0
3298,Tabu Search,17,0
3299,Tabu Search,17,0
3300,Tabu Search,17,0
3301,Tabu Search,17,0
3302,Tabu Search,25,8460
3303,Tabu Search,25,8335
3304,Tabu Search,24,8210
3305,Tabu Search,25,8084
3306,Tabu Search,26,7949
3307,Tabu Search,27,7828
3308,Tabu Search,27,7707
3309,Tabu Search,27,7592
3310,Tabu Search,27,7480
3311,Tabu Search,27,7358
3312,Tabu Search,27,7236
3313,Tabu Search,27,7122
3314,Tabu Search,27,6993
3315,Tabu Search,26,6873
3316,Tabu Search,26,6762
3317,Tabu Search,27,6637
3318,Tabu Search,26,6520
3319,Tabu Search,26,6403
3320,Tabu Search,25,6291
3321,Tabu Search,25,6168
3322,Tabu Search,25,6038
3323,Tabu Search,25,5922
3324,Tabu Search,26,5801
3325,Tabu Search,27,5687
3326,Tabu Search,26,5575
3327,Tabu Search,26,5460
3328,Tabu Search,26,5351
3329,Tabu Search,26,5235
3330,Tabu Search,26,5124
3331,Tabu Search,26,5004
3332,Tabu Search,26,4889
3333,Tabu Search,25,4772
3334,Tabu Search,26,4657
3335,Tabu Search,26,4563
3336,Tabu Search,25,4460
3337,Tabu Search,26,4357
3338,Tabu Search,26,4242
3339,Tabu Search,25,4162
3340,Tabu Search,26,4047
3341,Tabu Search,26,3942
3342,Tabu Search,26,3828
3343,Tabu Search,26,3721
3344,Tabu Search,26,3616
3345,Tabu Search,25,3505
3346,Tabu Search,25,3423
3347,Tabu Search,25,3316
3348,Tabu Search,25,3207
3349,Tabu Search,26,3127
3350,Tabu Search,25,3054
3351,Tabu Search,26,2993
3352,Tabu Search,26,2914
3353,Tabu Search,26,2858
3354,Tabu Search,26,2767
3355,Tabu Search,26,2721
3356,Tabu Search,26,2646
3357,Tabu Search,26,2538
3358,Tabu Search,26,2462
3359,Tabu Search,26,2409
3360,Tabu Search,26,2353
3361,Tabu Search,26,2299
3362,Tabu Search,26,2207
3363,Tabu Search,27,2144
3364,Tabu Search,27,2069
3365,Tabu Search,27,1994
3366,Tabu Search,27,1945
3367,Tabu Search,27,1895
3368,Tabu Search,27,1848
3369,Tabu Search,27,1791
3370,Tabu Search,27,1739
3371,Tabu Search,27,1687
3372,Tabu Search,27,1638
3373,Tabu Search,27,1586
3374,Tabu Search,27,1538
3375,Tabu Search,27,1489
3376,Tabu Search,27,1442
3377,Tabu Search,27,1377
3378,Tabu Search,27,1322
3379,Tabu Search,27,1276
3380,Tabu Search,27,1221
3381,Tabu Search,27,1173
3382,Tabu Search,27,1120
3383,Tabu Search,26,1073
3384,Tabu Search,26,1021
3385,Tabu Search,26,972
3386,Tabu Search,26,930
3387,Tabu Search,26,881
3388,Tabu Search,26,826
3389,Tabu Search,26,778
3390,Tabu Search,26,733
3391,Tabu Search,26,692
3392,Tabu Search,27,648
3393,Tabu Search,27,607
3394,Tabu Search,28,565
3395,Tabu Search,28,535
3396,Tabu Search,28,489
3397,Tabu Search,28,445
3398,Tabu Search,28,398
3399,Tabu Search,28,354
3400,Tabu Search,28,311
3401,Tabu Search,29,270
3402,Tabu Search,29,226
3403,Tabu Search,29,189
3404,Tabu Search,30,153
3405,Tabu Search,30,149
3406,Tabu Search,30,118
3407,Tabu Search,30,80
3408,Tabu Search,30,62
3409,Tabu Search,30,39
3410,Tabu Search,30,37
3411,Tabu Search,30,33
3412,Tabu Search,30,30
3413,Tabu Search,30,26
3414,Tabu Search,31,24
3415,Tabu Search,31,24
3416,Tabu Search,31,23
3417,Tabu Search,31,23
3418,Tabu Search,31,23
3419,Tabu Search,31,23
3420,Tabu Search,31,22
3421,Tabu Search,31,22
3422,Tabu Search,31,21
3423,Tabu Search,31,21
3424,Tabu Search,31,21
3425,Tabu Search,31,8
3426,Tabu Search,31,8
3427,Tabu Search,31,7
3428,Tabu Search,31,7
3429,Tabu Search,31,7
3430,Tabu Search,31,7
3431,Tabu Search,31,7
3432,Tabu Search,31,7
3433,Tabu Search,31,7
3434,Tabu Search,31,7
3435,Tabu Search,31,7
3436,Tabu Search,31,2
3437,Tabu Search,31,2
3438,Tabu Search,31,2
3439,Tabu Search,31,2
3440,Tabu Search,31,2
3441,Tabu Search,31,2
3442,Tabu Search,31,2
3443,Tabu Search,31,2
3444,Tabu Search,31,2
3445,Tabu Search,31,2
3446,Tabu Search,31,2
3447,Tabu Search,31,2
3448,Tabu Search,31,2
3449,Tabu Search,31,2
3450,Tabu Search,31,2
3451,Tabu Search,31,2
3452,Tabu Search,31,2
3453,Tabu Search,30,2
3454,Tabu Search,30,2
3455,Tabu Search,30,2
3456,Tabu Search,30,2
3457,Tabu Search,30,2
3458,Tabu Search,30,2
3459,Tabu Search,30,2
3460,Tabu Search,30,2
3461,Tabu Search,30,2
3462,Tabu Search,30,2
3463,Tabu Search,30,2
3464,Tabu Search,30,2
3465,Tabu Search,30,2
3466,Tabu Search,30,2
3467,Tabu Search,30,2
3468,Tabu Search,30,2
3469,Tabu Search,30,2
3470,Tabu Search,30,2
3471,Tabu Search,30,2
3472,Tabu Search,30,2
3473,Tabu Search,30,2
3474,Tabu Search,30,2
3475,Tabu Search,30,2
3476,Tabu Search,30,2
3477,Tabu Search,30,2
3478,Tabu Search,30,2
3479,Tabu Search,30,2
3480,Tabu Search,30,2
3481,Tabu Search,30,2
3482,Tabu Search,30,2
3483,Tabu Search,30,2
3484,Tabu Search,30,2
3485,Tabu Search,30,2
3486,Tabu Search,30,2
3487,Tabu Search,30,2
3488,Tabu Search,30,2
3489,Tabu Search,30,2
3490,Tabu Search,30,2
3491,Tabu Search,30,2
3492,Tabu Search,30,2
3493,Tabu Search,30,2
3494,Tabu Search,30,2
3495,Tabu Search,30,2
3496,Tabu Search,30,2
3497,Tabu Search,30,2
3498,Tabu Search,30,2
3499,Tabu Search,30,2
3500,Tabu Search,30,2
3501,Tabu Search,30,2
3502,Tabu Search,30,2
3503,Tabu Search,30,2
3504,Tabu Search,30,2
3505,Tabu Search,30,2
3506,Tabu Search,30,2
3507,Tabu Search,30,2
3508,Tabu Search,30,2
3509,Tabu Search,29,2
3510,Tabu Search,29,2
3511,Tabu Search,29,2
3512,Tabu Search,29,2
3513,Tabu Search,29,2
3514,Tabu Search,29,2
3515,Tabu Search,29,2
3516,Tabu Search,29,2
3517,Tabu Search,29,2
3518,Tabu Search,29,2
3519,Tabu Search,29,2
3520,Tabu Search,29,2
3521,Tabu Search,29,2
3522,Tabu Search,29,2
3523,Tabu Search,29,2
3524,Tabu Search,29,2
3525,Tabu Search,29,2
3526,Tabu Search,29,2
3527,Tabu Search,29,2
3528,Tabu Search,29,2
3529,Tabu Search,29,2
3530,Tabu Search,29,2
3531,Tabu Search,29,2
3532,Tabu Search,29,2
3533,Tabu Search,29,2
3534,Tabu Search,29,2
3535,Tabu Search,29,2
3536,Tabu Search,29,2
3537,Tabu Search,29,2
3538,Tabu Search,29,2
3539,Tabu Search,29,2
3540,Tabu Search,29,2
3541,Tabu Search,29,2
3542,Tabu Search,29,2
3543,Tabu Search,29,2
3544,Tabu Search,29,2
3545,Tabu Search,29,2
3546,Tabu Search,29,2
3547,Tabu Search,29,2
3548,Tabu Search,29,2
3549,Tabu Search,29,2
3550,Tabu Search,29,2
3551,Tabu Search,29,2
3552,Tabu Search,29,2
3553,Tabu Search,29,2
3554,Tabu Search,29,2
3555,Tabu Search,29,2
3556,Tabu Search,29,2
3557,Tabu Search,29,2
3558,Tabu Search,29,2
3559,Tabu Search,29,2
3560,Tabu Search,29,2
3561,Tabu Search,29,2
3562,Tabu Search,29,2
3563,Tabu Search,29,2
3564,Tabu Search,29,2
3565,Tabu Search,29,2
3566,Tabu Search,29,2
3567,Tabu Search,29,2
3568,Tabu Search,29,2
3569,Tabu Search,29,2
3570,Tabu Search,29,2
3571,Tabu Search,29,2
3572,Tabu Search,29,2
3573,Tabu Search,29,2
3574,Tabu Search,29,2
3575,Tabu Search,29,2
3576,Tabu Search,29,2
3577,Tabu Search,29,2
3578,Tabu Search,29,2
3579,Tabu Search,29,2
3580,Tabu Search,29,2
3581,Tabu Search,29,2
3582,Tabu Search,29,2
3583,Tabu Search,29,2
3584,Tabu Search,29,2
3585,Tabu Search,29,2
3586,Tabu Search,29,2
3587,Tabu Search,29,2
3588,Tabu Search,29,2
3589,Tabu Search,29,2
3590,Tabu Search,29,2
3591,Tabu Search,29,2
3592,Tabu Search,29,2
3593,Tabu Search,29,2
3594,Tabu Search,29,2
3595,Tabu Search,29,2
3596,Tabu Search,29,2
3597,Tabu Search,29,2
3598,Tabu Search,29,2
3599,Tabu Search,29,2
3600,Tabu Search,29,2
3601,Tabu Search,29,2
3602,Tabu Search,29,2
3603,Tabu Search,29,2
3604,Tabu Search,29,2
3605,Tabu Search,29,2
3606,Tabu Search,29,2
3607,Tabu Search,29,2
3608,Tabu Search,29,2
3609,Tabu Search,29,2
3610,Tabu Search,29,2
3611,Tabu Search,29,2
3612,Tabu Search,29,2
3613,Tabu Search,29,2
3614,Tabu Search,29,2
3615,Tabu Search,29,2
3616,Tabu Search,29,2
3617,Tabu Search,29,2
3618,Tabu Search,29,2
3619,Tabu Search,29,2
3620,Tabu Search,29,2
